epoch,batch,loss,grad_norm
0,0,1.3027830123901367,3.4103505611419678
0,1,1.2685104608535767,1.3444575071334839
0,2,1.1710755825042725,1.426217794418335
0,3,1.0629557371139526,1.2190240621566772
0,4,1.1387006044387817,1.0944639444351196
0,5,0.7619805335998535,1.7902218103408813
0,6,0.8759098052978516,0.9617680907249451
0,7,0.7965887188911438,1.052687406539917
0,8,0.8931329846382141,1.1062966585159302
0,9,0.7015510201454163,0.789068341255188
0,10,0.8102749586105347,1.2578243017196655
0,11,0.8350964188575745,1.2692196369171143
0,12,0.9923542737960815,1.9158602952957153
0,13,0.6777967810630798,0.7395737767219543
0,14,0.9532362818717957,1.2973830699920654
0,15,0.7858923673629761,0.9223451614379883
0,16,1.1237013339996338,1.7345705032348633
0,17,0.7990585565567017,2.2534146308898926
0,18,0.627334475517273,3.561491012573242
0,19,0.842815101146698,2.3323702812194824
0,20,0.8021405935287476,1.6767128705978394
0,21,0.8327630758285522,1.08408784866333
0,22,0.9451455473899841,1.8284037113189697
0,23,0.7287240028381348,0.8292093873023987
0,24,0.8930113911628723,1.5165464878082275
0,25,0.7239401340484619,1.3756446838378906
0,26,0.980868935585022,2.49831485748291
0,27,0.7734798192977905,1.3899524211883545
0,28,1.0368549823760986,1.8013720512390137
0,29,0.662203311920166,2.5815653800964355
0,30,1.0175259113311768,1.6145509481430054
0,31,0.9208543300628662,2.644533395767212
0,32,0.8679792881011963,2.53902268409729
0,33,0.7551510334014893,2.9032442569732666
0,34,0.7296727895736694,2.766944169998169
0,35,0.7558560967445374,1.4540002346038818
0,36,0.7117367386817932,0.9827249050140381
0,37,0.7787099480628967,1.5065933465957642
0,38,0.5753024220466614,1.4848814010620117
0,39,0.7281492948532104,2.163280725479126
0,40,0.5948613882064819,1.1919946670532227
0,41,1.35625159740448,6.783003330230713
0,42,0.6150079965591431,2.06307053565979
0,43,0.7606900334358215,2.197713613510132
0,44,0.38788488507270813,3.277040481567383
0,45,0.4994618594646454,2.1492981910705566
0,46,0.45312827825546265,3.431685447692871
0,47,0.5669932961463928,2.5761325359344482
0,48,0.44092732667922974,1.7217878103256226
0,49,0.42221981287002563,2.0243828296661377
0,50,0.6541001200675964,3.96169114112854
0,51,0.8457998633384705,3.918095588684082
0,52,0.40969207882881165,1.697108268737793
0,53,0.7306411862373352,3.9185006618499756
0,54,0.3020092248916626,3.1817069053649902
0,55,0.40044668316841125,3.3704028129577637
0,56,0.28499189019203186,6.057887554168701
0,57,0.5176938772201538,6.796772003173828
0,58,0.398344486951828,3.2997303009033203
0,59,0.32104507088661194,2.7084426879882812
0,60,0.41671285033226013,5.387207508087158
0,61,0.5789000391960144,7.3878865242004395
0,62,0.371110737323761,3.744234800338745
0,63,0.3984191119670868,6.611320495605469
0,64,0.3230360746383667,4.2083001136779785
0,65,0.4631352126598358,3.4829654693603516
0,66,0.368379682302475,2.8170769214630127
0,67,0.8612610697746277,5.932125091552734
0,68,0.14354749023914337,4.072304725646973
0,69,0.5362168550491333,4.252115249633789
0,70,0.2865389585494995,4.451639652252197
0,71,0.388869047164917,6.651706695556641
0,72,0.3687894344329834,8.441777229309082
0,73,0.43207797408103943,6.8312177658081055
0,74,0.4289717674255371,6.209132671356201
0,75,0.2930101454257965,7.08499002456665
0,76,0.21666930615901947,2.1015195846557617
0,77,0.49134504795074463,1.9147740602493286
0,78,0.2339811474084854,1.6899956464767456
0,79,0.17175081372261047,6.875105381011963
0,80,0.16479621827602386,3.2997071743011475
0,81,0.33266937732696533,3.4011523723602295
0,82,0.27042046189308167,4.592275142669678
0,83,0.1287619024515152,5.866875171661377
0,84,0.3300788104534149,9.45956039428711
0,85,0.32875627279281616,9.90198802947998
0,86,0.36235782504081726,7.76258659362793
0,87,0.3106495440006256,1.728319525718689
0,88,0.2148752063512802,3.660125970840454
0,89,0.4238770604133606,3.837942600250244
0,90,0.216575488448143,2.6451544761657715
0,91,0.7194617390632629,4.622036457061768
0,92,0.1623411625623703,1.2601597309112549
0,93,0.05867190659046173,1.0959912538528442
0,94,0.4139862358570099,3.3598852157592773
0,95,0.20946447551250458,2.4792163372039795
0,96,0.4402267336845398,2.9240291118621826
0,97,0.35235634446144104,2.3779525756835938
0,98,0.29060760140419006,10.511221885681152
0,99,0.13701309263706207,9.94721508026123
0,100,0.6477076411247253,6.066654205322266
0,101,0.14781488478183746,16.994979858398438
0,102,0.09000299125909805,2.4709086418151855
0,103,0.2668217122554779,3.243894577026367
0,104,0.5171340107917786,4.355156421661377
0,105,0.19750873744487762,3.545311689376831
0,106,0.11733333766460419,7.284605979919434
0,107,0.1490449458360672,1.7505817413330078
0,108,0.25822553038597107,3.1487183570861816
0,109,0.31800156831741333,2.089020013809204
0,110,0.18715056777000427,6.952528953552246
0,111,0.21563619375228882,14.189960479736328
0,112,0.4407215118408203,3.9224002361297607
0,113,0.20086902379989624,21.47309112548828
0,114,0.5146452784538269,12.158135414123535
0,115,0.11679061502218246,26.275114059448242
0,116,0.23226340115070343,21.500024795532227
0,117,0.31317073106765747,23.406879425048828
0,118,0.2532750368118286,6.507040977478027
0,119,0.06919669359922409,3.8456153869628906
0,120,0.17749148607254028,3.4847023487091064
0,121,0.03474590182304382,0.7832685112953186
0,122,0.25426313281059265,3.557889699935913
0,123,0.2040112465620041,2.8661980628967285
0,124,0.22176718711853027,2.6324753761291504
0,125,0.025109073147177696,0.6874787211418152
0,126,0.1949823796749115,2.9214961528778076
0,127,0.18298842012882233,1.0997980833053589
0,128,0.13634155690670013,20.184017181396484
0,129,0.18921193480491638,14.083233833312988
0,130,0.4656538665294647,53.75931167602539
0,131,0.24551311135292053,31.75377082824707
0,132,0.21446725726127625,42.27635192871094
0,133,0.042190443724393845,8.026554107666016
0,134,0.25012561678886414,24.61092185974121
0,135,0.14570556581020355,1.9084901809692383
0,136,0.13909363746643066,2.6725752353668213
0,137,0.603527843952179,3.1559157371520996
0,138,0.5284050107002258,13.028595924377441
0,139,0.449377179145813,2.083116292953491
0,140,0.3225227892398834,3.4442532062530518
0,141,0.08291751146316528,8.493611335754395
0,142,0.060973506420850754,2.342522382736206
0,143,0.23031049966812134,7.5896453857421875
0,144,0.2627902030944824,2.0698070526123047
0,145,0.13793545961380005,1.8257876634597778
0,146,0.35931023955345154,6.546103000640869
0,147,0.167043074965477,1.9124773740768433
0,148,0.3452345132827759,2.914747953414917
0,149,0.1623067557811737,1.8638405799865723
0,150,0.16261252760887146,1.9354114532470703
0,151,0.42948928475379944,5.377439022064209
0,152,0.1510303020477295,1.3962641954421997
0,153,0.306916207075119,4.237165451049805
0,154,0.18905285000801086,2.737637758255005
0,155,0.18581317365169525,2.9614064693450928
0,156,0.1656947284936905,1.6205337047576904
0,157,0.23681622743606567,4.459758758544922
0,158,0.1420554518699646,1.8638631105422974
0,159,0.05089626461267471,2.802955150604248
0,160,0.3333936333656311,3.7668583393096924
0,161,0.23890256881713867,2.0223217010498047
0,162,0.5682735443115234,3.6888411045074463
0,163,0.15245723724365234,9.603255271911621
0,164,0.20171578228473663,6.397280693054199
0,165,0.22512286901474,19.559160232543945
0,166,0.24207714200019836,26.80265235900879
0,167,0.3825507164001465,30.693008422851562
0,168,0.614597737789154,6.580287456512451
0,169,0.16915494203567505,0.9555143713951111
0,170,0.033585481345653534,0.861214816570282
0,171,0.026347879320383072,0.6832762956619263
0,172,0.10917509347200394,5.197033405303955
0,173,0.3025924265384674,2.348332166671753
0,174,0.03989154472947121,3.932009220123291
0,175,0.42216068506240845,15.480006217956543
0,176,0.03089408203959465,9.258421897888184
0,177,0.43748319149017334,2.0147624015808105
0,178,0.32298821210861206,5.539083003997803
0,179,0.25961190462112427,6.450783729553223
0,180,0.03546610102057457,1.329569935798645
0,181,0.05932454764842987,12.359085083007812
0,182,0.4183141589164734,6.361548900604248
0,183,0.18830855190753937,2.704824209213257
0,184,0.3681439459323883,29.587636947631836
0,185,0.08716823905706406,9.977314949035645
0,186,0.20086978375911713,10.581995964050293
0,187,0.7112674713134766,10.078083038330078
0,188,0.26260942220687866,1.871385931968689
0,189,0.16998060047626495,0.4864484667778015
0,190,0.26762092113494873,2.4303207397460938
0,191,0.042270950973033905,0.6855282783508301
0,192,0.25150632858276367,2.247218370437622
0,193,0.5479592680931091,3.447805404663086
0,194,0.03650180250406265,0.6283556222915649
0,195,0.04403313249349594,1.1945449113845825
0,196,0.4015882909297943,3.890003204345703
0,197,0.02415122464299202,0.4850437045097351
0,198,0.2869589626789093,1.921931266784668
0,199,0.016219612210989,0.33420097827911377
0,200,0.33821341395378113,3.177382707595825
0,201,0.1565464287996292,0.774091362953186
0,202,0.015257577411830425,0.37032848596572876
0,203,0.37383028864860535,6.5380330085754395
0,204,0.18696393072605133,0.5309845805168152
0,205,0.6183185577392578,5.524124622344971
0,206,0.1313612461090088,0.9773253798484802
0,207,0.21411193907260895,50.250518798828125
0,208,0.1683693826198578,1.3591629266738892
0,209,0.1430731564760208,12.956518173217773
0,210,0.1539798378944397,3.9436838626861572
0,211,0.3204134404659271,48.92005157470703
0,212,0.2190382182598114,45.03404998779297
0,213,0.25027701258659363,2.5510265827178955
0,214,0.09805300086736679,34.308204650878906
0,215,0.29058656096458435,40.72825622558594
0,216,0.07451442629098892,3.8447744846343994
0,217,0.07344821840524673,11.53936767578125
0,218,0.0909656286239624,19.189878463745117
0,219,0.3095410466194153,24.31097412109375
0,220,0.31384047865867615,5.819766044616699
0,221,0.4967978000640869,5.4235711097717285
0,222,0.43822818994522095,18.43845558166504
0,223,0.05704832822084427,1.646487832069397
0,224,0.20682691037654877,1.569944977760315
0,225,0.23256216943264008,7.0910234451293945
0,226,0.05436469987034798,4.302550315856934
0,227,0.25962623953819275,2.2844345569610596
0,228,0.40870609879493713,1.738541841506958
0,229,0.025108762085437775,0.39506450295448303
0,230,0.02449033409357071,0.4351607859134674
0,231,0.5817036032676697,2.65669584274292
0,232,0.4047340750694275,2.0918688774108887
0,233,0.2956816554069519,1.4551701545715332
0,234,0.1544891595840454,2.774325370788574
0,235,0.2545972466468811,1.7693934440612793
0,236,0.059990618377923965,1.023909091949463
0,237,0.0635601282119751,1.5067765712738037
0,238,0.061157651245594025,1.6885367631912231
0,239,0.6804617047309875,2.668853759765625
0,240,0.24991337954998016,11.54728889465332
0,241,0.18078409135341644,0.5480783581733704
0,242,0.035566169768571854,0.5320238471031189
0,243,0.4331950843334198,1.3804324865341187
0,244,0.18895076215267181,0.5106032490730286
0,245,0.42001140117645264,15.49223804473877
0,246,0.04114127159118652,0.8695587515830994
0,247,0.1427949070930481,0.7304137349128723
0,248,0.04470919817686081,4.142483711242676
0,249,0.29186129570007324,1.0006684064865112
0,250,0.5626704096794128,2.001131296157837
0,251,0.29953083395957947,0.8603760004043579
0,252,0.16243399679660797,1.4369455575942993
0,253,0.14741769433021545,1.1151686906814575
0,254,0.17826907336711884,0.9624638557434082
0,255,0.28906646370887756,0.6398937106132507
0,256,0.07867587357759476,1.2344191074371338
0,257,0.1965339034795761,2.1856420040130615
0,258,0.2713909447193146,1.8012510538101196
0,259,0.05752556025981903,1.0822455883026123
0,260,0.27330541610717773,1.9326444864273071
0,261,0.1798071563243866,0.6933823823928833
0,262,0.5244066119194031,34.10305404663086
0,263,0.22962361574172974,38.009803771972656
0,264,0.20515388250350952,0.6666222810745239
0,265,0.1732262670993805,1.5509493350982666
0,266,0.16148149967193604,6.048959732055664
0,267,0.17811867594718933,0.5292668342590332
0,268,0.28461501002311707,1.3477426767349243
0,269,0.3044204115867615,1.0447916984558105
0,270,0.33119499683380127,0.8947048187255859
0,271,0.036493148654699326,0.5201404094696045
0,272,0.04552878811955452,0.6246853470802307
0,273,0.04879189655184746,1.141744613647461
0,274,0.18003833293914795,3.6311447620391846
0,275,0.1605299860239029,0.379206120967865
0,276,0.1715012937784195,15.333051681518555
0,277,0.15062910318374634,0.8821765780448914
0,278,0.03492744266986847,0.49104931950569153
0,279,0.30715495347976685,0.8784725069999695
0,280,0.2709502875804901,1.39171302318573
0,281,0.3842405676841736,3.2371835708618164
0,282,0.40489259362220764,1.5970094203948975
0,283,0.25178006291389465,5.1227922439575195
0,284,0.16537170112133026,0.6867278218269348
0,285,0.5305335521697998,1.743903398513794
0,286,0.1880365014076233,1.0218080282211304
0,287,0.08615662157535553,1.7823398113250732
0,288,0.4489222466945648,83.93938446044922
0,289,0.3093239963054657,65.78640747070312
0,290,0.18392576277256012,1.901539921760559
0,291,0.4807840585708618,114.2630386352539
0,292,0.1680627465248108,0.7869356870651245
0,293,0.49584102630615234,7.144893169403076
0,294,0.16636677086353302,1.0406196117401123
0,295,0.11395734548568726,7.0763840675354
0,296,0.2369481772184372,0.9435258507728577
0,297,0.2625288963317871,1.2492531538009644
0,298,0.03851109743118286,0.663978636264801
0,299,0.14925089478492737,0.6037761569023132
0,300,0.1787637621164322,0.535499095916748
0,301,0.18244388699531555,0.48966512084007263
0,302,0.028737295418977737,0.39598366618156433
0,303,0.028236612677574158,0.4723281264305115
0,304,0.2695370614528656,1.1312229633331299
0,305,0.1586860865354538,0.464581698179245
0,306,0.2504146993160248,4.767391204833984
0,307,0.25295862555503845,5.668185710906982
0,308,0.026528334245085716,0.5597059726715088
0,309,0.028000138700008392,0.7131240367889404
1,0,0.20120574533939362,40.865867614746094
1,1,0.02022768184542656,0.6595408916473389
1,2,0.09235578775405884,19.43731117248535
1,3,0.09162269532680511,18.879650115966797
1,4,0.2985030710697174,4.162813663482666
1,5,0.3912562429904938,1.4048001766204834
1,6,0.3288329243659973,1.3772059679031372
1,7,0.14054471254348755,10.758888244628906
1,8,0.06851892918348312,39.60185623168945
1,9,0.03033716045320034,2.0459883213043213
1,10,0.327937513589859,9.58873462677002
1,11,0.17590923607349396,1.41485595703125
1,12,0.029440540820360184,0.8670409321784973
1,13,0.3158494234085083,1.537774682044983
1,14,0.5598185062408447,5.904741287231445
1,15,0.1678711175918579,2.639587640762329
1,16,0.15744353830814362,0.5997207760810852
1,17,0.03540905565023422,0.5318872928619385
1,18,0.16984708607196808,0.5796390771865845
1,19,0.31851205229759216,0.9982582926750183
1,20,0.3362570106983185,9.597450256347656
1,21,0.07572919875383377,11.804759979248047
1,22,0.3488052487373352,2.130490779876709
1,23,0.061484768986701965,1.143158197402954
1,24,0.19631721079349518,0.979284405708313
1,25,0.190883606672287,0.7301874756813049
1,26,0.16227827966213226,0.8100802898406982
1,27,0.04166087880730629,0.5781615376472473
1,28,0.3555665910243988,10.522555351257324
1,29,0.0224154070019722,0.315175324678421
1,30,0.17547990381717682,0.5739352107048035
1,31,0.0425216369330883,21.29060935974121
1,32,0.18141920864582062,0.6607980132102966
1,33,0.4235811233520508,9.352699279785156
1,34,0.1873120367527008,0.6690823435783386
1,35,0.017894437536597252,2.888282299041748
1,36,0.1717938333749771,0.6671130657196045
1,37,0.5993035435676575,2.0641443729400635
1,38,0.4202869236469269,8.862207412719727
1,39,0.4459741413593292,11.9539155960083
1,40,0.4091476798057556,1.1626625061035156
1,41,0.271778404712677,0.9703034162521362
1,42,0.18077853322029114,1.8953139781951904
1,43,0.1831393837928772,1.968324899673462
1,44,0.18808908760547638,0.7998923659324646
1,45,0.3065451681613922,0.649666965007782
1,46,0.18408851325511932,0.7121052742004395
1,47,0.08638337254524231,23.311431884765625
1,48,0.13484494388103485,3.6016292572021484
1,49,0.2601391077041626,0.6078933477401733
1,50,0.29136696457862854,0.49738171696662903
1,51,0.15762068331241608,0.40691065788269043
1,52,0.16808933019638062,0.38334721326828003
1,53,0.13561402261257172,3.7438533306121826
1,54,0.19695693254470825,6.856461048126221
1,55,0.14595715701580048,0.4596421718597412
1,56,0.15000700950622559,0.3104492723941803
1,57,0.13961608707904816,0.3014706075191498
1,58,0.3889571726322174,16.085649490356445
1,59,0.16665396094322205,0.36590325832366943
1,60,0.30443212389945984,5.195034027099609
1,61,0.13036076724529266,1.3483754396438599
1,62,0.03329603374004364,0.49405810236930847
1,63,0.17045512795448303,4.0066633224487305
1,64,0.18155613541603088,26.69328498840332
1,65,0.0369420051574707,6.929262161254883
1,66,0.20194953680038452,21.52063751220703
1,67,0.3230668902397156,5.843400001525879
1,68,0.02390781044960022,0.4606948792934418
1,69,0.022233983501791954,0.5375838875770569
1,70,0.016957152634859085,0.2585733234882355
1,71,0.4627017080783844,6.978522777557373
1,72,0.01203181967139244,0.18135207891464233
1,73,0.18283876776695251,14.61348819732666
1,74,0.33598610758781433,1.0669173002243042
1,75,0.011590147390961647,0.33138057589530945
1,76,0.16125105321407318,1.5471165180206299
1,77,0.18845759332180023,0.738982617855072
1,78,0.18242326378822327,0.591240644454956
1,79,0.014794993214309216,0.6889806985855103
1,80,0.46884557604789734,1.438868522644043
1,81,0.021249033510684967,0.5042020082473755
1,82,0.030601561069488525,0.5724039077758789
1,83,0.14712412655353546,9.065045356750488
1,84,0.16134069859981537,0.43259432911872864
1,85,0.15391215682029724,1.0741312503814697
1,86,0.1523026078939438,0.46880340576171875
1,87,0.1738724261522293,0.44853848218917847
1,88,0.5713450312614441,1.5811939239501953
1,89,0.05757559835910797,2.727172374725342
1,90,0.04797717556357384,0.599868893623352
1,91,0.5050802826881409,6.813629150390625
1,92,0.151993528008461,0.4200252890586853
1,93,0.4656626880168915,4.288784027099609
1,94,0.31219717860221863,50.8607292175293
1,95,0.047380171716213226,0.6208494901657104
1,96,0.04338053986430168,0.5545719265937805
1,97,0.1687660813331604,4.094681262969971
1,98,0.4251817762851715,1.3039580583572388
1,99,0.1409509927034378,0.521587610244751
1,100,0.29050058126449585,9.993610382080078
1,101,0.049645811319351196,31.163837432861328
1,102,0.14781320095062256,0.6448602676391602
1,103,0.03605175018310547,5.724090099334717
1,104,0.17089302837848663,1.425656795501709
1,105,0.5406569242477417,1.8408522605895996
1,106,0.07139904797077179,41.693729400634766
1,107,0.17787489295005798,0.6071178317070007
1,108,0.24207374453544617,70.22979736328125
1,109,0.15573203563690186,0.6680039167404175
1,110,0.16664569079875946,0.49911919236183167
1,111,0.053458038717508316,0.8471044898033142
1,112,0.04328858479857445,0.9301904439926147
1,113,0.2797740697860718,1.1933835744857788
1,114,0.030869632959365845,0.43262359499931335
1,115,0.16490057110786438,0.8163868188858032
1,116,0.01982956938445568,0.77006995677948
1,117,0.01726868562400341,0.2707842290401459
1,118,0.014034668914973736,0.2063557356595993
1,119,0.23892344534397125,24.609344482421875
1,120,0.008856778964400291,0.17005594074726105
1,121,0.5481011271476746,2.068100690841675
1,122,0.006259689573198557,0.1347438544034958
1,123,0.17783376574516296,0.5532055497169495
1,124,0.37479329109191895,1.5794235467910767
1,125,0.19636207818984985,0.578452467918396
1,126,0.37728461623191833,1.416378140449524
1,127,0.015211966820061207,0.7227795124053955
1,128,0.028672486543655396,15.928401947021484
1,129,0.500012993812561,20.075468063354492
1,130,0.15661466121673584,0.5015568137168884
1,131,0.30483537912368774,1.1630209684371948
1,132,0.17604537308216095,0.7983670234680176
1,133,0.07045050710439682,29.367141723632812
1,134,0.16323965787887573,0.5686830282211304
1,135,0.384377658367157,0.9224041700363159
1,136,0.16203248500823975,0.7354450821876526
1,137,0.47046351432800293,1.0006409883499146
1,138,0.09017278999090195,1.2616209983825684
1,139,0.19884763658046722,0.809729814529419
1,140,0.09014565497636795,1.01520574092865
1,141,0.28300657868385315,0.49735480546951294
1,142,0.2646327614784241,0.4082944989204407
1,143,0.16206960380077362,0.376857727766037
1,144,0.046078186482191086,0.5767412781715393
1,145,0.14709414541721344,0.4058036208152771
1,146,0.16166619956493378,0.26143333315849304
1,147,0.03939861059188843,13.53803825378418
1,148,0.46435925364494324,1.3120266199111938
1,149,0.32888859510421753,1.1353777647018433
1,150,0.15737727284431458,0.3774324059486389
1,151,0.06628500670194626,30.971574783325195
1,152,0.10946745425462723,12.756176948547363
1,153,0.1625862419605255,0.357012540102005
1,154,0.30684345960617065,2.5124857425689697
1,155,0.17038221657276154,0.8149006962776184
1,156,0.2866280972957611,0.6837258338928223
1,157,0.1751951426267624,8.150739669799805
1,158,0.12127368152141571,27.953001022338867
1,159,0.05822840705513954,2.508380889892578
1,160,0.1679142564535141,0.7859681844711304
1,161,0.054942723363637924,0.8262838125228882
1,162,0.18872249126434326,0.329630970954895
1,163,0.1649119257926941,0.3393096625804901
1,164,0.11291374266147614,4.323326587677002
1,165,0.1539170891046524,0.2509266138076782
1,166,0.16551519930362701,0.563327968120575
1,167,0.15269964933395386,0.4921497404575348
1,168,0.38560354709625244,2.97332501411438
1,169,0.5729227662086487,1.6245453357696533
1,170,0.03382628411054611,0.44372573494911194
1,171,0.03397999331355095,0.7825068831443787
1,172,0.16392245888710022,0.32243385910987854
1,173,0.27973541617393494,0.6689199805259705
1,174,0.5309377908706665,5.717627048492432
1,175,0.2589697539806366,0.6069257855415344
1,176,0.1512552797794342,0.3319631814956665
1,177,0.1694924533367157,0.432574599981308
1,178,0.04737681895494461,0.5572909116744995
1,179,0.052156101912260056,0.6449959874153137
1,180,0.16628089547157288,0.4879078269004822
1,181,0.036782149225473404,0.44606173038482666
1,182,0.15327854454517365,0.6097588539123535
1,183,0.16540473699569702,0.48555177450180054
1,184,0.2552265524864197,4.144250392913818
1,185,0.44412750005722046,1.4018193483352661
1,186,0.17391954362392426,0.45300889015197754
1,187,0.15492911636829376,0.4589271545410156
1,188,0.29357942938804626,0.9200626015663147
1,189,0.08195848762989044,27.00355339050293
1,190,0.2669587731361389,0.8827234506607056
1,191,0.0373196005821228,0.6111657619476318
1,192,0.1785827875137329,0.7866542339324951
1,193,0.15127065777778625,0.7589647769927979
1,194,0.04142741486430168,0.5612232685089111
1,195,0.17339426279067993,0.35791367292404175
1,196,0.1374000459909439,0.3721073567867279
1,197,0.16096457839012146,0.3123370110988617
1,198,0.12777471542358398,0.6575343012809753
1,199,0.28502464294433594,11.40827751159668
1,200,0.16103915870189667,0.5734037756919861
1,201,0.1499554067850113,0.3309907019138336
1,202,0.02895941212773323,0.3743327558040619
1,203,0.15782280266284943,0.3943471610546112
1,204,0.18813981115818024,36.40226364135742
1,205,0.024660468101501465,0.4664924144744873
1,206,0.439980149269104,9.493282318115234
1,207,0.43897199630737305,1.4228333234786987
1,208,0.022799119353294373,0.3892243504524231
1,209,0.31702643632888794,1.0171597003936768
1,210,0.047119662165641785,31.246294021606445
1,211,0.17069143056869507,0.622456431388855
1,212,0.2820817232131958,1.4741023778915405
1,213,0.16025221347808838,0.44637054204940796
1,214,0.03882265463471413,0.6034977436065674
1,215,0.04112666845321655,0.5957311987876892
1,216,0.16154076159000397,0.48169711232185364
1,217,0.297481894493103,0.6139575242996216
1,218,0.032986488193273544,0.43140068650245667
1,219,0.03065168485045433,0.3953271210193634
1,220,0.17944404482841492,0.430893212556839
1,221,0.025289230048656464,0.33647310733795166
1,222,0.1415448635816574,0.6933456659317017
1,223,0.432120144367218,1.4400544166564941
1,224,0.45870116353034973,1.2698622941970825
1,225,0.4660118520259857,1.4167596101760864
1,226,0.16076427698135376,0.3528178632259369
1,227,0.044775113463401794,0.5617254376411438
1,228,0.2557375729084015,0.5416363477706909
1,229,0.3740680515766144,0.7314422726631165
1,230,0.17472495138645172,0.9557730555534363
1,231,0.17174319922924042,0.7152063250541687
1,232,0.0844867080450058,0.9695575833320618
1,233,0.06368228048086166,0.7590602040290833
1,234,0.2710114121437073,0.9439222812652588
1,235,0.42183080315589905,0.9869808554649353
1,236,0.03796699270606041,0.49768954515457153
1,237,0.03041408583521843,0.5336921215057373
1,238,0.3000766336917877,0.7739005088806152
1,239,0.15877825021743774,0.35034048557281494
1,240,0.08819463849067688,30.82245445251465
1,241,0.16197741031646729,0.7629407644271851
1,242,0.02062467858195305,0.29330047965049744
1,243,0.23184968531131744,15.75277328491211
1,244,0.17338426411151886,3.0638413429260254
1,245,0.15303941071033478,4.132856845855713
1,246,0.29809585213661194,1.7768430709838867
1,247,1.1994928121566772,138.17166137695312
1,248,1.230425477027893,252.67959594726562
1,249,2.8661677837371826,439.34539794921875
1,250,1.397385835647583,536.1338500976562
1,251,1.5237407684326172,304.5586853027344
1,252,1.019465684890747,248.5912628173828
1,253,1.0888593196868896,335.6772766113281
1,254,1.1249858140945435,119.3841781616211
1,255,0.2867741584777832,1.1053967475891113
1,256,0.16577331721782684,0.7090516090393066
1,257,0.028272811323404312,0.5261332988739014
1,258,0.02717551589012146,0.3704167306423187
1,259,0.026626601815223694,0.37556150555610657
1,260,0.38988664746284485,10.255701065063477
1,261,0.3102511465549469,0.9455509185791016
1,262,0.020890846848487854,0.2887231111526489
1,263,0.2908743917942047,0.8106368184089661
1,264,0.026946766301989555,3.7882091999053955
1,265,0.15970034897327423,0.3457100987434387
1,266,0.025606051087379456,0.32920822501182556
1,267,0.1520037204027176,0.3973122537136078
1,268,0.14835225045681,0.9380781054496765
1,269,0.07272045314311981,12.808834075927734
1,270,0.16910268366336823,0.3336992859840393
1,271,0.26693835854530334,4.636362075805664
1,272,0.16994157433509827,0.40974926948547363
1,273,0.144696906208992,0.4596382975578308
1,274,0.289716511964798,0.6680583953857422
1,275,0.2591955065727234,0.6282627582550049
1,276,0.4210370182991028,14.0625638961792
1,277,0.045855265110731125,0.6801699995994568
1,278,0.16113239526748657,0.41999682784080505
1,279,0.37130650877952576,0.8990285992622375
1,280,0.04880532622337341,0.625945508480072
1,281,0.26311349868774414,0.7242515683174133
1,282,0.043002016842365265,0.5351642370223999
1,283,0.14765839278697968,0.3955858051776886
1,284,0.2617120146751404,7.176170825958252
1,285,0.13597337901592255,0.27953463792800903
1,286,0.030187245458364487,0.38788455724716187
1,287,0.5215677618980408,3.7043020725250244
1,288,0.023356208577752113,0.31635090708732605
1,289,0.02320460043847561,0.3243931233882904
1,290,0.019771508872509003,0.28689926862716675
1,291,0.2844557762145996,0.7683563828468323
1,292,0.31379929184913635,7.25858211517334
1,293,0.4927687644958496,2.1113035678863525
1,294,0.16406035423278809,0.37129589915275574
1,295,0.18941150605678558,36.70298385620117
1,296,0.2397821694612503,34.08477020263672
1,297,0.2512778043746948,6.621248722076416
1,298,0.15206772089004517,0.890052080154419
1,299,0.2837187349796295,0.7584325671195984
1,300,0.1855788677930832,7.840426445007324
1,301,0.045015595853328705,1.2827719449996948
1,302,0.06158766895532608,25.250934600830078
1,303,0.06369791179895401,18.755332946777344
1,304,0.06841632723808289,15.199278831481934
1,305,0.21201127767562866,53.93769454956055
1,306,0.4155266582965851,55.82993698120117
1,307,0.1766657531261444,2.4001810550689697
1,308,0.27956658601760864,28.76953887939453
1,309,0.049675267189741135,1.092377781867981
2,0,0.05931605026125908,10.83505916595459
2,1,0.28675127029418945,0.8891768455505371
2,2,0.2687266767024994,0.9186997413635254
2,3,0.17934158444404602,0.39574119448661804
2,4,0.04164182394742966,0.5130064487457275
2,5,0.2924114167690277,2.4544663429260254
2,6,0.17512333393096924,2.7590184211730957
2,7,0.0639132410287857,24.16318702697754
2,8,0.27215880155563354,0.6217761039733887
2,9,0.03920010104775429,0.5170007944107056
2,10,0.16681256890296936,0.4521821141242981
2,11,0.15337353944778442,0.4504188299179077
2,12,0.17209920287132263,0.3762640953063965
2,13,0.15151602029800415,0.27922213077545166
2,14,0.30348309874534607,0.8967564105987549
2,15,0.029684830456972122,0.37763798236846924
2,16,0.03375272825360298,0.4467565715312958
2,17,0.03251134976744652,0.4343983232975006
2,18,0.30189600586891174,0.8267602920532227
2,19,0.024714568629860878,0.3311839997768402
2,20,0.1587853878736496,0.500995934009552
2,21,0.28422656655311584,0.7945388555526733
2,22,0.15149810910224915,0.3679863214492798
2,23,0.02804707922041416,0.3795241415500641
2,24,0.02841806225478649,1.1712795495986938
2,25,0.024743445217609406,0.3568233549594879
2,26,0.020993079990148544,0.2856411039829254
2,27,0.019874759018421173,0.27721714973449707
2,28,0.16250257194042206,0.492183655500412
2,29,0.19431456923484802,0.5726263523101807
2,30,0.1820838898420334,0.4647955596446991
2,31,0.3250628113746643,1.13457190990448
2,32,0.31893256306648254,0.9189561605453491
2,33,0.13821034133434296,0.5104681849479675
2,34,0.0275884997099638,0.37331366539001465
2,35,0.24427112936973572,0.6721979379653931
2,36,0.17978720366954803,0.49992573261260986
2,37,0.1629602611064911,0.4195648729801178
2,38,0.18768951296806335,0.4677729904651642
2,39,0.06364411115646362,0.8086302280426025
2,40,0.04888605698943138,0.6456748247146606
2,41,0.15137551724910736,0.34166383743286133
2,42,0.28661438822746277,0.6190819144248962
2,43,0.03800111263990402,0.5436073541641235
2,44,0.027795424684882164,0.37141403555870056
2,45,0.022106939926743507,0.3175147771835327
2,46,0.1779903918504715,0.586158037185669
2,47,0.01571561023592949,0.24341344833374023
2,48,0.5019097924232483,1.5872019529342651
2,49,0.3436471223831177,1.0531554222106934
2,50,0.2828546464443207,40.86930847167969
2,51,0.014232244342565536,0.19755898416042328
2,52,0.1739046275615692,0.3944823145866394
2,53,0.16658176481723785,0.41141200065612793
2,54,0.7042392492294312,2.243926763534546
2,55,0.02625546045601368,0.36750754714012146
2,56,0.14787590503692627,0.30964943766593933
2,57,0.16999682784080505,0.35489746928215027
2,58,0.16913656890392303,0.4624917507171631
2,59,0.34861084818840027,0.8437844514846802
2,60,0.16117775440216064,0.4011272192001343
2,61,0.06403548270463943,0.796073317527771
2,62,0.15798775851726532,0.6084462404251099
2,63,0.06001746654510498,0.839981734752655
2,64,0.3701486587524414,0.8920694589614868
2,65,0.17206063866615295,0.673538327217102
2,66,0.03880322724580765,0.5374107956886292
2,67,0.1719083935022354,0.5313233733177185
2,68,0.16543574631214142,0.5900111794471741
2,69,0.28528115153312683,1.1258575916290283
2,70,0.29408708214759827,1.3857102394104004
2,71,0.15327736735343933,2.6699702739715576
2,72,0.2768346667289734,1.2350635528564453
2,73,0.1616675704717636,0.9074777960777283
2,74,0.13216637074947357,0.48399975895881653
2,75,0.04291248321533203,0.6810375452041626
2,76,0.0405484139919281,0.6066461205482483
2,77,0.03920484706759453,0.581536054611206
2,78,0.14423543214797974,0.43587660789489746
2,79,0.05708019435405731,12.724590301513672
2,80,0.0265851691365242,1.2882392406463623
2,81,0.022450555115938187,0.35053715109825134
2,82,0.1452949196100235,0.666148841381073
2,83,0.17366807162761688,0.5737996697425842
2,84,0.18483877182006836,0.6435808539390564
2,85,0.5607293844223022,2.00707745552063
2,86,0.013678346760571003,0.2192862182855606
2,87,0.018692947924137115,0.3235064148902893
2,88,0.6974813342094421,2.8397653102874756
2,89,0.02551181986927986,0.44185423851013184
2,90,0.029091961681842804,0.4798656404018402
2,91,0.13787144422531128,1.714074969291687
2,92,0.14778657257556915,3.028433322906494
2,93,0.11023995280265808,0.36960893869400024
2,94,0.2663048207759857,0.8908857107162476
2,95,0.13135579228401184,0.5916831493377686
2,96,0.03739941865205765,0.6855924129486084
2,97,0.03535522148013115,0.6393336653709412
2,98,0.023987499997019768,1.0206655263900757
2,99,0.11145608127117157,45.15580368041992
2,100,0.5500122904777527,14.65257453918457
2,101,0.01474238745868206,0.5145103335380554
2,102,0.49846163392066956,3.3942389488220215
2,103,0.05774246156215668,44.13485336303711
2,104,0.3588438630104065,1.8989530801773071
2,105,0.1099400520324707,2.3905532360076904
2,106,0.20138245820999146,0.7703173160552979
2,107,0.32929059863090515,1.7711119651794434
2,108,0.035035084933042526,4.180635929107666
2,109,0.38758108019828796,8.565532684326172
2,110,0.12824521958827972,0.5608845949172974
2,111,0.1293606460094452,0.5656700730323792
2,112,0.41611653566360474,1.842520833015442
2,113,0.14146706461906433,0.7087630033493042
2,114,0.049500077962875366,0.8926629424095154
2,115,0.16652774810791016,1.4126347303390503
2,116,0.14073996245861053,0.5430851578712463
2,117,0.25233960151672363,1.490203619003296
2,118,0.18514792621135712,5.516877174377441
2,119,0.4768284261226654,1.4305593967437744
2,120,0.031975097954273224,0.5062506794929504
2,121,0.03531162068247795,0.603415310382843
2,122,0.29472649097442627,1.0569753646850586
2,123,0.3510302007198334,2.3403210639953613
2,124,0.4516508877277374,4.033199310302734
2,125,0.14092862606048584,0.4730754792690277
2,126,0.15748661756515503,1.0596814155578613
2,127,0.047503843903541565,0.7237934470176697
2,128,0.057007115334272385,0.8924605846405029
2,129,0.21258150041103363,0.8768967390060425
2,130,0.037946682423353195,0.5685863494873047
2,131,0.27244848012924194,1.3082778453826904
2,132,0.17632658779621124,0.7018466591835022
2,133,0.16163992881774902,1.1192426681518555
2,134,0.25744205713272095,1.194675326347351
2,135,0.19904710352420807,3.829902172088623
2,136,0.13852454721927643,0.6287827491760254
2,137,0.1719176173210144,0.5957648158073425
2,138,0.28115662932395935,12.065170288085938
2,139,0.27314695715904236,0.8887118101119995
2,140,0.17144852876663208,0.4892449378967285
2,141,0.039392609149217606,0.7292583584785461
2,142,0.12824511528015137,0.6392817497253418
2,143,0.03312412276864052,0.5686102509498596
2,144,0.3455559313297272,1.728222131729126
2,145,0.2628699243068695,1.6183061599731445
2,146,0.11486285924911499,0.5430783629417419
2,147,0.1717388927936554,0.8032585382461548
2,148,0.03938813880085945,0.6820722818374634
2,149,0.453507661819458,1.391237497329712
2,150,0.14832353591918945,0.5678752064704895
2,151,0.4128901958465576,14.630918502807617
2,152,0.03818007931113243,0.6005046963691711
2,153,0.035741955041885376,1.9140164852142334
2,154,0.02890777587890625,0.46494871377944946
2,155,0.17798632383346558,3.4378538131713867
2,156,0.2662631869316101,1.0796022415161133
2,157,0.01960434578359127,0.29186487197875977
2,158,0.40582558512687683,2.0085363388061523
2,159,0.2880692481994629,1.3333103656768799
2,160,0.14965234696865082,0.7760907411575317
2,161,0.13464802503585815,0.5335775017738342
2,162,0.05427505820989609,2.526383638381958
2,163,0.1442261040210724,0.9988150000572205
2,164,0.14015653729438782,0.6051879525184631
2,165,0.17422913014888763,10.357115745544434
2,166,0.24225564301013947,12.493206977844238
2,167,0.034099217504262924,0.6777375936508179
2,168,0.15791766345500946,0.8206728100776672
2,169,0.02320217899978161,0.6910786628723145
2,170,0.12188999354839325,1.5612698793411255
2,171,0.013885355554521084,0.25548526644706726
2,172,0.009273427538573742,0.15174232423305511
2,173,0.011642186902463436,0.20443390309810638
2,174,0.3523845076560974,1.6675441265106201
2,175,0.4645172357559204,3.025906801223755
2,176,0.010545794852077961,0.5790143609046936
2,177,0.20157383382320404,0.6275925040245056
2,178,0.011119171045720577,0.451445996761322
2,179,0.32130855321884155,1.7864805459976196
2,180,0.01349012739956379,0.2075921893119812
2,181,0.2978726029396057,1.701048731803894
2,182,0.42862531542778015,2.0245018005371094
2,183,0.24525140225887299,1.5935887098312378
2,184,0.1559366136789322,1.378116250038147
2,185,0.1583089679479599,0.6342306137084961
2,186,0.18951311707496643,5.372825622558594
2,187,0.12466227263212204,2.3862781524658203
2,188,0.0936981663107872,1.719722867012024
2,189,0.07440829277038574,1.2703644037246704
2,190,0.3065861165523529,88.79927062988281
2,191,0.12761254608631134,0.4393656551837921
2,192,0.1898053139448166,9.577491760253906
2,193,0.38917046785354614,2.4810712337493896
2,194,0.13890403509140015,0.5390658974647522
2,195,0.14394155144691467,9.018986701965332
2,196,0.01576344296336174,0.2242603600025177
2,197,0.01726391352713108,0.3851717710494995
2,198,0.1739228367805481,1.8534834384918213
2,199,0.013349062763154507,0.20240847766399384
2,200,0.3202340304851532,1.1806306838989258
2,201,0.015448460355401039,0.2263593077659607
2,202,0.15505024790763855,0.6671956777572632
2,203,0.16181497275829315,0.6613866686820984
2,204,0.017193326726555824,0.25631409883499146
2,205,0.016782011836767197,0.26359519362449646
2,206,0.16098682582378387,0.7211766242980957
2,207,0.45617276430130005,1.6728625297546387
2,208,0.3977944254875183,19.51093864440918
2,209,0.023255717009305954,0.3922646939754486
2,210,0.3087978661060333,1.0671627521514893
2,211,0.16393575072288513,0.6370134949684143
2,212,0.29487037658691406,0.8679534196853638
2,213,0.14848420023918152,0.61636883020401
2,214,0.04811808094382286,0.9163430333137512
2,215,0.16741645336151123,0.44479289650917053
2,216,0.24129560589790344,0.5597957968711853
2,217,0.2548236846923828,0.6990843415260315
2,218,0.054705724120140076,0.8231409788131714
2,219,0.2693955898284912,0.7393055558204651
2,220,0.05309872329235077,0.8141602277755737
2,221,0.23698106408119202,0.4647216200828552
2,222,0.27356886863708496,1.1072672605514526
2,223,0.2333109974861145,0.782073438167572
2,224,0.15385805070400238,0.725913941860199
2,225,0.26672932505607605,0.7085573077201843
2,226,0.38351163268089294,0.8951501250267029
2,227,0.04458191990852356,0.6557955741882324
2,228,0.11391139030456543,0.5929656624794006
2,229,0.0495615154504776,0.7651234865188599
2,230,0.048913050442934036,0.7247136831283569
2,231,0.395362913608551,1.4545685052871704
2,232,0.16525627672672272,1.225758671760559
2,233,0.3072071671485901,9.747239112854004
2,234,0.13515566289424896,0.9638046026229858
2,235,0.2452707588672638,1.1134110689163208
2,236,0.6037374138832092,3.6837317943573
2,237,0.13943655788898468,0.4912666082382202
2,238,0.04339790344238281,0.842020571231842
2,239,0.3002593517303467,1.4128847122192383
2,240,0.04107300937175751,0.6966116428375244
2,241,0.042601991444826126,0.8421265482902527
2,242,0.02912377566099167,0.5129112005233765
2,243,0.029456159099936485,0.6153072714805603
2,244,0.4534439742565155,1.9829376935958862
2,245,0.25361981987953186,1.7139790058135986
2,246,0.1382952630519867,0.6320473551750183
2,247,0.019615691155195236,0.37456661462783813
2,248,0.17171424627304077,0.6811522245407104
2,249,0.013035989366471767,0.23803500831127167
2,250,0.015293731354176998,0.24123333394527435
2,251,0.013894270174205303,0.23985718190670013
2,252,0.012338097207248211,0.21097426116466522
2,253,0.11350741237401962,1.160276174545288
2,254,0.21230530738830566,0.9229043126106262
2,255,0.009948170743882656,0.16712801158428192
2,256,0.32662057876586914,5.81226110458374
2,257,0.011426842771470547,0.19395487010478973
2,258,0.01024751365184784,0.18302540481090546
2,259,0.028836775571107864,12.171871185302734
2,260,0.22582533955574036,1.9694103002548218
2,261,0.1673649698495865,0.7478567361831665
2,262,0.18585118651390076,0.948959231376648
2,263,0.2713618278503418,2.22575306892395
2,264,0.02154468186199665,0.6035825610160828
2,265,0.29736843705177307,1.7883118391036987
2,266,0.2585863173007965,2.3057949542999268
2,267,0.194502592086792,34.9699592590332
2,268,0.36064064502716064,5.3112359046936035
2,269,0.23395949602127075,1.0243035554885864
2,270,0.22247099876403809,0.8413395285606384
2,271,0.0765015184879303,1.6120703220367432
2,272,0.164267897605896,0.8010917901992798
2,273,0.3894784152507782,2.331002950668335
2,274,0.03745126724243164,1.4350401163101196
2,275,0.06785374134778976,15.41419506072998
2,276,0.15917956829071045,15.80927562713623
2,277,0.02464216575026512,0.5785048007965088
2,278,0.2560710310935974,110.83892059326172
2,279,0.37150877714157104,1.6342107057571411
2,280,0.02540542185306549,0.5086060166358948
2,281,0.16259606182575226,0.45545005798339844
2,282,0.031100774183869362,1.8602796792984009
2,283,0.17404787242412567,0.7486819624900818
2,284,0.1699586808681488,1.0573773384094238
2,285,0.028233224526047707,2.3359084129333496
2,286,0.02489234320819378,0.537318766117096
2,287,0.19821032881736755,1.1767113208770752
2,288,0.31036996841430664,2.988088607788086
2,289,0.019106458872556686,0.41583725810050964
2,290,0.28142619132995605,2.3360700607299805
2,291,0.017810972407460213,0.3931426405906677
2,292,0.017852745950222015,0.3674541115760803
2,293,0.02029089443385601,0.4646437168121338
2,294,0.19299599528312683,0.9851798415184021
2,295,0.7161789536476135,7.703670978546143
2,296,0.15120945870876312,1.029296875
2,297,0.26461783051490784,1.521243929862976
2,298,0.1255086064338684,0.5997547507286072
2,299,0.14319661259651184,0.8885663151741028
2,300,0.025962913408875465,1.4308966398239136
2,301,0.03179533779621124,0.7568904757499695
2,302,0.23222365975379944,3.490142345428467
2,303,0.18421347439289093,1.4725342988967896
2,304,0.024055832996964455,0.5840380787849426
2,305,0.023233573883771896,0.5526410341262817
2,306,0.020951321348547935,0.6296396851539612
2,307,0.2936355471611023,2.849271535873413
2,308,0.25282829999923706,70.54161834716797
2,309,0.011132265441119671,0.22444437444210052
3,0,0.13301701843738556,21.986377716064453
3,1,0.3594118654727936,2.3351688385009766
3,2,0.3780391216278076,23.15732192993164
3,3,0.01373462937772274,0.999648928642273
3,4,0.010922694578766823,0.373685359954834
3,5,0.3256964385509491,26.03595733642578
3,6,0.9371652007102966,15.426186561584473
3,7,0.010598558001220226,0.48485130071640015
3,8,0.16666297614574432,0.6014803647994995
3,9,0.6328418254852295,5.468713283538818
3,10,0.1587875634431839,1.3861984014511108
3,11,0.04174920544028282,23.784616470336914
3,12,0.18265056610107422,0.6913874745368958
3,13,0.29078686237335205,1.5692362785339355
3,14,0.49315476417541504,1.9348247051239014
3,15,0.16671159863471985,0.6210414171218872
3,16,0.011565209366381168,0.1819603443145752
3,17,0.29382169246673584,1.434908390045166
3,18,0.16734562814235687,1.0256612300872803
3,19,0.011737321503460407,0.20952217280864716
3,20,0.013288096524775028,0.26696208119392395
3,21,0.15227185189723969,1.1197489500045776
3,22,0.01660880818963051,0.31996825337409973
3,23,0.2660074234008789,1.3320144414901733
3,24,0.015281717292964458,0.2921157777309418
3,25,0.2773663401603699,1.4046554565429688
3,26,0.23786261677742004,9.869340896606445
3,27,0.29246267676353455,1.0630073547363281
3,28,0.15600702166557312,0.602304995059967
3,29,0.020122306421399117,0.4136371314525604
3,30,0.18036404252052307,0.580322802066803
3,31,0.02417934685945511,0.48132404685020447
3,32,0.16586260497570038,0.548308789730072
3,33,0.15442489087581635,0.513156533241272
3,34,0.40283915400505066,2.1455912590026855
3,35,0.028306806460022926,0.6267589926719666
3,36,0.19023776054382324,0.5292353630065918
3,37,0.22481223940849304,1.160835862159729
3,38,0.13120035827159882,0.46354445815086365
3,39,0.14564277231693268,0.9333541989326477
3,40,0.02976069226861,0.5936941504478455
3,41,0.18940171599388123,1.313424825668335
3,42,0.028482453897595406,0.5833820700645447
3,43,0.1736712008714676,1.1724016666412354
3,44,0.025862472131848335,0.5155777335166931
3,45,0.03174939006567001,0.72861647605896
3,46,0.4797232449054718,1.7764688730239868
3,47,0.2748875916004181,0.972923755645752
3,48,0.1125018373131752,0.5009677410125732
3,49,0.16946576535701752,0.6428112983703613
3,50,0.3714589476585388,1.5204670429229736
3,51,0.02870643511414528,0.634804368019104
3,52,0.047991178929805756,6.015682697296143
3,53,0.025116292759776115,0.6049320697784424
3,54,0.029103022068738937,0.6344540119171143
3,55,0.02420692890882492,0.5317169427871704
3,56,0.12873345613479614,0.6349008083343506
3,57,0.20872482657432556,0.9224263429641724
3,58,0.20569710433483124,5.877535820007324
3,59,0.2864461839199066,0.9963957667350769
3,60,0.2374046891927719,1.3213618993759155
3,61,0.02379688061773777,0.5603792071342468
3,62,0.023815546184778214,0.5148625373840332
3,63,0.03162404149770737,0.7119066715240479
3,64,0.12359204143285751,0.6163004040718079
3,65,0.10881240665912628,0.48242518305778503
3,66,0.1348569095134735,1.0438652038574219
3,67,0.41612836718559265,2.439756393432617
3,68,0.14105439186096191,0.7138895392417908
3,69,0.14241351187229156,0.5306153893470764
3,70,0.031017502769827843,0.8054800033569336
3,71,0.1351674646139145,0.5993900895118713
3,72,0.18368040025234222,0.7151867151260376
3,73,0.2696971893310547,1.2634413242340088
3,74,0.18810667097568512,0.4275759756565094
3,75,0.02565745636820793,0.6192596554756165
3,76,0.026952890679240227,0.6482992768287659
3,77,0.1406383514404297,0.6375851035118103
3,78,0.02515590563416481,0.6127842664718628
3,79,0.17215250432491302,0.5332181453704834
3,80,0.03258828446269035,0.8465496301651001
3,81,0.027397215366363525,0.6558275818824768
3,82,0.1303516924381256,0.523110568523407
3,83,0.2522001564502716,0.912700355052948
3,84,0.23054146766662598,1.153334140777588
3,85,0.15692977607250214,1.2396304607391357
3,86,0.27949264645576477,1.9213238954544067
3,87,0.12237181514501572,0.6942206025123596
3,88,0.025421271100640297,0.585284948348999
3,89,0.026059899479150772,0.6123740077018738
3,90,0.13281315565109253,0.5285422801971436
3,91,0.026378916576504707,0.6295651793479919
3,92,0.2931789755821228,1.383949637413025
3,93,0.02085268311202526,0.5157390832901001
3,94,0.18117636442184448,0.8046401143074036
3,95,0.02292064018547535,0.53743976354599
3,96,0.15437278151512146,0.9536969065666199
3,97,0.1327311247587204,0.6589576005935669
3,98,0.023572487756609917,0.577900767326355
3,99,0.023374220356345177,0.5599594712257385
3,100,0.02204824611544609,0.4857853353023529
3,101,0.1334412693977356,0.9431903958320618
3,102,0.46785542368888855,1.7721037864685059
3,103,0.17298057675361633,0.8136762976646423
3,104,0.0254349485039711,0.6331241726875305
3,105,0.019944269210100174,0.4304012358188629
3,106,0.18943026661872864,0.5777191519737244
3,107,0.39726221561431885,1.7117818593978882
3,108,0.021389972418546677,0.5824531316757202
3,109,0.5685920119285583,2.5407352447509766
3,110,0.36785852909088135,2.1195995807647705
3,111,0.018807303160429,0.40238672494888306
3,112,0.1456861048936844,1.1321061849594116
3,113,0.024579307064414024,0.7342043519020081
3,114,0.12085631489753723,1.0628888607025146
3,115,0.30357277393341064,0.984688401222229
3,116,0.1380791962146759,0.8665291666984558
3,117,0.0211280956864357,0.5146497488021851
3,118,0.1736236810684204,0.6290205121040344
3,119,0.15534277260303497,0.8585811853408813
3,120,0.1597118228673935,0.6264892220497131
3,121,0.2151378095149994,1.331760048866272
3,122,0.2069896161556244,20.595947265625
3,123,0.2662047743797302,1.3352489471435547
3,124,0.23574939370155334,1.0676000118255615
3,125,0.34818586707115173,2.42410945892334
3,126,0.5967596173286438,3.4816336631774902
3,127,0.03901089355349541,1.0769206285476685
3,128,0.040142353624105453,1.0073400735855103
3,129,0.19162879884243011,0.8924968838691711
3,130,0.03668006882071495,0.8914928436279297
3,131,0.035190436989068985,1.0201698541641235
3,132,0.259854257106781,0.975595235824585
3,133,0.03821871429681778,0.9946388602256775
3,134,0.3365118205547333,1.459007740020752
3,135,0.04445682093501091,1.174832820892334
3,136,0.03480809926986694,1.0370886325836182
3,137,0.15648259222507477,0.6493051052093506
3,138,0.03040073812007904,0.8873470425605774
3,139,0.03533928468823433,0.9671189188957214
3,140,0.1750965565443039,1.4842604398727417
3,141,0.037331439554691315,1.0310475826263428
3,142,0.03252508491277695,0.9013628363609314
3,143,0.0272015742957592,0.7330421209335327
3,144,0.030907487496733665,0.8368118405342102
3,145,0.13991667330265045,0.9616879224777222
3,146,0.16034668684005737,1.2682079076766968
3,147,0.1666760891675949,1.448814034461975
3,148,0.015638483688235283,0.3529364764690399
3,149,0.13112640380859375,0.6284830570220947
3,150,0.30721020698547363,1.7574961185455322
3,151,0.43690556287765503,2.6050713062286377
3,152,0.020431790500879288,0.5635989308357239
3,153,0.016775643453001976,0.40269413590431213
3,154,0.1452440470457077,0.9980540871620178
3,155,0.020627714693546295,0.5886447429656982
3,156,0.01792067289352417,0.4696349501609802
3,157,0.16794846951961517,1.0752947330474854
3,158,0.4254140257835388,2.3701815605163574
3,159,0.01761988177895546,0.4509180188179016
3,160,0.16235597431659698,0.5221783518791199
3,161,0.2507418394088745,1.8631893396377563
3,162,0.33942627906799316,2.323328971862793
3,163,0.020222092047333717,0.49792149662971497
3,164,0.02077028900384903,0.4680027663707733
3,165,0.021810192614793777,0.5683066248893738
3,166,0.13065597414970398,0.8592413067817688
3,167,0.02134769782423973,0.5575893521308899
3,168,0.019371049478650093,0.538975179195404
3,169,0.1841997653245926,1.0590907335281372
3,170,0.019696570932865143,0.5686650276184082
3,171,0.3075924515724182,1.3657264709472656
3,172,0.46910735964775085,2.7279677391052246
3,173,0.14018867909908295,0.8535082936286926
3,174,0.01815824583172798,0.5189782381057739
3,175,0.08817113190889359,25.480653762817383
3,176,0.1354300081729889,0.6626936793327332
3,177,0.2929001748561859,2.0455195903778076
3,178,0.15043960511684418,0.5598145723342896
3,179,0.27866339683532715,1.2451093196868896
3,180,0.023193292319774628,0.7468439936637878
3,181,0.408990740776062,2.5200936794281006
3,182,0.02622215449810028,0.7163002490997314
3,183,0.15931515395641327,1.5487000942230225
3,184,0.025462882593274117,0.6705825924873352
3,185,0.024155979976058006,0.8989117741584778
3,186,0.3424507975578308,2.992039680480957
3,187,0.1310725212097168,0.7292790412902832
3,188,0.26861506700515747,1.0548710823059082
3,189,0.10765904933214188,0.73944091796875
3,190,0.030226072296500206,0.9203164577484131
3,191,0.1781223565340042,0.9609310626983643
3,192,0.1664762794971466,0.8993202447891235
3,193,0.028365205973386765,0.984008252620697
3,194,0.17595705389976501,0.532376766204834
3,195,0.37062668800354004,2.750270128250122
3,196,0.022420672699809074,0.8041778206825256
3,197,0.4902445077896118,4.62705659866333
3,198,0.16914784908294678,0.7995747923851013
3,199,0.12809360027313232,1.1368005275726318
3,200,0.13844600319862366,1.891244888305664
3,201,0.2768114507198334,1.8116360902786255
3,202,0.02337779477238655,0.761710524559021
3,203,0.12473347038030624,0.7696953415870667
3,204,0.14765875041484833,0.662736713886261
3,205,0.04003484174609184,1.3591185808181763
3,206,0.026662737131118774,0.9178447723388672
3,207,0.02841789461672306,0.9632816910743713
3,208,0.029744969680905342,0.9986941814422607
3,209,0.026603462174534798,0.9101958870887756
3,210,0.13866156339645386,0.7618439197540283
3,211,0.15180189907550812,1.0806258916854858
3,212,0.16549061238765717,0.7570167779922485
3,213,0.10069671273231506,0.6320506930351257
3,214,0.2524838149547577,1.5485994815826416
3,215,0.3278511166572571,1.5292532444000244
3,216,0.02210874855518341,0.7179901003837585
3,217,0.02604479342699051,0.7690564393997192
3,218,0.02332826890051365,2.463141918182373
3,219,0.1369754821062088,0.874444842338562
3,220,0.5978946089744568,4.880069255828857
3,221,0.024914972484111786,0.8430873155593872
3,222,0.1272345632314682,0.7149049639701843
3,223,0.2516852021217346,1.6602925062179565
3,224,0.09971169382333755,0.833882212638855
3,225,0.022576898336410522,0.6097749471664429
3,226,0.13120810687541962,0.5797455906867981
3,227,0.29144352674484253,1.9409681558609009
3,228,0.1297817975282669,0.8197469711303711
3,229,0.2839116156101227,2.2499916553497314
3,230,0.3779011368751526,4.448890686035156
3,231,0.1558416187763214,0.7763712406158447
3,232,0.19830971956253052,18.201927185058594
3,233,0.2773503065109253,1.8710731267929077
3,234,0.31923821568489075,3.5415778160095215
3,235,0.023127494379878044,0.7516794204711914
3,236,0.03182665631175041,1.2236217260360718
3,237,0.02365204691886902,0.8603026270866394
3,238,0.14578060805797577,0.9293452501296997
3,239,0.18318326771259308,3.4497623443603516
3,240,0.028751783072948456,1.4613970518112183
3,241,0.14122021198272705,0.8986107110977173
3,242,0.22384852170944214,1.9603534936904907
3,243,0.13320346176624298,0.9827126860618591
3,244,0.2974429130554199,1.5337638854980469
3,245,0.217237189412117,0.9791810512542725
3,246,0.030442997813224792,1.146086573600769
3,247,0.037950076162815094,2.562091588973999
3,248,0.02874891459941864,0.9799044728279114
3,249,0.031119363382458687,1.0377119779586792
3,250,0.1552034318447113,1.1057028770446777
3,251,0.02288156934082508,0.9285004734992981
3,252,0.28639456629753113,3.5258681774139404
3,253,0.10396432131528854,0.7336316108703613
3,254,0.18603621423244476,0.8043444156646729
3,255,0.23927244544029236,2.0760159492492676
3,256,0.01769953779876232,0.5534063577651978
3,257,0.1978815644979477,2.4028329849243164
3,258,0.021466020494699478,0.6950932741165161
3,259,0.12681730091571808,3.066955804824829
3,260,0.16623733937740326,1.3150526285171509
3,261,0.3053334653377533,1.8336848020553589
3,262,0.019347984343767166,0.6117246150970459
3,263,0.02664538286626339,0.929717481136322
3,264,0.02077057771384716,0.58896404504776
3,265,0.2032434344291687,1.5274125337600708
3,266,0.30910834670066833,4.8315534591674805
3,267,0.023738417774438858,0.9076294302940369
3,268,0.1739097237586975,1.3345284461975098
3,269,0.29174965620040894,1.3834161758422852
3,270,0.2375219166278839,3.166804075241089
3,271,0.019430894404649734,0.5572221875190735
3,272,0.14267246425151825,1.8330175876617432
3,273,0.01999695971608162,0.5003763437271118
3,274,0.1721455305814743,1.2026196718215942
3,275,0.1351732462644577,2.6492040157318115
3,276,0.027257250621914864,1.0392674207687378
3,277,0.018700310960412025,0.7115390300750732
3,278,0.022146310657262802,0.8195247650146484
3,279,0.35690322518348694,13.727806091308594
3,280,0.021844444796442986,0.7595210075378418
3,281,0.2937067449092865,2.2720489501953125
3,282,0.15263639390468597,3.7315540313720703
3,283,0.1352863311767578,4.804905414581299
3,284,0.021734824404120445,0.716712474822998
3,285,0.016853252425789833,0.5620318651199341
3,286,0.021697457879781723,0.7983301877975464
3,287,0.025268031284213066,0.9156495332717896
3,288,0.18226195871829987,0.4941161572933197
3,289,0.3782241940498352,2.8637733459472656
3,290,0.15928977727890015,0.9844257831573486
3,291,0.16688679158687592,1.2729148864746094
3,292,0.016031397506594658,0.34429237246513367
3,293,0.015905046835541725,0.5273563265800476
3,294,0.27013885974884033,2.8667728900909424
3,295,0.10395469516515732,0.9806635975837708
3,296,0.15249326825141907,0.9517887234687805
3,297,0.1445213109254837,0.9449864029884338
3,298,0.38721007108688354,2.7495956420898438
3,299,0.28045451641082764,1.4400430917739868
3,300,0.43311816453933716,3.6815872192382812
3,301,0.023260314017534256,1.1869158744812012
3,302,0.020112937316298485,0.7328420281410217
3,303,0.27367642521858215,2.462691068649292
3,304,0.024270128458738327,0.9649078249931335
3,305,0.023565905168652534,0.9041910171508789
3,306,0.020917510613799095,0.7848682403564453
3,307,0.20182068645954132,1.3599282503128052
3,308,0.4712308645248413,3.014843463897705
3,309,0.18604867160320282,1.6724154949188232
4,0,0.42510125041007996,2.979027271270752
4,1,0.2305515557527542,1.7044306993484497
4,2,0.016705844551324844,0.47095751762390137
4,3,0.12304028123617172,1.170396089553833
4,4,0.12742003798484802,1.2595405578613281
4,5,0.33749139308929443,1.4773502349853516
4,6,0.3805099427700043,3.5347588062286377
4,7,0.2615950405597687,0.9945691823959351
4,8,0.027285482734441757,1.1069698333740234
4,9,0.16076987981796265,1.144500494003296
4,10,0.0342683345079422,1.4854063987731934
4,11,0.10556124150753021,0.7575361132621765
4,12,0.02738272026181221,1.0481739044189453
4,13,0.13177122175693512,0.9899343848228455
4,14,0.3023017346858978,2.3705317974090576
4,15,0.10078150033950806,0.7976414561271667
4,16,0.18229137361049652,1.075250506401062
4,17,0.13899552822113037,1.5621496438980103
4,18,0.27443596720695496,1.1820182800292969
4,19,0.028365716338157654,1.2721500396728516
4,20,0.2531236708164215,3.3144960403442383
4,21,0.02259060926735401,0.7940128445625305
4,22,0.14644022285938263,1.1070756912231445
4,23,0.026704298332333565,1.0311510562896729
4,24,0.16656555235385895,0.9163843393325806
4,25,0.18678155541419983,1.1913137435913086
4,26,0.1212475448846817,1.9354580640792847
4,27,0.09154916554689407,0.7080432772636414
4,28,0.023808090016245842,0.9525718092918396
4,29,0.13758161664009094,1.458678126335144
4,30,0.025621339678764343,1.0168653726577759
4,31,0.1355055719614029,1.111924409866333
4,32,0.10674721747636795,1.5811313390731812
4,33,0.14933304488658905,54.21272277832031
4,34,0.023218464106321335,0.9018058776855469
4,35,0.18776807188987732,41.63731384277344
4,36,0.021693557500839233,0.7567246556282043
4,37,0.31088611483573914,4.144481182098389
4,38,0.47421640157699585,7.2582783699035645
4,39,0.1383836567401886,1.456589937210083
4,40,0.08825966715812683,35.40425109863281
4,41,0.3939676880836487,4.418581962585449
4,42,0.16620400547981262,1.363757848739624
4,43,0.02201502025127411,0.7596335411071777
4,44,0.2909647524356842,2.5122127532958984
4,45,0.13149550557136536,1.3698116540908813
4,46,0.17584632337093353,2.0307650566101074
4,47,0.10021690279245377,0.8282343745231628
4,48,0.16026444733142853,1.5397710800170898
4,49,0.13263311982154846,1.5693235397338867
4,50,0.02404496632516384,1.0163630247116089
4,51,0.09282932430505753,1.0435707569122314
4,52,0.11427554488182068,29.83368492126465
4,53,0.18842381238937378,0.6082469820976257
4,54,0.02524391934275627,1.3027397394180298
4,55,0.07958502322435379,0.8168041110038757
4,56,0.19856184720993042,1.7976152896881104
4,57,0.2882527709007263,2.863682746887207
4,58,0.0312839075922966,1.5114158391952515
4,59,0.10545257478952408,0.9217379689216614
4,60,0.10409685969352722,1.1642683744430542
4,61,0.03244651481509209,1.4705134630203247
4,62,0.02823415957391262,1.2388533353805542
4,63,0.17246857285499573,0.871658444404602
4,64,0.4594498872756958,10.019235610961914
4,65,0.041259896010160446,2.1710684299468994
4,66,0.025913894176483154,1.3124433755874634
4,67,0.18943391740322113,1.5694096088409424
4,68,0.15039876103401184,0.8732542991638184
4,69,0.08624467253684998,0.7578549981117249
4,70,0.01762138307094574,0.7137201428413391
4,71,0.2503530979156494,2.140671730041504
4,72,0.31414029002189636,3.721550226211548
4,73,0.12015777826309204,1.3553364276885986
4,74,0.11685328930616379,1.6575754880905151
4,75,0.018340829759836197,0.7876378297805786
4,76,0.09766285866498947,1.062089204788208
4,77,0.022387949749827385,0.6374844312667847
4,78,0.17171207070350647,1.436868667602539
4,79,0.08999045193195343,0.6697008013725281
4,80,0.028705308213829994,0.9543055891990662
4,81,0.10042037814855576,3.0790417194366455
4,82,0.10187242180109024,1.1668943166732788
4,83,0.021901121363043785,1.094722867012024
4,84,0.3636641800403595,4.8909478187561035
4,85,0.24113254249095917,2.626756191253662
4,86,0.026347551494836807,1.2710762023925781
4,87,0.02462703175842762,0.8696994185447693
4,88,0.10667328536510468,1.7025107145309448
4,89,0.3391292095184326,6.467920303344727
4,90,0.19280506670475006,3.5767295360565186
4,91,0.0188105721026659,0.9081720113754272
4,92,0.3995107412338257,3.3789706230163574
4,93,0.021989477798342705,0.98213791847229
4,94,0.30294182896614075,2.4311716556549072
4,95,0.12700049579143524,2.5543973445892334
4,96,0.13608849048614502,1.7200208902359009
4,97,0.02127298153936863,1.2058581113815308
4,98,0.026206044480204582,2.291693925857544
4,99,0.09098105877637863,1.8748584985733032
4,100,0.0918700098991394,2.0063040256500244
4,101,0.17733916640281677,0.9589529037475586
4,102,0.07644885778427124,1.117222547531128
4,103,0.21712790429592133,2.5438854694366455
4,104,0.027516579255461693,1.50094735622406
4,105,0.028048880398273468,1.603525161743164
4,106,0.025757789611816406,1.6811861991882324
4,107,0.17256386578083038,1.7408558130264282
4,108,0.12186729162931442,2.2809674739837646
4,109,0.27712875604629517,1.541664958000183
4,110,0.4113965630531311,5.70656681060791
4,111,0.14040803909301758,2.037355422973633
4,112,0.03199169784784317,1.8285081386566162
4,113,0.06693414598703384,1.2620021104812622
4,114,0.22837799787521362,3.335233211517334
4,115,0.12951867282390594,1.2923918962478638
4,116,0.035202041268348694,1.9721181392669678
4,117,0.15254810452461243,2.8065268993377686
4,118,0.25481754541397095,3.1623501777648926
4,119,0.025720112025737762,1.7853604555130005
4,120,0.21207942068576813,1.2134530544281006
4,121,0.030317075550556183,1.8022615909576416
4,122,0.18919633328914642,1.211746335029602
4,123,0.16798466444015503,2.1942622661590576
4,124,0.1026001125574112,1.7541252374649048
4,125,0.15473756194114685,1.3237708806991577
4,126,0.32725679874420166,4.750547409057617
4,127,0.33733904361724854,3.761241912841797
4,128,0.25751855969429016,3.7744369506835938
4,129,0.02037692815065384,1.0965492725372314
4,130,0.2982487082481384,6.3732075691223145
4,131,0.029792167246341705,1.917542815208435
4,132,0.024817632511258125,1.3597311973571777
4,133,0.10064952820539474,1.0665953159332275
4,134,0.10270236432552338,1.2469626665115356
4,135,0.12364844232797623,0.9501168727874756
4,136,0.07423526048660278,1.5514200925827026
4,137,0.2776150703430176,3.1874611377716064
4,138,0.3888675272464752,6.872973442077637
4,139,0.02912837080657482,2.0525662899017334
4,140,0.022709054872393608,1.433652639389038
4,141,0.19606824219226837,1.0472553968429565
4,142,0.34634894132614136,1.1895077228546143
4,143,0.022674402222037315,0.7521938681602478
4,144,0.023504219949245453,0.8249605894088745
4,145,0.15756277740001678,2.3297536373138428
4,146,0.021114647388458252,1.3755093812942505
4,147,0.016610126942396164,1.032698392868042
4,148,0.1623041331768036,1.5775327682495117
4,149,0.10031559318304062,3.177922248840332
4,150,0.1335088610649109,1.9609578847885132
4,151,0.012516115792095661,0.4487883150577545
4,152,0.1284361630678177,1.871770977973938
4,153,0.30939605832099915,34.25100326538086
4,154,0.42368462681770325,3.986267566680908
4,155,0.11911804974079132,1.330522894859314
4,156,0.24877457320690155,3.19346284866333
4,157,0.022827643901109695,1.360901951789856
4,158,0.22585856914520264,4.221806526184082
4,159,0.06326400488615036,1.0646133422851562
4,160,0.02311255969107151,1.4974255561828613
4,161,0.10658841580152512,1.1908398866653442
4,162,0.019007159397006035,0.9133245348930359
4,163,0.017263948917388916,1.0480690002441406
4,164,0.2511485815048218,5.5850830078125
4,165,0.02171851135790348,1.1058915853500366
4,166,0.13863173127174377,2.2441673278808594
4,167,0.01844491995871067,1.0129363536834717
4,168,0.023397311568260193,1.5736459493637085
4,169,0.017186526209115982,0.917136013507843
4,170,0.31337010860443115,10.125643730163574
4,171,0.016374586150050163,0.9071282148361206
4,172,0.02407635562121868,1.338770866394043
4,173,0.23736746609210968,5.596582889556885
4,174,0.018344398587942123,1.1464107036590576
4,175,0.2971716821193695,3.718721866607666
4,176,0.4810863435268402,4.863795757293701
4,177,0.07299493998289108,1.9697306156158447
4,178,0.08070486783981323,1.7942885160446167
4,179,0.020939327776432037,3.839869976043701
4,180,0.011738990433514118,0.46820178627967834
4,181,0.2927672863006592,5.17760705947876
4,182,0.01217588409781456,0.6335680484771729
4,183,0.011355185881257057,0.5422840714454651
4,184,0.08310757577419281,3.0066945552825928
4,185,0.321199893951416,3.2332751750946045
4,186,0.2539558708667755,4.294869422912598
4,187,0.12261073291301727,2.468634843826294
4,188,0.07858715951442719,2.260462760925293
4,189,0.2849600315093994,3.5441503524780273
4,190,0.17135566473007202,2.0885426998138428
4,191,0.01823500171303749,0.9540315270423889
4,192,0.20853090286254883,1.374419093132019
4,193,0.022413229569792747,1.4285173416137695
4,194,0.12680086493492126,1.2395251989364624
4,195,0.024320116266608238,2.7025625705718994
4,196,0.36729922890663147,2.230423927307129
4,197,0.1119731143116951,1.980633020401001
4,198,0.23572427034378052,2.5710434913635254
4,199,0.03652903065085411,2.079944610595703
4,200,0.1757010668516159,1.1666120290756226
4,201,0.028636712580919266,2.3153908252716064
4,202,0.022412041202187538,1.6243313550949097
4,203,0.09771747887134552,2.371553897857666
4,204,0.023661736398935318,1.6424640417099
4,205,0.027987036854028702,1.8632605075836182
4,206,0.2634021043777466,5.39333963394165
4,207,0.17240263521671295,1.3749867677688599
4,208,0.02075243927538395,1.4386550188064575
4,209,0.34074899554252625,4.198373794555664
4,210,0.0656033605337143,1.2143092155456543
4,211,0.07204320281744003,28.181901931762695
4,212,0.02650473266839981,1.7079761028289795
4,213,0.20308443903923035,4.567440986633301
4,214,0.20390987396240234,2.0621495246887207
4,215,0.017183922231197357,1.1374353170394897
4,216,0.30146846175193787,3.5308120250701904
4,217,0.01313755102455616,0.8816364407539368
4,218,0.24718381464481354,4.8731536865234375
4,219,0.019275179132819176,1.1671488285064697
4,220,0.06906463205814362,0.7328764796257019
4,221,0.0828961580991745,1.4570099115371704
4,222,0.170815110206604,1.78974449634552
4,223,0.2925783693790436,4.3204026222229
4,224,0.0161590613424778,0.4746716320514679
4,225,0.09823111444711685,2.360600709915161
4,226,0.10509347170591354,5.707187652587891
4,227,0.17988745868206024,1.2510125637054443
4,228,0.14842896163463593,4.147970676422119
4,229,0.019390763714909554,0.6901902556419373
4,230,0.15856929123401642,0.9512491226196289
4,231,0.19629299640655518,0.9973317980766296
4,232,0.24787835776805878,1.3653852939605713
4,233,0.37623879313468933,4.688089370727539
4,234,0.015430694445967674,0.8754680156707764
4,235,0.3070664405822754,5.182123184204102
4,236,0.11618858575820923,1.0724618434906006
4,237,0.019130853936076164,1.3122386932373047
4,238,0.022316979244351387,1.6132452487945557
4,239,0.02306116372346878,1.3366748094558716
4,240,0.48990488052368164,4.931900978088379
4,241,0.09313073009252548,0.94619220495224
4,242,0.1910037249326706,0.8569934964179993
4,243,0.01610909402370453,1.0092265605926514
4,244,0.11487141251564026,4.6104607582092285
4,245,0.012043055146932602,0.698954164981842
4,246,0.1865548938512802,0.9581999182701111
4,247,0.18189574778079987,1.8348342180252075
4,248,0.15890707075595856,1.4419375658035278
4,249,0.07443869858980179,1.5225166082382202
4,250,0.016754642128944397,1.1388139724731445
4,251,0.11360742151737213,2.6376235485076904
4,252,0.1531742513179779,2.576691150665283
4,253,0.11509460210800171,1.4519976377487183
4,254,0.41343533992767334,5.361562728881836
4,255,0.11396852135658264,2.732131004333496
4,256,0.372738242149353,2.5023698806762695
4,257,0.27259576320648193,4.476097583770752
4,258,0.33022406697273254,3.7159082889556885
4,259,0.36565330624580383,3.5872771739959717
4,260,0.1313210278749466,2.867422103881836
4,261,0.10714845359325409,1.4760795831680298
4,262,0.18221554160118103,2.6005358695983887
4,263,0.17284679412841797,1.2135757207870483
4,264,0.042983148247003555,3.1993448734283447
4,265,0.21329724788665771,3.4454970359802246
4,266,0.05088165029883385,3.4905810356140137
4,267,0.04707389697432518,3.910156488418579
4,268,0.17444323003292084,1.508696436882019
4,269,0.049722686409950256,3.4831109046936035
4,270,0.1551496982574463,1.3943172693252563
4,271,0.06659163534641266,4.791864395141602
4,272,0.04443992301821709,3.3831236362457275
4,273,0.30128684639930725,2.1471035480499268
4,274,0.17476554214954376,1.8123540878295898
4,275,0.033035289496183395,2.7093260288238525
4,276,0.2804184854030609,2.2324297428131104
4,277,0.18063980340957642,1.9927992820739746
4,278,0.026782331988215446,1.6927616596221924
4,279,0.03050742857158184,1.4631924629211426
4,280,0.02220729924738407,1.305720567703247
4,281,0.2875666618347168,1.2623388767242432
4,282,0.16107967495918274,0.8263878226280212
4,283,0.15375952422618866,1.9609503746032715
4,284,0.013191723264753819,0.5042036771774292
4,285,0.16255447268486023,20.041017532348633
4,286,0.01582862064242363,1.0013951063156128
4,287,0.016932658851146698,0.5089356899261475
4,288,0.01604318432509899,0.9587104320526123
4,289,0.01852738857269287,4.809804439544678
4,290,0.19116848707199097,21.81090545654297
4,291,0.09024927765130997,12.159619331359863
4,292,0.013330412097275257,0.2583608031272888
4,293,0.12525701522827148,4.076275825500488
4,294,0.334389328956604,3.9577527046203613
4,295,0.011769050732254982,0.2539410889148712
4,296,0.1605491191148758,3.142333507537842
4,297,0.08542054146528244,1.5650887489318848
4,298,0.14937929809093475,25.185169219970703
4,299,0.14831234514713287,2.282078742980957
4,300,0.08766331523656845,1.873884677886963
4,301,0.1619560569524765,5.407765865325928
4,302,0.013526647351682186,0.5603071451187134
4,303,0.20693758130073547,2.900473117828369
4,304,0.17698031663894653,3.4954936504364014
4,305,0.01586417481303215,0.9597867727279663
4,306,0.15262296795845032,1.3549575805664062
4,307,0.14375190436840057,2.7472891807556152
4,308,0.298138827085495,2.605980396270752
4,309,0.2645954191684723,2.6170198917388916
5,0,0.15233132243156433,2.3794193267822266
5,1,0.28491249680519104,1.5766528844833374
5,2,0.41945284605026245,7.1567511558532715
5,3,0.02525120973587036,1.798513412475586
5,4,0.027792897075414658,1.8520652055740356
5,5,0.029386749491095543,1.7762038707733154
5,6,0.18863163888454437,1.0269170999526978
5,7,0.3152768313884735,6.410636901855469
5,8,0.1538289487361908,1.7385916709899902
5,9,0.1564253866672516,1.7282577753067017
5,10,0.13637490570545197,1.634968876838684
5,11,0.3316955268383026,2.705447196960449
5,12,0.030383935198187828,2.102189779281616
5,13,0.028555136173963547,1.8764371871948242
5,14,0.025526827201247215,1.721481204032898
5,15,0.0943865105509758,1.8297990560531616
5,16,0.2857576906681061,3.207329034805298
5,17,0.02892209030687809,1.7298346757888794
5,18,0.07137090712785721,3.133471965789795
5,19,0.13240951299667358,1.762656569480896
5,20,0.02459828183054924,1.594508171081543
5,21,0.34000885486602783,7.4469499588012695
5,22,0.1366063952445984,1.3418446779251099
5,23,0.1826494336128235,1.2565245628356934
5,24,0.16744095087051392,1.6089181900024414
5,25,0.01940479874610901,1.306543231010437
5,26,0.023282555863261223,1.6570931673049927
5,27,0.2660064697265625,5.0254902839660645
5,28,0.22318676114082336,2.8691391944885254
5,29,0.18347860872745514,1.7954001426696777
5,30,0.20733168721199036,4.594892501831055
5,31,0.07459056377410889,1.226500153541565
5,32,0.0857127383351326,1.0403941869735718
5,33,0.30623573064804077,2.725768566131592
5,34,0.1520090401172638,1.0095319747924805
5,35,0.15098045766353607,1.6592378616333008
5,36,0.020757179707288742,1.3184545040130615
5,37,0.025283677503466606,1.8734283447265625
5,38,0.02097473479807377,1.2799376249313354
5,39,0.025706440210342407,4.026637077331543
5,40,0.2953367233276367,5.710684776306152
5,41,0.1622159332036972,3.7617075443267822
5,42,0.020298438146710396,1.2078545093536377
5,43,0.160550057888031,1.5991746187210083
5,44,0.02616620436310768,1.5320161581039429
5,45,0.10186543315649033,2.2488863468170166
5,46,0.02052786387503147,1.4120466709136963
5,47,0.017668886110186577,1.0377230644226074
5,48,0.019079750403761864,1.182651162147522
5,49,0.019911399111151695,1.268059492111206
5,50,0.3036075830459595,3.835516929626465
5,51,0.049176380038261414,0.8222882151603699
5,52,0.19667132198810577,1.4490610361099243
5,53,0.13735593855381012,3.504953622817993
5,54,0.1603773981332779,2.081537961959839
5,55,0.19947479665279388,1.0152324438095093
5,56,0.2523193657398224,12.918697357177734
5,57,0.023323988541960716,2.0182437896728516
5,58,0.016105961054563522,0.7023437023162842
5,59,0.07212474942207336,2.6045632362365723
5,60,0.014403630048036575,0.3906842768192291
5,61,0.06081722304224968,1.093265414237976
5,62,0.19754858314990997,5.229639530181885
5,63,0.01684069074690342,0.9663691520690918
5,64,0.0878324806690216,2.407557964324951
5,65,0.15230043232440948,2.873500347137451
5,66,0.05072217062115669,1.033008337020874
5,67,0.23494327068328857,3.1954917907714844
5,68,0.4964263141155243,8.106810569763184
5,69,0.0663461983203888,0.9920381307601929
5,70,0.17258179187774658,2.109179973602295
5,71,0.01876942068338394,1.046269416809082
5,72,0.12913569808006287,2.165896415710449
5,73,0.10105840116739273,1.9155522584915161
5,74,0.01848633773624897,1.6106809377670288
5,75,0.07448899000883102,1.7123326063156128
5,76,0.2136905938386917,2.3607473373413086
5,77,0.02386811561882496,1.7420047521591187
5,78,0.20266003906726837,6.216518402099609
5,79,0.09570874273777008,1.746315598487854
5,80,0.06787806749343872,1.8132052421569824
5,81,0.14427319169044495,2.9195001125335693
5,82,0.023695306852459908,2.0301029682159424
5,83,0.03913688287138939,3.6615219116210938
5,84,0.1975536048412323,1.5247764587402344
5,85,0.15264536440372467,2.6086840629577637
5,86,0.2104538381099701,2.823960304260254
5,87,0.14774790406227112,2.2843515872955322
5,88,0.054833024740219116,1.9566431045532227
5,89,0.0277085043489933,2.409782648086548
5,90,0.05491992458701134,3.3762810230255127
5,91,0.020436439663171768,1.7360832691192627
5,92,0.1328432410955429,17.729707717895508
5,93,0.026173613965511322,2.216869354248047
5,94,0.2413993626832962,3.799257278442383
5,95,0.15705402195453644,4.597576141357422
5,96,0.13293156027793884,1.7836008071899414
5,97,0.19817596673965454,4.077141284942627
5,98,0.029506029561161995,2.878406047821045
5,99,0.12832383811473846,1.7454235553741455
5,100,0.19110612571239471,0.8962578773498535
5,101,0.19667381048202515,6.819323539733887
5,102,0.1826322376728058,0.9595773816108704
5,103,0.024467622861266136,2.335036516189575
5,104,0.19757388532161713,2.1976470947265625
5,105,0.15317940711975098,3.771423101425171
5,106,0.24372383952140808,4.982291221618652
5,107,0.3575741946697235,3.222426414489746
5,108,0.02037636563181877,1.6375809907913208
5,109,0.03589900583028793,3.7175779342651367
5,110,0.02033708244562149,1.5827306509017944
5,111,0.04874629154801369,0.959916353225708
5,112,0.13390375673770905,1.502336859703064
5,113,0.030700452625751495,2.950037956237793
5,114,0.02264499105513096,1.3238199949264526
5,115,0.18364004790782928,4.442390441894531
5,116,0.017288226634263992,1.2580775022506714
5,117,0.018906455487012863,1.4387974739074707
5,118,0.10500077903270721,35.2501335144043
5,119,0.04904675483703613,0.840517520904541
5,120,0.09041087329387665,4.585615158081055
5,121,0.09428532421588898,54.3477783203125
5,122,0.2472822666168213,21.46799087524414
5,123,0.161770761013031,4.503268718719482
5,124,0.30531951785087585,4.957061767578125
5,125,0.23058977723121643,9.489794731140137
5,126,0.16507738828659058,19.372760772705078
5,127,0.02464764378964901,1.6758228540420532
5,128,0.36999884247779846,4.6560540199279785
5,129,0.021888360381126404,1.4482327699661255
5,130,0.07378578931093216,3.1985838413238525
5,131,0.10890502482652664,2.0271148681640625
5,132,0.0806044489145279,2.8732824325561523
5,133,0.17172764241695404,2.7698867321014404
5,134,0.10800009965896606,3.6751623153686523
5,135,0.216483473777771,4.972036361694336
5,136,0.20594991743564606,1.3988475799560547
5,137,0.2206057906150818,2.195020914077759
5,138,0.04036827012896538,1.2940303087234497
5,139,0.4508798122406006,5.687999248504639
5,140,0.038140371441841125,4.299710273742676
5,141,0.05122627690434456,1.9926364421844482
5,142,0.0682460218667984,1.9455547332763672
5,143,0.063465416431427,3.2414233684539795
5,144,0.13316021859645844,1.953373670578003
5,145,0.19633585214614868,2.4852828979492188
5,146,0.18380898237228394,1.054918646812439
5,147,0.21715261042118073,7.247082710266113
5,148,0.2971901297569275,4.08961820602417
5,149,0.20913852751255035,1.0566718578338623
5,150,0.047392815351486206,4.838466167449951
5,151,0.19595174491405487,1.9192432165145874
5,152,0.036910273134708405,4.194881439208984
5,153,0.14378906786441803,2.0643086433410645
5,154,0.09988268464803696,3.584404706954956
5,155,0.29046350717544556,4.430222511291504
5,156,0.06674089282751083,5.412586212158203
5,157,0.10210157930850983,2.648477077484131
5,158,0.11820898205041885,2.09035325050354
5,159,0.07879035174846649,2.9690606594085693
5,160,0.09337767213582993,5.3321852684021
5,161,0.02762601524591446,2.479351282119751
5,162,0.07209420949220657,1.84236741065979
5,163,0.10796740651130676,6.90090799331665
5,164,0.19429567456245422,5.5608134269714355
5,165,0.17986293137073517,2.8437211513519287
5,166,0.1575319468975067,2.254753351211548
5,167,0.17071807384490967,1.13996422290802
5,168,0.028242453932762146,1.8680744171142578
5,169,0.021871021017432213,2.228229284286499
5,170,0.021736091002821922,1.9812887907028198
5,171,0.02713504247367382,2.463097333908081
5,172,0.0957852303981781,1.069951057434082
5,173,0.01729668863117695,1.2656164169311523
5,174,0.15709617733955383,19.123071670532227
5,175,0.016536448150873184,1.225459098815918
5,176,0.36564159393310547,23.14060401916504
5,177,0.01742849126458168,1.1020886898040771
5,178,0.01574695110321045,0.8964689373970032
5,179,0.33578893542289734,44.699039459228516
5,180,0.018140101805329323,4.499177932739258
5,181,0.048666030168533325,2.1796886920928955
5,182,0.012514812871813774,1.0695043802261353
5,183,0.18820413947105408,6.0505475997924805
5,184,0.3789691627025604,5.616821765899658
5,185,0.011131533421576023,0.4104926884174347
5,186,0.021733902394771576,2.215832471847534
5,187,0.011793381534516811,0.7985917925834656
5,188,0.3196863532066345,17.530689239501953
5,189,0.17867371439933777,2.171009063720703
5,190,0.3483120799064636,3.8612570762634277
5,191,0.009237966500222683,0.4240971803665161
5,192,0.011577911674976349,0.2565402090549469
5,193,0.08757782727479935,2.741447687149048
5,194,0.1897367537021637,4.413640022277832
5,195,0.1640494018793106,4.92647647857666
5,196,0.1424112319946289,2.849813938140869
5,197,0.15546703338623047,5.248395919799805
5,198,0.009410732425749302,0.3937860131263733
5,199,0.28331127762794495,6.724949359893799
5,200,0.012875815853476524,1.2723298072814941
5,201,0.20339103043079376,1.5927069187164307
5,202,0.0154590904712677,1.262087345123291
5,203,0.01354445330798626,1.0546562671661377
5,204,0.2621888518333435,7.267567157745361
5,205,0.20628373324871063,1.1792831420898438
5,206,0.02316606044769287,2.5688085556030273
5,207,0.5184714794158936,5.325448989868164
5,208,0.06687729805707932,1.0376255512237549
5,209,0.16445891559123993,5.071506977081299
5,210,0.026943083852529526,3.043860912322998
5,211,0.06662483513355255,2.3375086784362793
5,212,0.013539241626858711,1.1104673147201538
5,213,0.014336904510855675,0.45428016781806946
5,214,0.01572263613343239,1.1824111938476562
5,215,0.10040905326604843,3.177579402923584
5,216,0.019455308094620705,1.8180959224700928
5,217,0.10880694538354874,2.5394911766052246
5,218,0.01911401003599167,1.7083097696304321
5,219,0.15091022849082947,3.104979991912842
5,220,0.18165363371372223,0.8047841787338257
5,221,0.3104684352874756,7.943822860717773
5,222,0.016122881323099136,1.4032751321792603
5,223,0.053864736109972,1.5988761186599731
5,224,0.01075286790728569,0.6591650247573853
5,225,0.1942928433418274,2.186432361602783
5,226,0.31635624170303345,3.2601988315582275
5,227,0.017680931836366653,1.1824251413345337
5,228,0.19791461527347565,17.41564178466797
5,229,0.22634509205818176,6.40557336807251
5,230,0.01641608588397503,1.5160845518112183
5,231,0.19327503442764282,1.3587522506713867
5,232,0.4212653636932373,14.264886856079102
5,233,0.11092744022607803,2.163677453994751
5,234,0.33645349740982056,5.195418357849121
5,235,0.3559335768222809,2.262432813644409
5,236,0.3683488368988037,1.449594259262085
5,237,0.22507543861865997,1.0909665822982788
5,238,0.02496972866356373,2.4031550884246826
5,239,0.19099344313144684,0.8428514003753662
5,240,0.01569328084588051,1.1051620244979858
5,241,0.020971857011318207,2.3494598865509033
5,242,0.08309249579906464,2.429523468017578
5,243,0.34424301981925964,4.138016223907471
5,244,0.47395095229148865,6.873082160949707
5,245,0.053402990102767944,1.8670732975006104
5,246,0.08501124382019043,1.671502947807312
5,247,0.1522337943315506,1.5025579929351807
5,248,0.19308899343013763,2.6661744117736816
5,249,0.0950738862156868,1.7004914283752441
5,250,0.03580757975578308,3.554553985595703
5,251,0.11385323107242584,2.1025094985961914
5,252,0.04261349141597748,2.3548786640167236
5,253,0.14082352817058563,1.9226698875427246
5,254,0.05692167580127716,2.1992461681365967
5,255,0.03222661092877388,3.2053945064544678
5,256,0.17583826184272766,1.7854586839675903
5,257,0.20740477740764618,39.58855438232422
5,258,0.22618673741817474,5.191318035125732
5,259,0.02976011112332344,2.817608118057251
5,260,0.03066830150783062,2.5663650035858154
5,261,0.06258026510477066,2.0776634216308594
5,262,0.17085152864456177,3.0920703411102295
5,263,0.02206665836274624,1.7657231092453003
5,264,0.16883358359336853,3.1174402236938477
5,265,0.015388062223792076,0.8807915449142456
5,266,0.13843131065368652,3.065235137939453
5,267,0.02381891757249832,1.7031711339950562
5,268,0.049867499619722366,1.6649501323699951
5,269,0.17421603202819824,1.8445850610733032
5,270,0.17438624799251556,0.7324937582015991
5,271,0.03169127553701401,0.7747997045516968
5,272,0.0999932512640953,14.088274002075195
5,273,0.21603171527385712,2.9954192638397217
5,274,0.2935713231563568,9.06973648071289
5,275,0.01736334152519703,1.3844913244247437
5,276,0.2855830788612366,8.937814712524414
5,277,0.253860741853714,4.354898452758789
5,278,0.12423857301473618,7.637363910675049
5,279,0.01641935110092163,0.659820556640625
5,280,0.2431507408618927,31.972869873046875
5,281,0.016590949147939682,1.4341939687728882
5,282,0.012294272892177105,0.5694973468780518
5,283,0.038408417254686356,2.1308400630950928
5,284,0.4504786431789398,6.34358024597168
5,285,0.02093920111656189,5.765937805175781
5,286,0.016316741704940796,1.3394956588745117
5,287,0.1453021615743637,1.3402447700500488
5,288,0.4862740635871887,11.41715145111084
5,289,0.10264180600643158,6.779868125915527
5,290,0.1537780612707138,2.121934413909912
5,291,0.01432364247739315,1.0872615575790405
5,292,0.04322518780827522,0.8289257287979126
5,293,0.018923165276646614,1.5494037866592407
5,294,0.1688138097524643,5.859478950500488
5,295,0.17789210379123688,6.398387908935547
5,296,0.01889362372457981,1.396160364151001
5,297,0.24064098298549652,5.660550594329834
5,298,0.16038565337657928,1.4098927974700928
5,299,0.07763809710741043,3.368149995803833
5,300,0.35717323422431946,1.8386967182159424
5,301,0.0654231533408165,2.5780909061431885
5,302,0.12880553305149078,2.9584624767303467
5,303,0.19415691494941711,2.1151957511901855
5,304,0.40568608045578003,7.594418048858643
5,305,0.03809349611401558,3.9968020915985107
5,306,0.19751930236816406,3.756209135055542
5,307,0.03282893821597099,2.6929738521575928
5,308,0.19884830713272095,2.1140224933624268
5,309,0.05297165736556053,1.4605647325515747
6,0,0.025638805702328682,2.5497090816497803
6,1,0.02368549257516861,2.2422661781311035
6,2,0.07005612552165985,1.276617169380188
6,3,0.032759781926870346,2.224477529525757
6,4,0.16943009197711945,2.2432355880737305
6,5,0.03571842983365059,3.1358120441436768
6,6,0.3342564105987549,9.947568893432617
6,7,0.20737001299858093,2.017352819442749
6,8,0.0205386970192194,1.3162213563919067
6,9,0.028804222121834755,2.955803632736206
6,10,0.0180647075176239,1.605218768119812
6,11,0.023320138454437256,1.8877836465835571
6,12,0.18409302830696106,1.2303354740142822
6,13,0.0849146842956543,2.357161521911621
6,14,0.12187657505273819,4.381344795227051
6,15,0.5393929481506348,7.524569988250732
6,16,0.16674098372459412,0.8309582471847534
6,17,0.2152712047100067,9.827714920043945
6,18,0.022409619763493538,1.5532910823822021
6,19,0.16529320180416107,2.554389238357544
6,20,0.34452664852142334,1.5648128986358643
6,21,0.22289036214351654,5.62188720703125
6,22,0.08245059847831726,2.473003387451172
6,23,0.050724808126688004,1.4402889013290405
6,24,0.11439085751771927,1.8506356477737427
6,25,0.07933561503887177,2.9298489093780518
6,26,0.33739933371543884,4.525134086608887
6,27,0.05757555738091469,4.761648178100586
6,28,0.04777591675519943,4.355413913726807
6,29,0.02791762910783291,1.8147573471069336
6,30,0.2143053263425827,2.5242276191711426
6,31,0.03746588155627251,4.5782389640808105
6,32,0.019069982692599297,1.5877941846847534
6,33,0.16286475956439972,1.7989835739135742
6,34,0.14578628540039062,4.660470962524414
6,35,0.021370775997638702,3.037191867828369
6,36,0.15594317018985748,1.527695655822754
6,37,0.16832350194454193,1.7045838832855225
6,38,0.15246860682964325,2.747110605239868
6,39,0.026248807087540627,2.3629376888275146
6,40,0.025081541389226913,2.7317771911621094
6,41,0.03719159588217735,0.6826147437095642
6,42,0.01942465826869011,1.6668914556503296
6,43,0.06157967820763588,1.0547343492507935
6,44,0.14188650250434875,2.5346479415893555
6,45,0.1425366997718811,1.740451455116272
6,46,0.17099829018115997,0.8473798632621765
6,47,0.18857517838478088,1.816739797592163
6,48,0.32292163372039795,2.7126824855804443
6,49,0.06106645613908768,1.9070837497711182
6,50,0.024049025028944016,2.5257110595703125
6,51,0.039269302040338516,3.8862123489379883
6,52,0.018124643713235855,1.3679922819137573
6,53,0.017221542075276375,1.2413662672042847
6,54,0.14488333463668823,14.761609077453613
6,55,0.019219258800148964,1.4471224546432495
6,56,0.017713874578475952,1.486320972442627
6,57,0.17978902161121368,4.436968803405762
6,58,0.020853497087955475,2.259443998336792
6,59,0.11725042760372162,4.125731945037842
6,60,0.16393809020519257,2.360658645629883
6,61,0.18858331441879272,1.6451524496078491
6,62,0.02344750426709652,2.3126330375671387
6,63,0.12969404458999634,5.406239986419678
6,64,0.014176688157022,0.5268240571022034
6,65,0.4381444752216339,8.12307357788086
6,66,0.16707679629325867,2.0488407611846924
6,67,0.03337562829256058,1.6374783515930176
6,68,0.01898990385234356,1.4729347229003906
6,69,0.04443389177322388,0.993823766708374
6,70,0.3347148001194,2.35064435005188
6,71,0.13518677651882172,1.89499831199646
6,72,0.026448460295796394,3.2408454418182373
6,73,0.2999592125415802,4.2790446281433105
6,74,0.16287243366241455,8.759352684020996
6,75,0.025517815724015236,2.759864568710327
6,76,0.23676200211048126,4.241466045379639
6,77,0.18482606112957,2.074171543121338
6,78,0.029365628957748413,2.724910259246826
6,79,0.015521288849413395,1.3902747631072998
6,80,0.031151551753282547,0.7148004174232483
6,81,0.016493381932377815,1.1114147901535034
6,82,0.16611607372760773,1.2398908138275146
6,83,0.2751595079898834,5.331971645355225
6,84,0.28685954213142395,3.285348653793335
6,85,0.07278323918581009,3.332407236099243
6,86,0.020998185500502586,1.6662877798080444
6,87,0.2134672850370407,2.195125102996826
6,88,0.1768314391374588,2.355954885482788
6,89,0.15816546976566315,1.0980619192123413
6,90,0.11611716449260712,2.0822794437408447
6,91,0.3327290117740631,5.075730323791504
6,92,0.26572322845458984,2.5710484981536865
6,93,0.039579834789037704,1.0792019367218018
6,94,0.06862694025039673,4.63088321685791
6,95,0.10499390214681625,19.637977600097656
6,96,0.18008598685264587,6.244112491607666
6,97,0.06729577481746674,2.4125990867614746
6,98,0.01702066883444786,1.519187331199646
6,99,0.019654344767332077,1.30199134349823
6,100,0.01727035827934742,1.3809703588485718
6,101,0.023916596546769142,2.469813346862793
6,102,0.2163786143064499,12.019001960754395
6,103,0.05684587359428406,16.505640029907227
6,104,0.011316720396280289,0.4732195734977722
6,105,0.37042248249053955,11.575711250305176
6,106,0.20841620862483978,14.540433883666992
6,107,0.2503378093242645,5.218367099761963
6,108,0.08425033092498779,4.853152275085449
6,109,0.08376428484916687,3.532099723815918
6,110,0.1555352509021759,3.825490951538086
6,111,0.06462902575731277,22.3375186920166
6,112,0.21769200265407562,5.160542011260986
6,113,0.14471779763698578,1.8380776643753052
6,114,0.020862232893705368,1.9207243919372559
6,115,0.20601636171340942,12.332488059997559
6,116,0.050681307911872864,1.0647493600845337
6,117,0.1958749145269394,1.2881022691726685
6,118,0.18454736471176147,1.3638197183609009
6,119,0.07661042362451553,3.4349331855773926
6,120,0.018911920487880707,1.7609527111053467
6,121,0.10839378833770752,3.4759037494659424
6,122,0.021470963954925537,1.4489158391952515
6,123,0.017343854531645775,1.1654152870178223
6,124,0.025987155735492706,2.7403452396392822
6,125,0.24886861443519592,7.713900089263916
6,126,0.1524762064218521,5.139214992523193
6,127,0.1421542763710022,2.7760443687438965
6,128,0.016416743397712708,1.2367035150527954
6,129,0.2591162621974945,2.8391222953796387
6,130,0.2792937755584717,2.684032917022705
6,131,0.02715976908802986,4.143429279327393
6,132,0.06276033073663712,1.2135323286056519
6,133,0.012159529142081738,0.3932253420352936
6,134,0.16959984600543976,5.817933082580566
6,135,0.12712189555168152,3.6223349571228027
6,136,0.016122424975037575,1.2683979272842407
6,137,0.1107724979519844,2.283447265625
6,138,0.14326924085617065,2.074766159057617
6,139,0.0462372824549675,3.017963171005249
6,140,0.04867815598845482,1.294893741607666
6,141,0.18390151858329773,2.267784833908081
6,142,0.18630757927894592,0.7968152761459351
6,143,0.28761914372444153,59.11040115356445
6,144,0.2890111804008484,2.5417370796203613
6,145,0.02977622300386429,0.7695572972297668
6,146,0.3424699902534485,4.221723556518555
6,147,0.013313583098351955,0.6326820850372314
6,148,0.024504974484443665,2.4312784671783447
6,149,0.3750738799571991,8.450026512145996
6,150,0.023433996364474297,2.4967527389526367
6,151,0.02155659720301628,1.9316107034683228
6,152,0.1742016226053238,7.217438220977783
6,153,0.18658961355686188,1.0675745010375977
6,154,0.04715585708618164,1.899435043334961
6,155,0.02357276901602745,2.743767023086548
6,156,0.14822158217430115,2.8811094760894775
6,157,0.030487794429063797,3.46147084236145
6,158,0.02733638323843479,2.863877296447754
6,159,0.024050338193774223,2.119811773300171
6,160,0.263207346200943,5.2222580909729
6,161,0.07152626663446426,3.40779447555542
6,162,0.18752971291542053,1.4735246896743774
6,163,0.3635141849517822,5.736223220825195
6,164,0.016605963930487633,1.1164599657058716
6,165,0.2249884456396103,1.3147379159927368
6,166,0.05531049892306328,4.287214279174805
6,167,0.020091908052563667,2.178154945373535
6,168,0.16689343750476837,5.2492804527282715
6,169,0.1606401652097702,2.326882839202881
6,170,0.02683267742395401,2.811262607574463
6,171,0.021395741030573845,1.9495807886123657
6,172,0.13759513199329376,1.4028511047363281
6,173,0.27796751260757446,5.022891044616699
6,174,0.01753285713493824,0.7271080613136292
6,175,0.017027147114276886,1.24680757522583
6,176,0.055725425481796265,1.7895183563232422
6,177,0.03045974113047123,2.5015065670013428
6,178,0.1953151673078537,3.1498780250549316
6,179,0.028263192623853683,2.9005510807037354
6,180,0.014884572476148605,0.9772801995277405
6,181,0.015122933313250542,1.1964173316955566
6,182,0.11761343479156494,2.3029944896698
6,183,0.02269824407994747,2.479581594467163
6,184,0.31982338428497314,4.018792152404785
6,185,0.09707587212324142,5.548328876495361
6,186,0.0408051423728466,1.3661303520202637
6,187,0.0294563677161932,2.874816656112671
6,188,0.016946837306022644,1.2426475286483765
6,189,0.04267566278576851,2.5978498458862305
6,190,0.01584397256374359,1.2882789373397827
6,191,0.17067809402942657,1.3388113975524902
6,192,0.021314682438969612,1.7452855110168457
6,193,0.2971453368663788,2.1252024173736572
6,194,0.08172066509723663,2.598853826522827
6,195,0.12158522754907608,2.840888023376465
6,196,0.022659046575427055,3.036716938018799
6,197,0.35385847091674805,1.839953064918518
6,198,0.09669758379459381,7.206382751464844
6,199,0.1245192438364029,11.518241882324219
6,200,0.1312221735715866,8.531457901000977
6,201,0.05324437841773033,1.4554442167282104
6,202,0.158623605966568,2.2802391052246094
6,203,0.015480604954063892,1.037047028541565
6,204,0.19175070524215698,11.141763687133789
6,205,0.11376064270734787,5.100314140319824
6,206,0.016453010961413383,2.834697961807251
6,207,0.030817851424217224,3.468365430831909
6,208,0.1801455020904541,1.2406115531921387
6,209,0.4929805099964142,4.595439434051514
6,210,0.034733615815639496,1.0298895835876465
6,211,0.07143927365541458,3.8413748741149902
6,212,0.22492405772209167,10.458666801452637
6,213,0.019435293972492218,1.188711166381836
6,214,0.03646649792790413,0.956797182559967
6,215,0.015859855338931084,0.9096223711967468
6,216,0.02400081232190132,2.019044876098633
6,217,0.04262280836701393,2.4842560291290283
6,218,0.27185869216918945,5.740201950073242
6,219,0.17518597841262817,0.8396452069282532
6,220,0.13639476895332336,3.8734092712402344
6,221,0.14389854669570923,1.2596540451049805
6,222,0.11862728744745255,2.789094924926758
6,223,0.01847958192229271,1.2525177001953125
6,224,0.026995930820703506,2.664778709411621
6,225,0.033853162080049515,1.1795779466629028
6,226,0.15389235317707062,4.2736592292785645
6,227,0.012686635367572308,0.42511263489723206
6,228,0.190757617354393,7.7170939445495605
6,229,0.12088602036237717,5.083657741546631
6,230,0.16810192167758942,1.727011799812317
6,231,0.015905356034636497,1.179248571395874
6,232,0.5982598066329956,4.285816669464111
6,233,0.347112238407135,13.330519676208496
6,234,0.12426899373531342,5.9463324546813965
6,235,0.03302626311779022,0.9486797451972961
6,236,0.04991989582777023,1.1403928995132446
6,237,0.014016961678862572,0.9273043870925903
6,238,0.02280300483107567,2.4870288372039795
6,239,0.13306915760040283,23.585262298583984
6,240,0.12720495462417603,1.378726840019226
6,241,0.18347349762916565,1.490968108177185
6,242,0.2113019824028015,3.2542946338653564
6,243,0.22427476942539215,10.110265731811523
6,244,0.11629354953765869,2.881516695022583
6,245,0.019070375710725784,1.7945802211761475
6,246,0.034033358097076416,0.7426855564117432
6,247,0.2603129744529724,9.470014572143555
6,248,0.023950310423970222,2.2572672367095947
6,249,0.018168980255723,1.3673372268676758
6,250,0.013888642191886902,0.9167270660400391
6,251,0.16704002022743225,1.9023003578186035
6,252,0.021016279235482216,1.9686481952667236
6,253,0.11108171194791794,3.121978282928467
6,254,0.019495956599712372,1.9378600120544434
6,255,0.011552799493074417,0.6682358980178833
6,256,0.31788837909698486,4.9008989334106445
6,257,0.3171330988407135,3.7286765575408936
6,258,0.029667643830180168,1.5152735710144043
6,259,0.02753310464322567,1.0142621994018555
6,260,0.3734213411808014,7.311047554016113
6,261,0.14042000472545624,8.60647201538086
6,262,0.1498829871416092,3.511420726776123
6,263,0.02008111961185932,1.9479719400405884
6,264,0.16724969446659088,2.8893721103668213
6,265,0.2152269184589386,2.8284645080566406
6,266,0.0843784287571907,2.43202805519104
6,267,0.01499092672020197,1.1572529077529907
6,268,0.015442307107150555,0.9224144220352173
6,269,0.012226908467710018,0.5916858315467834
6,270,0.01696310006082058,0.7804840803146362
6,271,0.17805840075016022,2.8332834243774414
6,272,0.01765269972383976,1.7143751382827759
6,273,0.15314018726348877,3.1747488975524902
6,274,0.20500712096691132,1.4990193843841553
6,275,0.13470013439655304,17.98244857788086
6,276,0.023358821868896484,2.920435905456543
6,277,0.19342097640037537,8.06552505493164
6,278,0.06628572195768356,1.594668984413147
6,279,0.2296302616596222,6.0285725593566895
6,280,0.46305224299430847,5.072347640991211
6,281,0.38226428627967834,10.046629905700684
6,282,0.46438324451446533,3.314785957336426
6,283,0.018806224688887596,2.030468702316284
6,284,0.34499868750572205,4.364955902099609
6,285,0.02468506619334221,2.1831438541412354
6,286,0.11803994327783585,4.15220308303833
6,287,0.14616668224334717,4.289946556091309
6,288,0.12240762263536453,3.36521577835083
6,289,0.2404383271932602,7.797756671905518
6,290,0.029114948585629463,1.4190105199813843
6,291,0.13006705045700073,2.203941822052002
6,292,0.1642870008945465,0.8743194341659546
6,293,0.042528025805950165,1.552748441696167
6,294,0.13393794000148773,4.34644079208374
6,295,0.013148182071745396,0.649207353591919
6,296,0.1743345707654953,0.9512473940849304
6,297,0.16798177361488342,5.075721740722656
6,298,0.026492564007639885,2.853254795074463
6,299,0.15027721226215363,2.4938368797302246
6,300,0.11466246843338013,4.597275733947754
6,301,0.22505013644695282,3.0420660972595215
6,302,0.0655256137251854,1.694105625152588
6,303,0.19468411803245544,2.00240421295166
6,304,0.15244095027446747,6.094333171844482
6,305,0.025885555893182755,2.502321243286133
6,306,0.042789947241544724,1.1099340915679932
6,307,0.02442922443151474,2.576997995376587
6,308,0.16661106050014496,4.385472297668457
6,309,0.013824381865561008,0.8815712332725525
7,0,0.040429674088954926,1.1488322019577026
7,1,0.1651180237531662,1.6560742855072021
7,2,0.17037846148014069,1.7261629104614258
7,3,0.01714147999882698,1.6647801399230957
7,4,0.03857509046792984,1.4222232103347778
7,5,0.06421956419944763,1.1779415607452393
7,6,0.037823859602212906,1.0678200721740723
7,7,0.03551891818642616,0.7058416604995728
7,8,0.2260822206735611,7.624558925628662
7,9,0.017075983807444572,1.3448303937911987
7,10,0.08793389797210693,2.1579644680023193
7,11,0.20740297436714172,6.606264591217041
7,12,0.057051725685596466,1.7660597562789917
7,13,0.014335662126541138,0.8827334642410278
7,14,0.1760057508945465,2.688291072845459
7,15,0.022616004571318626,2.1488735675811768
7,16,0.032578323036432266,4.6062188148498535
7,17,0.026577666401863098,1.0973809957504272
7,18,0.26014113426208496,5.72572660446167
7,19,0.14888200163841248,1.2299389839172363
7,20,0.45434433221817017,4.450442790985107
7,21,0.158490389585495,2.944687604904175
7,22,0.013574189506471157,1.0112903118133545
7,23,0.06947419792413712,2.961081027984619
7,24,0.014964795671403408,1.0990290641784668
7,25,0.04315005615353584,0.9748784899711609
7,26,0.017092980444431305,0.7885481119155884
7,27,0.19220630824565887,3.068305492401123
7,28,0.019071180373430252,2.0720484256744385
7,29,0.022993752732872963,2.10469388961792
7,30,0.12077222019433975,4.351974964141846
7,31,0.01763284020125866,1.6218156814575195
7,32,0.019790159538388252,2.3496410846710205
7,33,0.022530823945999146,2.3723061084747314
7,34,0.018899787217378616,1.8978408575057983
7,35,0.30169326066970825,6.868600845336914
7,36,0.4087366759777069,13.706012725830078
7,37,0.3831635117530823,12.182353973388672
7,38,0.30295538902282715,2.273024082183838
7,39,0.0249447301030159,2.6698498725891113
7,40,0.022395538166165352,2.342463493347168
7,41,0.1256314069032669,3.681891679763794
7,42,0.02078339457511902,2.11226487159729
7,43,0.18851950764656067,2.023972272872925
7,44,0.018602514639496803,1.4292341470718384
7,45,0.13684774935245514,3.549760341644287
7,46,0.014189256355166435,1.016572117805481
7,47,0.12318197637796402,2.5403382778167725
7,48,0.0490555614233017,1.8656384944915771
7,49,0.38040322065353394,15.794313430786133
7,50,0.07425376772880554,5.033898830413818
7,51,0.023946287110447884,2.5225002765655518
7,52,0.10530062019824982,7.78800630569458
7,53,0.055920787155628204,4.523412704467773
7,54,0.11992178112268448,2.273129940032959
7,55,0.2575775384902954,5.815977096557617
7,56,0.18059903383255005,1.1107585430145264
7,57,0.21941830217838287,1.7252529859542847
7,58,0.07868482172489166,3.145686626434326
7,59,0.01744166575372219,1.5755149126052856
7,60,0.015282991342246532,1.0270663499832153
7,61,0.018822357058525085,1.7399684190750122
7,62,0.43755677342414856,5.3580498695373535
7,63,0.36811065673828125,3.578047037124634
7,64,0.1213957816362381,1.694847583770752
7,65,0.019105955958366394,1.9940273761749268
7,66,0.017300881445407867,1.9074428081512451
7,67,0.13067755103111267,6.32561731338501
7,68,0.04064882546663284,1.5844221115112305
7,69,0.09060763567686081,3.3959574699401855
7,70,0.1656351387500763,2.104445219039917
7,71,0.3596971333026886,8.59672737121582
7,72,0.014139187522232533,1.0434114933013916
7,73,0.17943859100341797,6.052937984466553
7,74,0.31342244148254395,5.959311008453369
7,75,0.10196228325366974,4.114459037780762
7,76,0.03369256854057312,4.060013771057129
7,77,0.2146288901567459,4.993373870849609
7,78,0.016628069803118706,1.9273474216461182
7,79,0.014283080585300922,1.2178680896759033
7,80,0.015594391152262688,1.234474778175354
7,81,0.31496453285217285,4.4402241706848145
7,82,0.1460239738225937,2.24931001663208
7,83,0.01684565469622612,1.974827527999878
7,84,0.08487729728221893,5.88634729385376
7,85,0.015053379349410534,1.2875609397888184
7,86,0.023073995485901833,2.2319748401641846
7,87,0.07808683067560196,3.0004355907440186
7,88,0.025120055302977562,2.746546506881714
7,89,0.16352935135364532,2.0980000495910645
7,90,0.3661932945251465,3.7104218006134033
7,91,0.017491815611720085,1.6239570379257202
7,92,0.0171116404235363,1.400509238243103
7,93,0.21552756428718567,1.5608205795288086
7,94,0.1792469620704651,1.4158934354782104
7,95,0.20411676168441772,12.922557830810547
7,96,0.16830427944660187,3.822023630142212
7,97,0.04274185374379158,1.0259109735488892
7,98,0.015019604936242104,0.7130425572395325
7,99,0.17276015877723694,1.686108946800232
7,100,0.19183386862277985,2.563732147216797
7,101,0.016649657860398293,1.3378807306289673
7,102,0.07835454493761063,26.417829513549805
7,103,0.08688348531723022,2.368481397628784
7,104,0.014134621247649193,0.9383532404899597
7,105,0.04415590688586235,3.117738962173462
7,106,0.11271438747644424,3.533905029296875
7,107,0.3415706157684326,2.4394867420196533
7,108,0.17761895060539246,5.823999881744385
7,109,0.2209007889032364,3.051544189453125
7,110,0.08480391651391983,4.165492057800293
7,111,0.20419034361839294,1.2755972146987915
7,112,0.017769664525985718,1.5053950548171997
7,113,0.17868784070014954,1.124431848526001
7,114,0.34193146228790283,2.04624342918396
7,115,0.022675400599837303,2.231370687484741
7,116,0.016549518331885338,1.0927157402038574
7,117,0.017475100234150887,1.1517668962478638
7,118,0.012805894017219543,0.8994984030723572
7,119,0.3927179276943207,8.308454513549805
7,120,0.015502668917179108,1.2568278312683105
7,121,0.1107407882809639,2.314619779586792
7,122,0.014465685933828354,0.8410560488700867
7,123,0.012001060880720615,0.6656493544578552
7,124,0.012663579545915127,0.9094259142875671
7,125,0.3579944670200348,11.651585578918457
7,126,0.1575564444065094,6.638326168060303
7,127,0.015034522861242294,4.078620433807373
7,128,0.10302194952964783,4.280428409576416
7,129,0.17267735302448273,2.7224912643432617
7,130,0.20010541379451752,5.620615482330322
7,131,0.014988124370574951,1.0493959188461304
7,132,0.38561898469924927,10.579768180847168
7,133,0.3208955228328705,7.687985420227051
7,134,0.039860304445028305,1.0181968212127686
7,135,0.3103746175765991,4.749408721923828
7,136,0.01293795183300972,1.0073550939559937
7,137,0.20231248438358307,0.8665634989738464
7,138,0.015127552673220634,1.190447211265564
7,139,0.2626974582672119,6.286309242248535
7,140,0.17606766521930695,2.490506172180176
7,141,0.32350847125053406,4.416524887084961
7,142,0.016978692263364792,1.5939021110534668
7,143,0.016069557517766953,1.0219091176986694
7,144,0.04760947450995445,1.5969970226287842
7,145,0.08335478603839874,8.454757690429688
7,146,0.01378699578344822,0.5964815020561218
7,147,0.13081878423690796,6.602376461029053
7,148,0.018502194434404373,1.9550129175186157
7,149,0.016246959567070007,1.2199114561080933
7,150,0.35046151280403137,4.505005359649658
7,151,0.3639943599700928,56.950504302978516
7,152,0.3140488564968109,4.793625354766846
7,153,0.1900789737701416,25.32291030883789
7,154,0.17300815880298615,7.108368396759033
7,155,0.18120811879634857,4.173183917999268
7,156,0.20047211647033691,1.336533546447754
7,157,0.12341642379760742,31.737943649291992
7,158,0.17002934217453003,2.124819755554199
7,159,0.015119800344109535,1.3275872468948364
7,160,0.08426489681005478,3.5120346546173096
7,161,0.0161794051527977,1.4455504417419434
7,162,0.12446759641170502,3.098588228225708
7,163,0.1586122363805771,5.352993011474609
7,164,0.0174850020557642,1.4102874994277954
7,165,0.15304359793663025,15.10930347442627
7,166,0.16108830273151398,3.0813140869140625
7,167,0.034998342394828796,1.4778428077697754
7,168,0.11903183907270432,4.819433212280273
7,169,0.09449835121631622,2.603698968887329
7,170,0.19784711301326752,5.447470664978027
7,171,0.06626789271831512,2.9961960315704346
7,172,0.01826503314077854,1.5021910667419434
7,173,0.015060391277074814,1.362433910369873
7,174,0.024468233808875084,0.7041340470314026
7,175,0.2738974392414093,3.0035643577575684
7,176,0.02011663094162941,1.8085145950317383
7,177,0.24558700621128082,3.391274929046631
7,178,0.0494692400097847,3.07379412651062
7,179,0.28985595703125,4.990271091461182
7,180,0.023032592609524727,2.585028886795044
7,181,0.013064412400126457,0.8546523451805115
7,182,0.17413896322250366,1.054525375366211
7,183,0.11941251903772354,2.3206233978271484
7,184,0.40947768092155457,8.72983169555664
7,185,0.22140808403491974,1.9301578998565674
7,186,0.016399677842855453,1.2901581525802612
7,187,0.017438966780900955,1.7729780673980713
7,188,0.31772974133491516,4.288149833679199
7,189,0.05768745392560959,2.1919801235198975
7,190,0.01528235338628292,1.144846796989441
7,191,0.12362480908632278,4.6009392738342285
7,192,0.5327703952789307,5.047983169555664
7,193,0.014736787416040897,0.7770021557807922
7,194,0.1251816302537918,17.421968460083008
7,195,0.017263926565647125,1.617694616317749
7,196,0.4479937255382538,3.8812477588653564
7,197,0.012342747300863266,0.901384174823761
7,198,0.05282621830701828,1.141245722770691
7,199,0.015566789545118809,1.1400978565216064
7,200,0.02742895483970642,2.1260759830474854
7,201,0.3968971371650696,8.662836074829102
7,202,0.1994851529598236,5.116173267364502
7,203,0.12329889833927155,2.9777534008026123
7,204,0.2035742998123169,0.8982332348823547
7,205,0.24359655380249023,18.01390838623047
7,206,0.0626598671078682,5.086426258087158
7,207,0.1987558901309967,4.509646415710449
7,208,0.01608119159936905,1.296586513519287
7,209,0.08381298184394836,3.617064952850342
7,210,0.1081467866897583,2.7197043895721436
7,211,0.14858131110668182,4.227816104888916
7,212,0.1534774750471115,1.4203728437423706
7,213,0.017372598871588707,1.4813591241836548
7,214,0.08287840336561203,7.339499473571777
7,215,0.02171921916306019,1.861899971961975
7,216,0.2007976472377777,7.428276062011719
7,217,0.47081562876701355,11.112824440002441
7,218,0.13498830795288086,2.3230385780334473
7,219,0.1935061812400818,1.3904101848602295
7,220,0.1307016909122467,4.96295690536499
7,221,0.14149628579616547,1.2836819887161255
7,222,0.16303731501102448,2.256129264831543
7,223,0.4561362862586975,6.102343559265137
7,224,0.01418863795697689,1.3168361186981201
7,225,0.1081632673740387,3.3045945167541504
7,226,0.012739785015583038,0.7890312075614929
7,227,0.015887724235653877,0.8392515182495117
7,228,0.44221413135528564,4.763123512268066
7,229,0.08853986114263535,2.9601573944091797
7,230,0.02373037487268448,1.0762856006622314
7,231,0.0721258595585823,2.939211130142212
7,232,0.09135563671588898,3.3292384147644043
7,233,0.013336105272173882,0.892429530620575
7,234,0.15887467563152313,2.5277421474456787
7,235,0.0326165109872818,3.7082200050354004
7,236,0.023090550675988197,2.7415707111358643
7,237,0.18522661924362183,0.8522082567214966
7,238,0.20331789553165436,1.7657525539398193
7,239,0.3213808536529541,5.549688816070557
7,240,0.013958598487079144,1.3131637573242188
7,241,0.16638514399528503,2.401379108428955
7,242,0.12453700602054596,4.7926344871521
7,243,0.014615206979215145,1.0697020292282104
7,244,0.021934224292635918,2.289116144180298
7,245,0.015554462559521198,1.3087929487228394
7,246,0.04557698592543602,1.9177340269088745
7,247,0.10582632571458817,4.669826507568359
7,248,0.02948608621954918,2.396395444869995
7,249,0.012800313532352448,0.7577962875366211
7,250,0.017068561166524887,1.4937427043914795
7,251,0.016372522339224815,1.310329556465149
7,252,0.01471087895333767,0.8471547961235046
7,253,0.018323957920074463,0.8660305738449097
7,254,0.07815264910459518,3.1167500019073486
7,255,0.32997164130210876,2.9820332527160645
7,256,0.048411473631858826,2.7638232707977295
7,257,0.08417454361915588,2.1446096897125244
7,258,0.1691748946905136,1.5854499340057373
7,259,0.10000023990869522,4.302148342132568
7,260,0.015470265410840511,0.5740545988082886
7,261,0.3882250189781189,5.706848621368408
7,262,0.013721597380936146,0.8477838039398193
7,263,0.42289772629737854,3.6356794834136963
7,264,0.012895552441477776,0.8104181885719299
7,265,0.0698525682091713,3.227158546447754
7,266,0.021632429212331772,2.8624415397644043
7,267,0.015059195458889008,1.3717710971832275
7,268,0.2234475016593933,3.157304525375366
7,269,0.022087780758738518,2.8759453296661377
7,270,0.2500684857368469,5.097625255584717
7,271,0.17865218222141266,1.377979040145874
7,272,0.017052527517080307,1.3434367179870605
7,273,0.4185517132282257,6.021457195281982
7,274,0.02810666710138321,2.7197046279907227
7,275,0.019101077690720558,2.235801935195923
7,276,0.01366434432566166,0.996833860874176
7,277,0.06919188797473907,3.4001502990722656
7,278,0.03407924994826317,13.52344799041748
7,279,0.4214698374271393,9.114084243774414
7,280,0.018097467720508575,2.009528875350952
7,281,0.16520856320858002,2.9544119834899902
7,282,0.08189285546541214,5.314240455627441
7,283,0.1970292627811432,2.085106611251831
7,284,0.015799636021256447,1.3129733800888062
7,285,0.01947733759880066,1.5257294178009033
7,286,0.01673288457095623,1.1812400817871094
7,287,0.015921495854854584,1.5543285608291626
7,288,0.21263276040554047,12.115652084350586
7,289,0.01834719441831112,2.126890182495117
7,290,0.016284959390759468,1.6668237447738647
7,291,0.20540454983711243,1.0917378664016724
7,292,0.25982803106307983,10.230388641357422
7,293,0.3153288662433624,7.018383026123047
7,294,0.21726800501346588,6.964546203613281
7,295,0.053131114691495895,1.1755338907241821
7,296,0.020462647080421448,1.6552785634994507
7,297,0.14996100962162018,2.709909677505493
7,298,0.015396964736282825,1.4619120359420776
7,299,0.013087177649140358,0.7534694075584412
7,300,0.1421239674091339,4.059867858886719
7,301,0.179010272026062,0.7462755441665649
7,302,0.016735417768359184,0.6298649311065674
7,303,0.055755581706762314,1.9100228548049927
7,304,0.015621109865605831,0.5102487206459045
7,305,0.015540262684226036,1.4240705966949463
7,306,0.17235317826271057,3.0012316703796387
7,307,0.022130638360977173,1.946668267250061
7,308,0.1286584436893463,3.531771421432495
7,309,0.016798628494143486,1.0552656650543213
8,0,0.010539451614022255,0.4763134717941284
8,1,0.29495668411254883,4.125186443328857
8,2,0.13412640988826752,4.534477233886719
8,3,0.013274341821670532,0.7877885103225708
8,4,0.013238543644547462,1.036623477935791
8,5,0.17445385456085205,1.9285935163497925
8,6,0.013015196658670902,1.0564619302749634
8,7,0.029313411563634872,0.8197866082191467
8,8,0.15894503891468048,2.4897243976593018
8,9,0.23917657136917114,6.058152198791504
8,10,0.011440922506153584,0.358577162027359
8,11,0.2398146092891693,2.8486380577087402
8,12,0.07398011535406113,5.610080242156982
8,13,0.14029593765735626,6.759223937988281
8,14,0.032342515885829926,1.2408515214920044
8,15,0.02106332965195179,0.49028539657592773
8,16,0.3745978772640228,9.98868465423584
8,17,0.2889810800552368,8.881182670593262
8,18,0.34510505199432373,5.167053699493408
8,19,0.2715975344181061,14.573921203613281
8,20,0.01584494113922119,1.4548455476760864
8,21,0.012091188691556454,0.7390763163566589
8,22,0.016665466129779816,0.9733293056488037
8,23,0.1320383995771408,6.71028995513916
8,24,0.015135165303945541,1.3927701711654663
8,25,0.2720508873462677,3.6886467933654785
8,26,0.01104771252721548,0.4816538095474243
8,27,0.019648095592856407,2.213496446609497
8,28,0.3316493332386017,6.431254863739014
8,29,0.020023522898554802,1.9544034004211426
8,30,0.011403481476008892,0.6655548810958862
8,31,0.062065817415714264,3.2036547660827637
8,32,0.020065980032086372,2.1598668098449707
8,33,0.011424269527196884,0.6208576560020447
8,34,0.17978470027446747,9.409948348999023
8,35,0.15752211213111877,12.162097930908203
8,36,0.20089545845985413,1.834433913230896
8,37,0.36209121346473694,2.38424015045166
8,38,0.1450488567352295,4.024440765380859
8,39,0.1469263732433319,4.508854389190674
8,40,0.26895326375961304,24.930583953857422
8,41,0.03574458882212639,1.147347331047058
8,42,0.017542093992233276,1.8887721300125122
8,43,0.014668871648609638,1.0588890314102173
8,44,0.48569977283477783,3.5224132537841797
8,45,0.2100372463464737,0.7567852735519409
8,46,0.42568185925483704,7.067004680633545
8,47,0.5199978351593018,12.533064842224121
8,48,0.1684158891439438,1.4062024354934692
8,49,0.3260800540447235,4.119271278381348
8,50,0.014086198061704636,0.90957111120224
8,51,0.253438264131546,5.958790302276611
8,52,0.0192871131002903,2.016632318496704
8,53,0.12745565176010132,2.0379152297973633
8,54,0.030347440391778946,2.8667945861816406
8,55,0.023315921425819397,2.581785202026367
8,56,0.07647568732500076,3.2198123931884766
8,57,0.1930444836616516,4.014645099639893
8,58,0.015325375832617283,0.5169963836669922
8,59,0.03869771212339401,1.3909590244293213
8,60,0.28322315216064453,8.627752304077148
8,61,0.012521852739155293,0.603473424911499
8,62,0.021378088742494583,2.624725341796875
8,63,0.026327503845095634,1.5239675045013428
8,64,0.015615951269865036,1.097071647644043
8,65,0.14521685242652893,6.963409900665283
8,66,0.019371896982192993,1.891365885734558
8,67,0.14770802855491638,4.43438196182251
8,68,0.18938584625720978,0.7871093153953552
8,69,0.22713854908943176,4.338183879852295
8,70,0.08616074174642563,4.461213111877441
8,71,0.011555378325283527,0.536304771900177
8,72,0.16037429869174957,5.175896167755127
8,73,0.07251831889152527,7.339954376220703
8,74,0.010945534333586693,0.32901328802108765
8,75,0.08514329046010971,7.116086006164551
8,76,0.1611500382423401,4.90201997756958
8,77,0.4465058743953705,8.702381134033203
8,78,0.06779096275568008,3.975332260131836
8,79,0.01634260080754757,1.2937231063842773
8,80,0.0947517529129982,6.994268417358398
8,81,0.013356322422623634,0.809388279914856
8,82,0.02423730120062828,3.0998849868774414
8,83,0.335928738117218,4.988519191741943
8,84,0.08117679506540298,5.867710113525391
8,85,0.1403312385082245,2.8992700576782227
8,86,0.2432546615600586,3.8558757305145264
8,87,0.1312263309955597,5.336935520172119
8,88,0.01688399910926819,1.7640329599380493
8,89,0.013891171663999557,1.1935728788375854
8,90,0.21404999494552612,1.6974605321884155
8,91,0.01343927625566721,1.109951376914978
8,92,0.01528794877231121,1.4392801523208618
8,93,0.020087890326976776,2.044067144393921
8,94,0.22755002975463867,2.972360372543335
8,95,0.017072398215532303,1.73244309425354
8,96,0.011010305024683475,0.6326093673706055
8,97,0.03676297888159752,5.848213195800781
8,98,0.3643164336681366,8.437582969665527
8,99,0.15171629190444946,3.2491061687469482
8,100,0.27757659554481506,6.828787803649902
8,101,0.01506954524666071,1.0026952028274536
8,102,0.01482749916613102,1.3854931592941284
8,103,0.01631217449903488,1.1302471160888672
8,104,0.18689250946044922,9.782928466796875
8,105,0.2088916152715683,4.778758525848389
8,106,0.09089364856481552,5.388430595397949
8,107,0.028476299718022346,1.263348937034607
8,108,0.020078888162970543,1.032457709312439
8,109,0.13266120851039886,1.053731083869934
8,110,0.043395623564720154,21.116994857788086
8,111,0.08921093493700027,4.603256702423096
8,112,0.01048316154628992,0.5838032960891724
8,113,0.020712552592158318,2.5882928371429443
8,114,0.15223826467990875,15.319509506225586
8,115,0.19489386677742004,2.1245808601379395
8,116,0.01315721869468689,0.8704262971878052
8,117,0.013181189075112343,3.2266314029693604
8,118,0.045181721448898315,1.7902153730392456
8,119,0.01789303869009018,1.7035337686538696
8,120,0.10088114440441132,4.710402488708496
8,121,0.01677890680730343,0.8421776294708252
8,122,0.03458622470498085,1.728466272354126
8,123,0.04634817689657211,2.1703085899353027
8,124,0.17120148241519928,4.992855072021484
8,125,0.015037457458674908,1.094312071800232
8,126,0.0925685316324234,2.094607353210449
8,127,0.013439335860311985,1.0567858219146729
8,128,0.07921255379915237,3.148022413253784
8,129,0.013496489264070988,1.2441444396972656
8,130,0.19409681856632233,3.110116958618164
8,131,0.013367950916290283,0.8305269479751587
8,132,0.012050715275108814,0.9204256534576416
8,133,0.41332563757896423,13.663589477539062
8,134,0.021622218191623688,2.073551893234253
8,135,0.015597774647176266,1.2798224687576294
8,136,0.013266143389046192,1.0019174814224243
8,137,0.01259565632790327,0.4204014837741852
8,138,0.049720171838998795,17.83180809020996
8,139,0.2048102468252182,3.51997971534729
8,140,0.011834025382995605,0.3557318150997162
8,141,0.13509918749332428,5.377766132354736
8,142,0.17990244925022125,3.558377742767334
8,143,0.026293225586414337,1.9327936172485352
8,144,0.21678972244262695,5.285763740539551
8,145,0.1863286942243576,3.3927197456359863
8,146,0.11204919964075089,2.8057899475097656
8,147,0.03696390613913536,1.1626622676849365
8,148,0.2883528769016266,7.636693477630615
8,149,0.0881921797990799,2.858887195587158
8,150,0.1548323929309845,5.11577033996582
8,151,0.11947715282440186,2.1828951835632324
8,152,0.14452971518039703,2.6477439403533936
8,153,0.012318149209022522,0.4180506467819214
8,154,0.011599591001868248,0.41985222697257996
8,155,0.020559491589665413,2.668104887008667
8,156,0.020893128588795662,0.6405634880065918
8,157,0.04817832261323929,1.865262746810913
8,158,0.18588334321975708,6.34703254699707
8,159,0.14433327317237854,3.5722057819366455
8,160,0.013553852215409279,1.3041174411773682
8,161,0.01133174728602171,0.7491249442100525
8,162,0.04904964938759804,2.578648090362549
8,163,0.11475242674350739,3.1088545322418213
8,164,0.31541553139686584,5.3555006980896
8,165,0.3780500292778015,3.1758010387420654
8,166,0.15305283665657043,8.893856048583984
8,167,0.0779639184474945,5.242342948913574
8,168,0.09152200073003769,5.792860984802246
8,169,0.21145546436309814,2.791504144668579
8,170,0.15974751114845276,4.531911373138428
8,171,0.2084823101758957,4.529155254364014
8,172,0.2529902160167694,8.567286491394043
8,173,0.13805826008319855,1.8790907859802246
8,174,0.013088631443679333,1.0519554615020752
8,175,0.02061081863939762,2.5020761489868164
8,176,0.023632042109966278,2.55965256690979
8,177,0.01784573867917061,1.768722414970398
8,178,0.013763224706053734,0.97564697265625
8,179,0.23255422711372375,6.183684825897217
8,180,0.07089374959468842,4.152717590332031
8,181,0.09196033328771591,3.116093158721924
8,182,0.2960602939128876,5.455132961273193
8,183,0.015472948551177979,0.7382946610450745
8,184,0.13300390541553497,3.1308999061584473
8,185,0.1961384117603302,0.761006236076355
8,186,0.018210845068097115,2.32677960395813
8,187,0.1447315365076065,6.878587245941162
8,188,0.010227076709270477,0.7222449779510498
8,189,0.1909227967262268,0.9723347425460815
8,190,0.25290632247924805,2.9476897716522217
8,191,0.27084577083587646,8.269598007202148
8,192,0.19205348193645477,1.074216604232788
8,193,0.02638907916843891,0.9000741839408875
8,194,0.21288979053497314,0.8519006371498108
8,195,0.010835671797394753,0.511716902256012
8,196,0.011910947039723396,0.8277515172958374
8,197,0.10088912397623062,5.3087053298950195
8,198,0.13129238784313202,7.911340236663818
8,199,0.09090834856033325,3.5327277183532715
8,200,0.014091713353991508,1.291709542274475
8,201,0.1442217230796814,3.744345188140869
8,202,0.19934521615505219,8.052876472473145
8,203,0.01096381526440382,0.7188007235527039
8,204,0.03879435360431671,21.038345336914062
8,205,0.02858543209731579,0.4129714369773865
8,206,0.1732814908027649,4.798773765563965
8,207,0.03015211969614029,1.567298412322998
8,208,0.00985165685415268,0.37511709332466125
8,209,0.16502714157104492,1.9838382005691528
8,210,0.2895675003528595,3.0244457721710205
8,211,0.0564366839826107,2.2312657833099365
8,212,0.01769370399415493,2.040071964263916
8,213,0.04290391132235527,3.2943923473358154
8,214,0.16825181245803833,0.8741206526756287
8,215,0.17400811612606049,1.2538219690322876
8,216,0.2801119089126587,5.606535911560059
8,217,0.18316425383090973,2.559211492538452
8,218,0.2906630039215088,3.6332571506500244
8,219,0.020221104845404625,2.4326975345611572
8,220,0.17140869796276093,3.2383832931518555
8,221,0.12253741174936295,53.22028732299805
8,222,0.2690269947052002,6.732538223266602
8,223,0.011907572858035564,0.5564690828323364
8,224,0.1768709421157837,1.612851619720459
8,225,0.15829378366470337,2.5747852325439453
8,226,0.09491395205259323,6.822168827056885
8,227,0.06131895259022713,2.228428602218628
8,228,0.014963907189667225,1.296008825302124
8,229,0.01350392960011959,1.0199286937713623
8,230,0.015647510066628456,1.2247318029403687
8,231,0.012456960044801235,0.8520113825798035
8,232,0.34100478887557983,4.390821933746338
8,233,0.01736801490187645,1.036778450012207
8,234,0.17212480306625366,4.001008033752441
8,235,0.04724074527621269,1.9025862216949463
8,236,0.07830121368169785,6.105319499969482
8,237,0.16196444630622864,4.406891345977783
8,238,0.21602888405323029,4.171786308288574
8,239,0.02086416818201542,2.134122371673584
8,240,0.3211367726325989,4.965544700622559
8,241,0.015787238255143166,1.5478719472885132
8,242,0.05960208177566528,3.474785804748535
8,243,0.5339103937149048,14.677021026611328
8,244,0.1593780666589737,3.0377843379974365
8,245,0.1942063421010971,1.8148095607757568
8,246,0.08928294479846954,4.510538578033447
8,247,0.06425008177757263,5.174921035766602
8,248,0.022680221125483513,3.2886691093444824
8,249,0.31550073623657227,9.388060569763184
8,250,0.06345469504594803,2.780630350112915
8,251,0.34329184889793396,3.472200393676758
8,252,0.6161757707595825,12.016619682312012
8,253,0.01733562909066677,2.068932294845581
8,254,0.29960155487060547,7.421570301055908
8,255,0.037868425250053406,2.8843295574188232
8,256,0.26328903436660767,5.721018314361572
8,257,0.3368673622608185,7.641311168670654
8,258,0.16096070408821106,1.1160250902175903
8,259,0.28995639085769653,8.273512840270996
8,260,0.031743355095386505,0.6240074634552002
8,261,0.016555558890104294,1.3050928115844727
8,262,0.06506913155317307,3.1439998149871826
8,263,0.0726386308670044,4.11822509765625
8,264,0.02287428453564644,3.125459909439087
8,265,0.09994783252477646,3.112501621246338
8,266,0.02458951622247696,2.874920606613159
8,267,0.15900422632694244,3.6730244159698486
8,268,0.04080580919981003,3.279909133911133
8,269,0.02953384444117546,3.386929512023926
8,270,0.17816275358200073,5.63377046585083
8,271,0.043080586940050125,3.8870880603790283
8,272,0.3754502832889557,1.7187706232070923
8,273,0.019577493891119957,2.1080846786499023
8,274,0.08544174581766129,4.2063798904418945
8,275,0.01713619939982891,1.7048715353012085
8,276,0.24949315190315247,7.9363861083984375
8,277,0.03276733309030533,4.153588771820068
8,278,0.335904598236084,3.7960379123687744
8,279,0.027818072587251663,3.6896209716796875
8,280,0.20312346518039703,6.251718997955322
8,281,0.017188645899295807,1.6826884746551514
8,282,0.13328705728054047,4.0470805168151855
8,283,0.02938682772219181,1.0665045976638794
8,284,0.017466744408011436,2.0322177410125732
8,285,0.16070058941841125,1.5921167135238647
8,286,0.02976636029779911,1.8095849752426147
8,287,0.014642419293522835,1.0139065980911255
8,288,0.40053999423980713,3.969045877456665
8,289,0.24473066627979279,3.813175916671753
8,290,0.17939157783985138,5.653005599975586
8,291,0.21056818962097168,1.1270906925201416
8,292,0.014320414513349533,1.3519943952560425
8,293,0.49324050545692444,6.288342475891113
8,294,0.028331339359283447,0.5837026238441467
8,295,0.018003661185503006,1.7726372480392456
8,296,0.17272885143756866,0.9663596153259277
8,297,0.07421734184026718,4.9430365562438965
8,298,0.015607725828886032,0.9729270935058594
8,299,0.19300635159015656,1.479517936706543
8,300,0.3080393075942993,3.9765982627868652
8,301,0.016761619597673416,1.6813076734542847
8,302,0.017532341182231903,1.6219077110290527
8,303,0.19789402186870575,2.4169728755950928
8,304,0.01533209066838026,1.631010890007019
8,305,0.16996155679225922,1.9373247623443604
8,306,0.01668746955692768,1.5193982124328613
8,307,0.3305681049823761,4.572145462036133
8,308,0.11101776361465454,4.8185014724731445
8,309,0.015590419061481953,1.3065540790557861
9,0,0.056661613285541534,1.973188042640686
9,1,0.07408065348863602,2.6663029193878174
9,2,0.016623156145215034,1.4585602283477783
9,3,0.01354784145951271,0.5298614501953125
9,4,0.1717779040336609,3.3281679153442383
9,5,0.11406832188367844,3.8793418407440186
9,6,0.370240718126297,1.4957859516143799
9,7,0.01250330451875925,0.9984678626060486
9,8,0.1489642709493637,3.2921581268310547
9,9,0.23795495927333832,5.002779960632324
9,10,0.014156020246446133,1.012621283531189
9,11,0.42752784490585327,5.9593505859375
9,12,0.2843228280544281,4.770659446716309
9,13,0.29451417922973633,5.009713649749756
9,14,0.04173075407743454,1.3168598413467407
9,15,0.020959166809916496,1.771335482597351
9,16,0.04335890710353851,3.979407548904419
9,17,0.1245008334517479,4.261503219604492
9,18,0.040096260607242584,2.0581135749816895
9,19,0.20602260529994965,0.9550833106040955
9,20,0.013706015422940254,1.2220317125320435
9,21,0.024417784065008163,2.417121648788452
9,22,0.12346675992012024,6.430391788482666
9,23,0.014393831603229046,0.6307097673416138
9,24,0.18806377053260803,2.411635160446167
9,25,0.016076907515525818,1.7807297706604004
9,26,0.12597817182540894,4.684834957122803
9,27,0.1751164048910141,6.435772895812988
9,28,0.017705565318465233,1.584793210029602
9,29,0.03632035106420517,1.0824875831604004
9,30,0.02313767559826374,1.768656849861145
9,31,0.1354261189699173,3.2218782901763916
9,32,0.19988811016082764,1.6370619535446167
9,33,0.020043864846229553,1.8451323509216309
9,34,0.013492526486515999,0.6895423531532288
9,35,0.01623825915157795,0.6981183290481567
9,36,0.02685297094285488,1.1492537260055542
9,37,0.013884364627301693,0.6791308522224426
9,38,0.2516012489795685,7.020410060882568
9,39,0.16212236881256104,5.374566078186035
9,40,0.024594604969024658,2.40622615814209
9,41,0.20353417098522186,3.8350565433502197
9,42,0.052173495292663574,18.548603057861328
9,43,0.010621292516589165,0.7120029330253601
9,44,0.1805725246667862,5.225759983062744
9,45,0.01823265478014946,1.8989264965057373
9,46,0.012592516839504242,0.6494860053062439
9,47,0.19824673235416412,1.7269878387451172
9,48,0.01872262917459011,1.7554315328598022
9,49,0.011484823189675808,0.49426719546318054
9,50,0.21817903220653534,5.447578430175781
9,51,0.01723024621605873,1.4089605808258057
9,52,0.12841187417507172,5.661758899688721
9,53,0.12551507353782654,2.1371254920959473
9,54,0.01829412765800953,1.9299492835998535
9,55,0.03430923819541931,0.734265148639679
9,56,0.020785849541425705,2.366668701171875
9,57,0.009864366613328457,0.6723771691322327
9,58,0.022471223026514053,0.8217537999153137
9,59,0.25368744134902954,10.896574974060059
9,60,0.012937603518366814,0.8892384171485901
9,61,0.18484260141849518,1.2493658065795898
9,62,0.1551336646080017,0.8583219647407532
9,63,0.19187356531620026,1.0291186571121216
9,64,0.021953990682959557,2.4714951515197754
9,65,0.210205540060997,0.9597569704055786
9,66,0.04997233301401138,2.3190488815307617
9,67,0.053203266113996506,3.070086717605591
9,68,0.012845590710639954,1.159458041191101
9,69,0.2541266977787018,6.037763595581055
9,70,0.19336368143558502,5.300535678863525
9,71,0.018346689641475677,1.8981361389160156
9,72,0.17048092186450958,2.0200772285461426
9,73,0.28222373127937317,5.76641845703125
9,74,0.025233037769794464,0.5203650593757629
9,75,0.21663258969783783,5.793386459350586
9,76,0.03240836411714554,1.0771329402923584
9,77,0.012844393029808998,0.8220404386520386
9,78,0.3584277033805847,11.710116386413574
9,79,0.30464088916778564,3.2553482055664062
9,80,0.24127069115638733,7.667162895202637
9,81,0.027562646195292473,0.8842365145683289
9,82,0.17624932527542114,0.7438855171203613
9,83,0.38609713315963745,7.477258205413818
9,84,0.013610298745334148,1.289152979850769
9,85,0.40782448649406433,4.02554178237915
9,86,0.11900774389505386,4.624639511108398
9,87,0.17166468501091003,2.8040332794189453
9,88,0.01276803482323885,0.7660366296768188
9,89,0.1607438027858734,2.660036087036133
9,90,0.02799401246011257,4.416140556335449
9,91,0.022580403834581375,14.312111854553223
9,92,0.26817983388900757,5.719343185424805
9,93,0.03569216653704643,2.75535249710083
9,94,0.09760213643312454,4.4217143058776855
9,95,0.060261037200689316,14.58615779876709
9,96,0.013161753304302692,0.7438827157020569
9,97,0.1646285057067871,1.9095499515533447
9,98,0.1877012401819229,1.770768165588379
9,99,0.01451639924198389,1.2878748178482056
9,100,0.16828379034996033,6.4813551902771
9,101,0.15113191306591034,6.272190570831299
9,102,0.03008703887462616,0.8038261532783508
9,103,0.012063715606927872,1.0380414724349976
9,104,0.21603813767433167,3.505636692047119
9,105,0.10224724560976028,4.2078471183776855
9,106,0.015217832289636135,1.187532901763916
9,107,0.09142947942018509,5.102174282073975
9,108,0.023057179525494576,2.0991437435150146
9,109,0.18929998576641083,3.1010148525238037
9,110,0.018236633390188217,1.877251386642456
9,111,0.1764519065618515,1.0035943984985352
9,112,0.5061715841293335,4.393977165222168
9,113,0.16565433144569397,9.4462308883667
9,114,0.042108483612537384,1.5496618747711182
9,115,0.20796945691108704,1.3618508577346802
9,116,0.030694812536239624,1.8077094554901123
9,117,0.2736281752586365,3.9916276931762695
9,118,0.20728948712348938,5.525771617889404
9,119,0.015573804266750813,1.1716009378433228
9,120,0.040654003620147705,1.9703575372695923
9,121,0.2774001657962799,16.58846092224121
9,122,0.1720522791147232,10.242870330810547
9,123,0.011523200199007988,1.0723997354507446
9,124,0.012043118476867676,0.6692762970924377
9,125,0.10436815023422241,4.077984809875488
9,126,0.10466897487640381,10.419816970825195
9,127,0.015901247039437294,1.3165817260742188
9,128,0.13806389272212982,2.176638126373291
9,129,0.6843282580375671,8.549161911010742
9,130,0.06897104531526566,9.962104797363281
9,131,0.24790950119495392,10.032404899597168
9,132,0.025415275245904922,3.5598011016845703
9,133,0.2759188711643219,5.5048909187316895
9,134,0.2727384567260742,4.445080280303955
9,135,0.01345357671380043,0.9290263652801514
9,136,0.13919588923454285,2.4148411750793457
9,137,0.3505241870880127,7.448936462402344
9,138,0.011686612851917744,0.8015256524085999
9,139,0.1488524228334427,8.849607467651367
9,140,0.016130374744534492,1.6374024152755737
9,141,0.4060051143169403,5.811306953430176
9,142,0.14111964404582977,1.216659426689148
9,143,0.018001610413193703,1.4366350173950195
9,144,0.13461168110370636,1.6558562517166138
9,145,0.15752343833446503,1.29935884475708
9,146,0.21688109636306763,1.6773818731307983
9,147,0.013855169527232647,1.2796865701675415
9,148,0.017984462901949883,1.7135440111160278
9,149,0.34170040488243103,2.393484592437744
9,150,0.015601987950503826,1.3308662176132202
9,151,0.03831176832318306,1.4723389148712158
9,152,0.13292591273784637,3.719433307647705
9,153,0.18657393753528595,0.6908107399940491
9,154,0.02787441574037075,1.0298442840576172
9,155,0.16905994713306427,3.6342012882232666
9,156,0.16013601422309875,2.6572413444519043
9,157,0.3225611448287964,4.470305442810059
9,158,0.19471578299999237,5.520554065704346
9,159,0.02222319506108761,2.8125059604644775
9,160,0.013742933981120586,1.2535278797149658
9,161,0.04787943884730339,2.515989065170288
9,162,0.18381862342357635,3.277536630630493
9,163,0.14967750012874603,4.491093158721924
9,164,0.014262719079852104,1.326136589050293
9,165,0.21656332910060883,2.7425789833068848
9,166,0.02753390371799469,0.7660316824913025
9,167,0.11723879724740982,3.7627780437469482
9,168,0.03720443323254585,1.6040326356887817
9,169,0.28029751777648926,5.249967575073242
9,170,0.07746095955371857,4.882736682891846
9,171,0.055173732340335846,2.432481527328491
9,172,0.19466111063957214,1.6952754259109497
9,173,0.016765573993325233,1.6094205379486084
9,174,0.19544672966003418,4.989443302154541
9,175,0.15390725433826447,3.1436150074005127
9,176,0.043311845511198044,1.3413563966751099
9,177,0.26110637187957764,4.784951210021973
9,178,0.042920809239149094,4.143091201782227
9,179,0.01868634857237339,2.170494318008423
9,180,0.013773486018180847,1.177111268043518
9,181,0.15781360864639282,1.7453386783599854
9,182,0.014845834113657475,0.9899410605430603
9,183,0.211549311876297,1.3126158714294434
9,184,0.184573233127594,1.1813561916351318
9,185,0.25016799569129944,2.877372980117798
9,186,0.21253211796283722,1.4147496223449707
9,187,0.19482800364494324,1.978161096572876
9,188,0.05890236794948578,1.7210761308670044
9,189,0.28070664405822754,3.720078229904175
9,190,0.19904401898384094,11.98425006866455
9,191,0.0970350056886673,4.752782821655273
9,192,0.020250840112566948,2.2388916015625
9,193,0.3149341344833374,6.183447360992432
9,194,0.02193242870271206,2.888641834259033
9,195,0.10305347293615341,2.6478540897369385
9,196,0.1916613131761551,1.1597672700881958
9,197,0.30001547932624817,6.782785892486572
9,198,0.019315987825393677,1.9912893772125244
9,199,0.3752128779888153,3.4667630195617676
9,200,0.013910514302551746,1.0547350645065308
9,201,0.03370160982012749,4.025417804718018
9,202,0.02025599218904972,1.7765544652938843
9,203,0.018249057233333588,1.566546082496643
9,204,0.1703055500984192,4.595678806304932
9,205,0.17186355590820312,3.350188732147217
9,206,0.02277548424899578,8.172141075134277
9,207,0.4062696397304535,21.674406051635742
9,208,0.023374024778604507,2.138197422027588
9,209,0.45008182525634766,8.798477172851562
9,210,0.02225126326084137,0.28603631258010864
9,211,0.01919884979724884,3.217437267303467
9,212,0.4214377701282501,8.952576637268066
9,213,0.16170044243335724,2.336790084838867
9,214,0.016397962346673012,1.3950340747833252
9,215,0.17239922285079956,1.2767369747161865
9,216,0.12789146602153778,4.326778888702393
9,217,0.429936945438385,8.1641845703125
9,218,0.01554236188530922,0.7167221307754517
9,219,0.18751654028892517,6.74683141708374
9,220,0.024028301239013672,2.7302355766296387
9,221,0.6617588400840759,15.80141830444336
9,222,0.15584681928157806,2.6176278591156006
9,223,0.023494314402341843,2.8420066833496094
9,224,0.01705634966492653,1.616140365600586
9,225,0.10737386345863342,6.141955375671387
9,226,0.14466798305511475,2.1199464797973633
9,227,0.04060923308134079,2.403965950012207
9,228,0.02645399607717991,3.420672655105591
9,229,0.06447629630565643,4.38134241104126
9,230,0.0860871970653534,6.063194274902344
9,231,0.015420530922710896,0.987464964389801
9,232,0.24552808701992035,4.983401298522949
9,233,0.031116776168346405,3.1593825817108154
9,234,0.019130757078528404,1.6547337770462036
9,235,0.17097461223602295,1.9494789838790894
9,236,0.20908001065254211,3.927238702774048
9,237,0.09498655796051025,4.575048923492432
9,238,0.10597867518663406,4.99648904800415
9,239,0.1762855350971222,4.069230556488037
9,240,0.027196312323212624,1.2251112461090088
9,241,0.01510345097631216,0.9804908037185669
9,242,0.018550803884863853,1.6620503664016724
9,243,0.08003206551074982,4.577962875366211
9,244,0.016507314518094063,0.8946376442909241
9,245,0.03755243867635727,2.924455404281616
9,246,0.06720875948667526,3.2806825637817383
9,247,0.014969591982662678,1.0290560722351074
9,248,0.021868683397769928,2.014965534210205
9,249,0.15170222520828247,1.7675563097000122
9,250,0.2370416224002838,5.660473823547363
9,251,0.018982866778969765,0.9693241715431213
9,252,0.07451341301202774,4.809121131896973
9,253,0.015867678448557854,1.4022717475891113
9,254,0.06505882740020752,3.495943069458008
9,255,0.02280622161924839,2.4813601970672607
9,256,0.2544002830982208,18.078720092773438
9,257,0.04551893100142479,2.5388834476470947
9,258,0.03686632588505745,4.1514129638671875
9,259,0.017456179484725,1.6780896186828613
9,260,0.016311775892972946,1.850455641746521
9,261,0.015628688037395477,1.4973317384719849
9,262,0.03640639781951904,2.84700870513916
9,263,0.01944880746304989,1.6811679601669312
9,264,0.041071973741054535,1.1825807094573975
9,265,0.1746043860912323,2.370781660079956
9,266,0.01181544829159975,0.8725796937942505
9,267,0.022282376885414124,2.193075180053711
9,268,0.03047027625143528,2.044236183166504
9,269,0.0599907711148262,1.3580671548843384
9,270,0.1819406896829605,2.31823468208313
9,271,0.13013368844985962,4.893684387207031
9,272,0.1604396253824234,3.2592148780822754
9,273,0.014334814622998238,0.8788039684295654
9,274,0.018208056688308716,2.288557291030884
9,275,0.19537101686000824,0.9431097507476807
9,276,0.056403208523988724,2.6467676162719727
9,277,0.06395050138235092,2.1990463733673096
9,278,0.013471764512360096,0.8951327800750732
9,279,0.08432818204164505,2.4119904041290283
9,280,0.1423262506723404,3.8492376804351807
9,281,0.01850738376379013,1.6951392889022827
9,282,0.18705981969833374,2.203068971633911
9,283,0.14214152097702026,3.613691568374634
9,284,0.014143099077045918,0.8403424620628357
9,285,0.17503422498703003,2.9711496829986572
9,286,0.011037260293960571,0.5733992457389832
9,287,0.15581080317497253,0.9647420048713684
9,288,0.025855593383312225,3.332491874694824
9,289,0.06692755967378616,3.1693108081817627
9,290,0.12468216568231583,5.260575294494629
9,291,0.015850763767957687,1.5537502765655518
9,292,0.021152611821889877,2.928239583969116
9,293,0.06902438402175903,3.0780832767486572
9,294,0.010841433890163898,0.8211880922317505
9,295,0.1533087193965912,3.1871864795684814
9,296,0.04654393717646599,1.793753981590271
9,297,0.014949871227145195,1.3331470489501953
9,298,0.2460089772939682,4.315492153167725
9,299,0.030440593138337135,0.909079909324646
9,300,0.2112860530614853,0.8454947471618652
9,301,0.024793000891804695,3.7337281703948975
9,302,0.18224309384822845,22.373313903808594
9,303,0.1129550039768219,2.832318067550659
9,304,0.47416797280311584,17.837383270263672
9,305,0.23639434576034546,3.9595282077789307
9,306,0.03158775344491005,4.159970283508301
9,307,0.020201507955789566,1.997871994972229
9,308,0.4633183777332306,4.539985179901123
9,309,0.22160987555980682,3.901667594909668
