epoch,batch,loss,grad_norm
0,0,1.5771946907043457,5.781066417694092
0,1,1.068855881690979,2.445704698562622
0,2,0.8724202513694763,1.55341374874115
0,3,0.9664129018783569,1.3306188583374023
0,4,0.9878228902816772,3.155719757080078
0,5,0.8237270712852478,2.2780439853668213
0,6,0.8894464373588562,1.717426061630249
0,7,0.7251004576683044,1.061751127243042
0,8,0.8307332396507263,1.101582407951355
0,9,0.9709292650222778,1.0716701745986938
0,10,0.91157466173172,2.5567867755889893
0,11,0.7883227467536926,2.9986863136291504
0,12,0.9270409345626831,1.0767772197723389
0,13,0.8120405673980713,0.9462658762931824
0,14,0.7982791066169739,1.052809715270996
0,15,0.7211050391197205,1.159367322921753
0,16,0.8516762256622314,1.1079648733139038
0,17,0.49302712082862854,2.4350991249084473
0,18,0.789824366569519,1.4117282629013062
0,19,0.9630525708198547,2.670196294784546
0,20,0.6672924757003784,2.2534077167510986
0,21,0.8011804819107056,1.6205940246582031
0,22,0.6914662718772888,2.6807966232299805
0,23,0.8174679279327393,3.0557188987731934
0,24,0.622910737991333,1.9495967626571655
0,25,0.7779874205589294,2.866455316543579
0,26,0.55484539270401,4.071564197540283
0,27,0.5302138328552246,4.227599620819092
0,28,0.6144962310791016,3.2195494174957275
0,29,0.646294355392456,2.667198419570923
0,30,0.5036767721176147,4.416356563568115
0,31,0.5728415846824646,4.8491291999816895
0,32,0.42543381452560425,2.941950798034668
0,33,0.5209623575210571,3.374051809310913
0,34,0.6939879655838013,10.205174446105957
0,35,0.6257221698760986,9.85396957397461
0,36,0.3204022943973541,4.501969337463379
0,37,0.38209736347198486,4.072309970855713
0,38,0.43321293592453003,6.020477294921875
0,39,0.34360769391059875,2.5171256065368652
0,40,0.49880820512771606,3.8224799633026123
0,41,0.4874776005744934,5.1486945152282715
0,42,0.4924671947956085,10.606444358825684
0,43,0.6598150730133057,13.155567169189453
0,44,0.4998539686203003,11.959800720214844
0,45,0.3556002378463745,5.171156406402588
0,46,0.24275603890419006,1.9298343658447266
0,47,0.614167332649231,2.969331741333008
0,48,0.40417027473449707,2.661911725997925
0,49,0.5240898728370667,3.1901087760925293
0,50,0.4313020706176758,3.2940211296081543
0,51,0.254749596118927,1.8803749084472656
0,52,0.4522155523300171,6.362143516540527
0,53,0.4118480384349823,2.156459331512451
0,54,0.28576332330703735,2.1832964420318604
0,55,0.41256725788116455,2.0304818153381348
0,56,0.23080013692378998,3.2677760124206543
0,57,0.2719011604785919,5.458081245422363
0,58,0.21496005356311798,3.980743169784546
0,59,0.3282545506954193,4.453023910522461
0,60,0.24445542693138123,1.293534278869629
0,61,0.3443676829338074,6.0017170906066895
0,62,0.3601234555244446,8.856023788452148
0,63,0.5213688611984253,23.373323440551758
0,64,0.42627662420272827,12.718476295471191
0,65,0.1991213709115982,8.296632766723633
0,66,0.1584605574607849,2.8512887954711914
0,67,0.5158504247665405,5.136825084686279
0,68,0.311023473739624,2.210481643676758
0,69,0.22110489010810852,2.561490297317505
0,70,0.3422773480415344,3.516946792602539
0,71,0.317991703748703,7.484758377075195
0,72,0.23399394750595093,9.252238273620605
0,73,0.49111056327819824,14.559457778930664
0,74,0.3274390399456024,20.44648551940918
0,75,0.3385327458381653,11.332192420959473
0,76,0.21284332871437073,8.108678817749023
0,77,0.338159441947937,3.4465222358703613
0,78,0.2964205741882324,4.988062858581543
0,79,0.21049807965755463,2.6652050018310547
0,80,0.20937564969062805,3.221925735473633
0,81,0.16039930284023285,5.80166482925415
0,82,0.40885674953460693,6.274504661560059
0,83,0.2166467159986496,8.553803443908691
0,84,0.25498661398887634,6.135971546173096
0,85,0.27669572830200195,4.279256820678711
0,86,0.13438886404037476,7.372196197509766
0,87,0.230035662651062,9.577919006347656
0,88,0.29491475224494934,8.994100570678711
0,89,0.44097501039505005,8.311436653137207
0,90,0.21995477378368378,7.741833209991455
0,91,0.5516927242279053,15.280162811279297
0,92,0.29850733280181885,3.6699087619781494
0,93,0.17026835680007935,6.573615074157715
0,94,0.0584585964679718,2.3075106143951416
0,95,0.1251254677772522,1.7240097522735596
0,96,0.15612204372882843,11.556169509887695
0,97,0.3659655749797821,22.787012100219727
0,98,0.14532142877578735,10.4862642288208
0,99,0.3702501058578491,6.1766676902771
0,100,0.44625917077064514,2.581756591796875
0,101,0.5744979977607727,4.352340221405029
0,102,0.16471557319164276,1.8662395477294922
0,103,0.36858081817626953,9.97963809967041
0,104,0.3172895014286041,12.395478248596191
0,105,0.3998882472515106,14.53651237487793
0,106,0.24491673707962036,7.099862098693848
0,107,0.18901927769184113,4.301313400268555
0,108,0.25654396414756775,2.7264535427093506
0,109,0.23683257400989532,2.597010374069214
0,110,0.3565029501914978,5.035807132720947
0,111,0.05311271548271179,0.8806018829345703
0,112,0.16845324635505676,3.3745052814483643
0,113,0.261872798204422,2.1377387046813965
0,114,0.11775985360145569,0.5633326768875122
0,115,0.49771541357040405,10.37744426727295
0,116,0.19592249393463135,1.1834611892700195
0,117,0.31701427698135376,2.943894147872925
0,118,0.26490309834480286,3.85709547996521
0,119,0.21250033378601074,10.905562400817871
0,120,0.16820737719535828,13.247102737426758
0,121,0.22958242893218994,14.97789192199707
0,122,0.17462900280952454,11.466059684753418
0,123,0.24258466064929962,6.9636735916137695
0,124,0.10201456397771835,0.47191232442855835
0,125,0.30409497022628784,1.2600176334381104
0,126,0.11947916448116302,3.129312753677368
0,127,0.15002001821994781,4.3218207359313965
0,128,0.1267014443874359,3.5950276851654053
0,129,0.12847426533699036,1.143970251083374
0,130,0.32315096259117126,4.288808345794678
0,131,0.24491792917251587,18.61920166015625
0,132,0.3218245208263397,29.161067962646484
0,133,0.5476433634757996,20.6915225982666
0,134,0.40561196208000183,8.723669052124023
0,135,0.23703359067440033,1.054294466972351
0,136,0.1709035485982895,2.2528679370880127
0,137,0.1545914262533188,2.0089991092681885
0,138,0.3837195038795471,5.751168727874756
0,139,0.30189159512519836,0.899687647819519
0,140,0.11480976641178131,6.0773186683654785
0,141,0.1406896561384201,1.868708610534668
0,142,0.206171452999115,4.511785984039307
0,143,0.14452648162841797,5.665656566619873
0,144,0.20128174126148224,5.333609104156494
0,145,0.21830202639102936,7.131442070007324
0,146,0.21936306357383728,0.6275898218154907
0,147,0.2133740335702896,1.0456527471542358
0,148,0.14587683975696564,1.352942943572998
0,149,0.1639862209558487,0.3805942237377167
0,150,0.22732391953468323,0.7221464514732361
0,151,0.0322883315384388,0.5867341756820679
0,152,0.029723038896918297,0.5904980301856995
0,153,0.3275125026702881,9.77497673034668
0,154,0.2659190595149994,3.2582454681396484
0,155,0.013789605349302292,0.29347342252731323
0,156,0.08614186942577362,0.6143609881401062
0,157,0.12135651707649231,7.393757343292236
0,158,0.09141002595424652,17.79630470275879
0,159,0.20881451666355133,8.11441421508789
0,160,0.185451477766037,1.197110652923584
0,161,0.012262065894901752,1.2405093908309937
0,162,0.08993804454803467,0.3421640694141388
0,163,0.3022380471229553,1.1303852796554565
0,164,0.010526911355555058,0.20204226672649384
0,165,0.08431927114725113,0.2593422830104828
0,166,0.3925151824951172,1.3640893697738647
0,167,0.10202139616012573,4.910909175872803
0,168,0.17676816880702972,0.663684070110321
0,169,0.3100617229938507,8.77562427520752
0,170,0.28037047386169434,1.7368977069854736
0,171,0.2815098464488983,19.672439575195312
0,172,0.10960080474615097,1.63026762008667
0,173,0.34064286947250366,2.863182306289673
0,174,0.11846880614757538,1.0587142705917358
0,175,0.09974099695682526,0.5967947840690613
0,176,0.3308018147945404,1.0389379262924194
0,177,0.33198678493499756,2.2944960594177246
0,178,0.015515538863837719,0.3398699164390564
0,179,0.18288758397102356,1.2039529085159302
0,180,0.17966100573539734,6.5243401527404785
0,181,0.16456101834774017,0.47509655356407166
0,182,0.13858892023563385,3.850594997406006
0,183,0.08987563848495483,0.24484974145889282
0,184,0.24368895590305328,10.459454536437988
0,185,0.16961520910263062,0.3460480570793152
0,186,0.15626686811447144,0.4885724186897278
0,187,0.09877721965312958,0.501471996307373
0,188,0.031784411519765854,0.6105971932411194
0,189,0.3865228295326233,1.1504360437393188
0,190,0.15841571986675262,0.2684614360332489
0,191,0.20113329589366913,6.685514450073242
0,192,0.04214760288596153,0.6573486924171448
0,193,0.23345215618610382,1.971157193183899
0,194,0.2894527018070221,0.7192775011062622
0,195,0.22889317572116852,6.295024394989014
0,196,0.11276408284902573,0.5490511655807495
0,197,0.15802322328090668,6.183042049407959
0,198,0.16253666579723358,0.2644149959087372
0,199,0.2217830866575241,0.7940847277641296
0,200,0.23195132613182068,2.148206949234009
0,201,0.16204753518104553,0.34588074684143066
0,202,0.20895402133464813,0.6788247227668762
0,203,0.035798486322164536,0.6239521503448486
0,204,0.22005680203437805,0.5464350581169128
0,205,0.09978753328323364,0.3686986565589905
0,206,0.4946906864643097,21.496671676635742
0,207,0.25179925560951233,10.9173583984375
0,208,0.43084079027175903,7.4332427978515625
0,209,0.02064572647213936,0.516859769821167
0,210,0.09135627001523972,0.18105128407478333
0,211,0.25543126463890076,0.811019778251648
0,212,0.018362587317824364,0.3192707896232605
0,213,0.3552747666835785,1.329393982887268
0,214,0.15657278895378113,0.2607819437980652
0,215,0.07724138349294662,2.676095485687256
0,216,0.05301791802048683,1.043585181236267
0,217,0.16269241273403168,0.34188956022262573
0,218,0.1637611836194992,0.5494933128356934
0,219,0.09789273887872696,0.29703736305236816
0,220,0.09338671714067459,1.0993818044662476
0,221,0.1628827601671219,0.43558546900749207
0,222,0.08963021636009216,0.16224625706672668
0,223,0.5158918499946594,6.378427982330322
0,224,0.4150319993495941,11.558860778808594
0,225,0.1603303700685501,0.38092538714408875
0,226,0.1687718778848648,0.3464675545692444
0,227,0.09240087866783142,0.27205339074134827
0,228,0.22375455498695374,0.4468446373939514
0,229,0.1557425707578659,0.38953959941864014
0,230,0.21693335473537445,0.3457033634185791
0,231,0.16293807327747345,0.47626420855522156
0,232,0.05606819689273834,0.9792196750640869
0,233,0.11707080900669098,12.79700756072998
0,234,0.33133548498153687,3.624643087387085
0,235,0.18143415451049805,0.7074700593948364
0,236,0.10016665607690811,4.483921527862549
0,237,0.17193950712680817,0.5782107710838318
0,238,0.1726617068052292,1.875249981880188
0,239,0.08050095289945602,20.890108108520508
0,240,0.19241268932819366,26.405563354492188
0,241,0.48845764994621277,27.292552947998047
0,242,0.10790660232305527,13.930805206298828
0,243,0.09349817037582397,0.3645218312740326
0,244,0.1538713276386261,0.3283957540988922
0,245,0.22958806157112122,4.228829383850098
0,246,0.04078681766986847,2.740447521209717
0,247,0.09287679195404053,0.419015109539032
0,248,0.23620407283306122,1.5491290092468262
0,249,0.2879514992237091,0.7844827771186829
0,250,0.08944132179021835,0.46278196573257446
0,251,0.0955798327922821,0.5217094421386719
0,252,0.15758554637432098,12.248135566711426
0,253,0.030640922486782074,0.7248431444168091
0,254,0.37394341826438904,1.8102935552597046
0,255,0.0819537490606308,0.23155078291893005
0,256,0.09262848645448685,3.3636081218719482
0,257,0.16518288850784302,0.5363714098930359
0,258,0.26398634910583496,16.420381546020508
0,259,0.17876000702381134,11.89840030670166
0,260,0.45171022415161133,1.8190618753433228
0,261,0.16933248937129974,0.3628467917442322
0,262,0.19530954957008362,14.701872825622559
0,263,0.08630887418985367,1.5756276845932007
0,264,0.26425251364707947,1.770747423171997
0,265,0.11182519793510437,0.7687386870384216
0,266,0.22638502717018127,1.2048523426055908
0,267,0.09025116264820099,0.2273043841123581
0,268,0.017507612705230713,0.31893882155418396
0,269,0.3696371912956238,7.1168389320373535
0,270,0.20132115483283997,1.6527808904647827
0,271,0.10507325828075409,0.5283554196357727
0,272,0.0173372570425272,2.2486441135406494
0,273,0.19638925790786743,1.7542158365249634
0,274,0.27928903698921204,2.140923261642456
0,275,0.19002164900302887,0.67185378074646
0,276,0.0907955914735794,0.6090255975723267
0,277,0.01906377449631691,0.4296852946281433
0,278,0.15955068171024323,0.6678956747055054
0,279,0.16372087597846985,0.35988572239875793
0,280,0.038232799619436264,0.7456586360931396
0,281,0.07057373225688934,3.8105504512786865
0,282,0.16253946721553802,0.41851189732551575
0,283,0.2348668873310089,0.9261513948440552
0,284,0.10215690732002258,0.35394275188446045
0,285,0.24334827065467834,5.981735706329346
0,286,0.10467265546321869,0.4799345135688782
0,287,0.10758043080568314,6.2325215339660645
0,288,0.17092657089233398,0.698188841342926
0,289,0.30556267499923706,0.8331959247589111
0,290,0.3640604019165039,1.497849464416504
0,291,0.21992290019989014,0.2553573548793793
0,292,0.1710990071296692,0.7516153454780579
0,293,0.17584140598773956,1.4045782089233398
0,294,0.20491784811019897,2.1662847995758057
0,295,0.16530898213386536,0.8328083753585815
0,296,0.10314169526100159,0.44357967376708984
0,297,0.08724729716777802,0.35155433416366577
0,298,0.16802407801151276,0.6502947807312012
0,299,0.0934295803308487,0.17984509468078613
0,300,0.09373390674591064,0.7019491195678711
0,301,0.18163925409317017,0.559262752532959
0,302,0.10782209783792496,8.971700668334961
0,303,0.4159501791000366,16.86069107055664
0,304,0.0937216579914093,2.324460744857788
0,305,0.10005508363246918,0.24671155214309692
0,306,0.19659078121185303,6.085643291473389
0,307,0.09847817569971085,4.57348108291626
0,308,0.32324570417404175,1.1084790229797363
0,309,0.2284403294324875,0.826251208782196
0,310,0.23637175559997559,6.92156457901001
0,311,0.12064363807439804,0.798757016658783
0,312,0.21520370244979858,0.6218279600143433
0,313,0.16690649092197418,0.8125553727149963
0,314,0.22091203927993774,0.42260557413101196
0,315,0.15615259110927582,0.45731544494628906
0,316,0.10820809006690979,4.0349321365356445
0,317,0.17783835530281067,11.12121868133545
0,318,0.2903042733669281,0.7810505628585815
0,319,0.02921801619231701,4.387664794921875
0,320,0.15788377821445465,0.2647009491920471
0,321,0.30600184202194214,3.473667621612549
0,322,0.03564806655049324,0.6723484396934509
0,323,0.22484703361988068,0.455221951007843
0,324,0.09597280621528625,0.3634658455848694
0,325,0.16019144654273987,0.2772921919822693
0,326,0.20929789543151855,0.6339472532272339
0,327,0.10861377418041229,3.8105735778808594
0,328,0.040617864578962326,5.493434429168701
0,329,0.09638547897338867,0.38784074783325195
0,330,0.22693763673305511,0.7645770311355591
0,331,0.09730113297700882,0.4506000578403473
0,332,0.23976396024227142,0.5667740702629089
0,333,0.22559893131256104,1.0230573415756226
0,334,0.16802549362182617,0.41174304485321045
0,335,0.10091082006692886,0.5300226807594299
0,336,0.1503935307264328,7.498477458953857
0,337,0.22903580963611603,0.49909111857414246
0,338,0.3564518392086029,1.159363031387329
0,339,0.1682378500699997,4.517033100128174
0,340,0.16503454744815826,0.5331358313560486
0,341,0.24650615453720093,19.017391204833984
0,342,0.19594058394432068,5.823673248291016
0,343,0.22380535304546356,0.8461224436759949
0,344,0.11875160038471222,1.00709867477417
0,345,0.09868006408214569,0.6014183759689331
0,346,0.1078307256102562,4.728407382965088
0,347,0.262857586145401,2.751962423324585
0,348,0.18952737748622894,3.6442646980285645
0,349,0.26559072732925415,0.9860440492630005
0,350,0.3465786576271057,5.134252071380615
0,351,0.453384131193161,1.688558578491211
0,352,0.3213125467300415,1.1632903814315796
0,353,0.2572118937969208,9.118802070617676
0,354,0.12746436893939972,4.327641010284424
0,355,0.2837202847003937,1.702917456626892
0,356,0.20456314086914062,1.5925755500793457
0,357,0.28695064783096313,0.7246361970901489
0,358,0.1746998429298401,0.9314314126968384
0,359,0.16278643906116486,0.6545400023460388
0,360,0.10509263724088669,0.6268103718757629
0,361,0.14621210098266602,7.279179573059082
0,362,0.39382117986679077,1.3792616128921509
0,363,0.31569135189056396,1.039223551750183
0,364,0.16981732845306396,0.4724270701408386
0,365,0.08966904133558273,0.1657901257276535
0,366,0.15523335337638855,0.2935727536678314
0,367,0.26976478099823,0.7638317942619324
0,368,0.14955207705497742,1.2363337278366089
0,369,0.11053796857595444,0.6527619361877441
0,370,0.1739472597837448,0.48978573083877563
0,371,0.11225675791501999,0.7174608111381531
0,372,0.2235293686389923,3.245762586593628
0,373,0.09644176065921783,0.591539740562439
0,374,0.3678101599216461,6.904760837554932
0,375,0.09137248992919922,0.2718467116355896
0,376,0.3829628825187683,1.6447794437408447
0,377,0.15398715436458588,0.46872013807296753
0,378,0.2838796079158783,0.9416741132736206
0,379,0.30306386947631836,1.296390175819397
0,380,0.15564283728599548,4.0508904457092285
0,381,0.23330022394657135,2.8578286170959473
0,382,0.30938491225242615,2.9572901725769043
0,383,0.15153753757476807,2.762671947479248
0,384,0.23410707712173462,2.406616687774658
0,385,0.16762900352478027,0.5763048529624939
0,386,0.2918105125427246,0.855063259601593
0,387,0.17152619361877441,1.098215103149414
0,388,0.1667805016040802,1.854103446006775
0,389,0.15706242620944977,0.4465969204902649
0,390,0.1652555614709854,0.7967684268951416
0,391,0.16089370846748352,0.324539452791214
0,392,0.14851026237010956,0.24768100678920746
0,393,0.09426802396774292,0.31105467677116394
0,394,0.15358945727348328,0.21575860679149628
0,395,0.1054442748427391,1.3779882192611694
0,396,0.09994076192378998,0.3235290050506592
0,397,0.2236465960741043,0.40804770588874817
0,398,0.15898971259593964,0.5039892792701721
0,399,0.2793847322463989,0.6611616611480713
0,400,0.03921545296907425,0.6616312861442566
0,401,0.15874949097633362,0.26660701632499695
0,402,0.03668568283319473,0.6439008116722107
0,403,0.15553167462348938,0.3671335279941559
0,404,0.0832696408033371,0.22515955567359924
0,405,0.2322297841310501,0.6038418412208557
0,406,0.447451114654541,1.713573932647705
0,407,0.08316854387521744,0.2367778867483139
0,408,0.2181299775838852,0.4311428368091583
0,409,0.21080683171749115,0.3707432448863983
0,410,0.11266645789146423,1.4068820476531982
0,411,0.054898541420698166,1.1087771654129028
0,412,0.11262219399213791,0.6465897560119629
0,413,0.21456299722194672,0.4412391483783722
0,414,0.09501723945140839,1.6724330186843872
0,415,0.24929317831993103,0.6170832514762878
0,416,0.15527686476707458,0.3076530396938324
0,417,0.1593431979417801,0.26898545026779175
0,418,0.29411157965660095,1.4637845754623413
0,419,0.1074671670794487,0.3254989683628082
0,420,0.09123954176902771,0.3345017731189728
0,421,0.15039564669132233,0.2894880473613739
0,422,0.1510465443134308,0.30063608288764954
0,423,0.09585973620414734,0.6608841419219971
0,424,0.15038657188415527,0.3183462917804718
0,425,0.3838503360748291,1.3486969470977783
1,0,0.30061066150665283,0.8415570855140686
1,1,0.058298587799072266,1.1233749389648438
1,2,0.06803691387176514,1.2790967226028442
1,3,0.19587546586990356,0.7052947878837585
1,4,0.14604151248931885,0.4839995801448822
1,5,0.19205179810523987,0.6764523386955261
1,6,0.17102259397506714,0.461991548538208
1,7,0.16833090782165527,0.6711883544921875
1,8,0.07438207417726517,0.2911645770072937
1,9,0.28902727365493774,1.1134181022644043
1,10,0.23821909725666046,1.0095046758651733
1,11,0.21980103850364685,0.4921656847000122
1,12,0.11224525421857834,1.162496566772461
1,13,0.10949096083641052,1.365217924118042
1,14,0.154552161693573,0.9640260934829712
1,15,0.1040361300110817,0.7249017357826233
1,16,0.25101083517074585,30.54314422607422
1,17,0.011020763777196407,0.8926076889038086
1,18,0.3167301416397095,2.620086908340454
1,19,0.3398754298686981,7.486530303955078
1,20,0.21062920987606049,0.8178797364234924
1,21,0.1927553117275238,0.8682264089584351
1,22,0.004837789572775364,0.1026933342218399
1,23,0.024067962542176247,3.521557569503784
1,24,0.007751269731670618,0.15912945568561554
1,25,0.3435884118080139,1.5529063940048218
1,26,0.2575611472129822,1.2384930849075317
1,27,0.26763370633125305,1.343660831451416
1,28,0.1156068667769432,0.7618849873542786
1,29,0.11879674345254898,1.1066311597824097
1,30,0.2679841220378876,0.4533206820487976
1,31,0.25309184193611145,0.5119757652282715
1,32,0.16510334610939026,0.9458069801330566
1,33,0.12401211261749268,0.9918553829193115
1,34,0.04299319162964821,0.8988920450210571
1,35,0.1523275375366211,0.3636757731437683
1,36,0.22223055362701416,7.1065874099731445
1,37,0.11212071776390076,3.836686611175537
1,38,0.16854619979858398,0.6840339303016663
1,39,0.2651614248752594,1.0286539793014526
1,40,0.37764936685562134,4.830945014953613
1,41,0.15354640781879425,5.10721492767334
1,42,0.1960366666316986,4.4269890785217285
1,43,0.09583377093076706,0.31624189019203186
1,44,0.16826657950878143,0.46976733207702637
1,45,0.2456464320421219,0.6996307373046875
1,46,0.09301652014255524,0.48734816908836365
1,47,0.23080462217330933,8.33974552154541
1,48,0.09888582676649094,0.5075682997703552
1,49,0.2619478702545166,0.6217126250267029
1,50,0.33207616209983826,0.8871530890464783
1,51,0.17811071872711182,0.5051292181015015
1,52,0.06163099780678749,1.0962671041488647
1,53,0.08820131421089172,0.7550831437110901
1,54,0.1674167513847351,0.48879876732826233
1,55,0.08983662724494934,0.5183740258216858
1,56,0.09206171333789825,0.26271525025367737
1,57,0.17684133350849152,0.4712789058685303
1,58,0.2637420892715454,1.0317665338516235
1,59,0.17036671936511993,0.5153119564056396
1,60,0.15473121404647827,0.4315709173679352
1,61,0.22334285080432892,0.7872520089149475
1,62,0.27427878975868225,0.934138834476471
1,63,0.1536221206188202,0.33699697256088257
1,64,0.2699858546257019,0.5095689296722412
1,65,0.07089948654174805,1.0495269298553467
1,66,0.20003312826156616,0.5803802013397217
1,67,0.16640999913215637,1.0197468996047974
1,68,0.11953485012054443,0.6831240653991699
1,69,0.34231436252593994,2.791307210922241
1,70,0.08347351849079132,0.4769972264766693
1,71,0.14375662803649902,2.785846710205078
1,72,0.18690556287765503,11.010991096496582
1,73,0.10435280948877335,0.3309292495250702
1,74,0.0871613621711731,0.22761321067810059
1,75,0.07955403625965118,0.7855276465415955
1,76,0.25779417157173157,1.201657772064209
1,77,0.0787983313202858,0.3005996644496918
1,78,0.24247796833515167,0.8390905261039734
1,79,0.10120353102684021,11.803595542907715
1,80,0.08062271773815155,0.3257710039615631
1,81,0.1502622365951538,0.4817107021808624
1,82,0.3659224808216095,1.4122991561889648
1,83,0.235497385263443,0.727676272392273
1,84,0.1320626139640808,1.3980834484100342
1,85,0.24318349361419678,8.313268661499023
1,86,0.22357356548309326,1.2192474603652954
1,87,0.08258900791406631,1.6347171068191528
1,88,0.1182737946510315,0.9482601284980774
1,89,0.16978029906749725,6.1497273445129395
1,90,0.22770030796527863,3.0751140117645264
1,91,0.2370682954788208,0.7774807214736938
1,92,0.17064900696277618,0.519821286201477
1,93,0.15862034261226654,1.6550630331039429
1,94,0.09177195280790329,0.25406357645988464
1,95,0.03488481789827347,1.5740244388580322
1,96,0.16981889307498932,0.5085518956184387
1,97,0.021661097183823586,0.5322399735450745
1,98,0.09843429923057556,0.9846710562705994
1,99,0.023400237783789635,0.4903828501701355
1,100,0.3085450232028961,1.166239619255066
1,101,0.385963499546051,1.4081727266311646
1,102,0.2944128215312958,0.8944936394691467
1,103,0.10836784541606903,0.37480610609054565
1,104,0.04822045937180519,0.8832255005836487
1,105,0.10585997253656387,0.7060942649841309
1,106,0.10200981795787811,0.6051062345504761
1,107,0.15304116904735565,0.3587050139904022
1,108,0.0840144008398056,0.47169041633605957
1,109,0.10962889343500137,0.48243802785873413
1,110,0.22872000932693481,0.7184875011444092
1,111,0.14949336647987366,0.3665916323661804
1,112,0.15562810003757477,0.7714784741401672
1,113,0.09872423112392426,0.2962415814399719
1,114,0.019963463768363,0.4035286605358124
1,115,0.078736811876297,0.2634127736091614
1,116,0.20727187395095825,0.6957529783248901
1,117,0.32232633233070374,3.2374508380889893
1,118,0.10751327872276306,2.6892189979553223
1,119,0.09724418073892593,0.3204416036605835
1,120,0.0941130742430687,0.42443329095840454
1,121,0.21757498383522034,13.990876197814941
1,122,0.23229344189167023,1.180860161781311
1,123,0.19327305257320404,22.71222686767578
1,124,0.14442016184329987,0.3876846730709076
1,125,0.09838846325874329,3.1447556018829346
1,126,0.1139105036854744,1.8439228534698486
1,127,0.20882493257522583,0.7808569669723511
1,128,0.11410035938024521,0.86607426404953
1,129,0.10549376904964447,0.6501014232635498
1,130,0.1923966109752655,0.5379757285118103
1,131,0.15917332470417023,0.5101380348205566
1,132,0.026285165920853615,0.563551664352417
1,133,0.36414679884910583,1.4374183416366577
1,134,0.08441329002380371,0.2324131429195404
1,135,0.0834827646613121,0.2827875316143036
1,136,0.357210248708725,2.900027275085449
1,137,0.07560804486274719,0.27266108989715576
1,138,0.14373019337654114,0.39601126313209534
1,139,0.2991785705089569,1.0474551916122437
1,140,0.09213611483573914,0.4085005521774292
1,141,0.10428263247013092,0.7689250111579895
1,142,0.15049080550670624,0.6117313504219055
1,143,0.191809743642807,0.5522624850273132
1,144,0.036790549755096436,0.8492515683174133
1,145,0.02889135107398033,0.6808646321296692
1,146,0.1573788821697235,0.8280808329582214
1,147,0.2243015468120575,1.059583067893982
1,148,0.2205594927072525,1.1656198501586914
1,149,0.21770820021629333,1.2610230445861816
1,150,0.2132708579301834,1.1577495336532593
1,151,0.1469385027885437,0.7862678170204163
1,152,0.18426769971847534,0.9239439368247986
1,153,0.2023623287677765,1.9644601345062256
1,154,0.0704631358385086,1.8923395872116089
1,155,0.17668011784553528,1.0745124816894531
1,156,0.250700443983078,1.3105131387710571
1,157,0.2677466571331024,2.2194910049438477
1,158,0.1960247904062271,25.111528396606445
1,159,0.20799244940280914,1.540486454963684
1,160,0.3573743999004364,2.1830129623413086
1,161,0.1660081446170807,0.8679772615432739
1,162,0.19136467576026917,1.0006320476531982
1,163,0.13044697046279907,1.8491109609603882
1,164,0.18442286550998688,0.7417833209037781
1,165,0.10281015932559967,1.07633376121521
1,166,0.29289257526397705,1.2552567720413208
1,167,0.09086254984140396,0.7490681409835815
1,168,0.09363187849521637,0.4714992344379425
1,169,0.16460362076759338,0.8539722561836243
1,170,0.01324127521365881,0.36093708872795105
1,171,0.17764723300933838,1.1290451288223267
1,172,0.011802486144006252,0.37258657813072205
1,173,0.011190352961421013,0.3031481206417084
1,174,0.115015909075737,9.04455280303955
1,175,0.2067190557718277,3.1973116397857666
1,176,0.1822739690542221,0.9673758745193481
1,177,0.2562867999076843,5.780398845672607
1,178,0.16276773810386658,0.7404690384864807
1,179,0.03858063369989395,17.29351043701172
1,180,0.21312879025936127,1.108803629875183
1,181,0.07859455049037933,0.7341841459274292
1,182,0.30525273084640503,1.3843128681182861
1,183,0.17527459561824799,1.319129467010498
1,184,0.14708594977855682,1.767478346824646
1,185,0.14250309765338898,1.7006325721740723
1,186,0.19768887758255005,0.8301979899406433
1,187,0.08494745194911957,0.9603597521781921
1,188,0.15951436758041382,0.5384190082550049
1,189,0.1775343418121338,0.854660153388977
1,190,0.25156286358833313,5.078959941864014
1,191,0.25261321663856506,1.5052502155303955
1,192,0.024461060762405396,4.8316755294799805
1,193,0.19923190772533417,9.967496871948242
1,194,0.09716899693012238,0.2973051071166992
1,195,0.16946245729923248,0.6140559911727905
1,196,0.16752278804779053,0.6627832651138306
1,197,0.0998961552977562,0.2647131085395813
1,198,0.21506687998771667,1.2934412956237793
1,199,0.13083629310131073,2.1956787109375
1,200,0.21644440293312073,0.6206275820732117
1,201,0.2637201249599457,1.5574027299880981
1,202,0.3182230293750763,1.637432336807251
1,203,0.1438630223274231,5.649071216583252
1,204,0.31311389803886414,2.6729753017425537
1,205,0.2846473753452301,7.5413641929626465
1,206,0.2508339583873749,2.4735143184661865
1,207,0.2936858832836151,6.702137470245361
1,208,0.28186216950416565,1.1904749870300293
1,209,0.224145770072937,0.8063950538635254
1,210,0.16983966529369354,0.9092442989349365
1,211,0.13273069262504578,2.2271149158477783
1,212,0.32044991850852966,3.585155725479126
1,213,0.16399931907653809,0.3529892563819885
1,214,0.08601122349500656,0.35053956508636475
1,215,0.3093223571777344,1.0899615287780762
1,216,0.08977857977151871,0.1881229281425476
1,217,0.30313560366630554,1.0297657251358032
1,218,0.2917393743991852,1.1698864698410034
1,219,0.13064537942409515,0.3858046531677246
1,220,0.304886132478714,1.1651611328125
1,221,0.1754373162984848,0.7079446911811829
1,222,0.17213398218154907,1.806467890739441
1,223,0.12985849380493164,1.5680885314941406
1,224,0.14465126395225525,1.4102120399475098
1,225,0.23974116146564484,4.355106353759766
1,226,0.052198875695466995,1.041090488433838
1,227,0.1938818097114563,1.4349522590637207
1,228,0.11614987254142761,1.371287226676941
1,229,0.17030960321426392,0.582738995552063
1,230,0.08253363519906998,1.4980086088180542
1,231,0.27737513184547424,1.7845211029052734
1,232,0.27594032883644104,1.3426426649093628
1,233,0.16232801973819733,0.7879949808120728
1,234,0.2185993790626526,1.3166264295578003
1,235,0.34388667345046997,1.2405064105987549
1,236,0.30379393696784973,5.85735559463501
1,237,0.23338958621025085,1.1081514358520508
1,238,0.11374440044164658,0.7249323129653931
1,239,0.16136084496974945,0.6556947827339172
1,240,0.10973729193210602,0.931503176689148
1,241,0.1869133710861206,0.5628653764724731
1,242,0.19719655811786652,5.988442897796631
1,243,0.09989612549543381,0.5911197662353516
1,244,0.38582703471183777,7.844851493835449
1,245,0.24340324103832245,7.8571577072143555
1,246,0.125379279255867,10.273813247680664
1,247,0.08506755530834198,0.4937269985675812
1,248,0.09640131890773773,0.32963940501213074
1,249,0.09873554110527039,0.2616089880466461
1,250,0.08724110573530197,0.43529680371284485
1,251,0.1602240800857544,0.5577326416969299
1,252,0.29996809363365173,10.067560195922852
1,253,0.014928820542991161,0.32607242465019226
1,254,0.23737554252147675,0.9312270283699036
1,255,0.3214111328125,6.458592891693115
1,256,0.01734570600092411,0.40075695514678955
1,257,0.01790269836783409,0.45598104596138
1,258,0.07993312925100327,0.48013225197792053
1,259,0.11177372932434082,0.2976556122303009
1,260,0.012685876339673996,0.3042936325073242
1,261,0.011496886610984802,0.26017525792121887
1,262,0.23616278171539307,1.1095843315124512
1,263,0.18978840112686157,0.6776299476623535
1,264,0.011691330000758171,0.2550741136074066
1,265,0.1488548368215561,0.786399781703949
1,266,0.017163092270493507,0.36922410130500793
1,267,0.07015646249055862,0.3684808909893036
1,268,0.09513286501169205,0.30421894788742065
1,269,0.17467403411865234,0.40119877457618713
1,270,0.1539597064256668,0.6646414399147034
1,271,0.218952938914299,5.206455707550049
1,272,0.090803362429142,0.48466023802757263
1,273,0.0944281592965126,1.5866053104400635
1,274,0.2929917871952057,0.9010617136955261
1,275,0.19635465741157532,0.32576438784599304
1,276,0.16205556690692902,0.9801192283630371
1,277,0.1596190631389618,1.0053163766860962
1,278,0.14941701292991638,0.6362548470497131
1,279,0.22448281943798065,0.8939498066902161
1,280,0.17265553772449493,0.5083434581756592
1,281,0.16626903414726257,1.0448459386825562
1,282,0.3039947748184204,1.0831965208053589
1,283,0.16762326657772064,0.3425256609916687
1,284,0.20300929248332977,0.6865385174751282
1,285,0.07685532420873642,0.5952751636505127
1,286,0.221214160323143,0.6973326206207275
1,287,0.2049729824066162,1.7022879123687744
1,288,0.19271866977214813,0.6724386215209961
1,289,0.10532364994287491,1.975692868232727
1,290,0.049311816692352295,1.0157889127731323
1,291,0.16424642503261566,0.3121136724948883
1,292,0.34281107783317566,1.1040798425674438
1,293,0.23445850610733032,6.106490612030029
1,294,0.035235125571489334,1.4274766445159912
1,295,0.17515331506729126,1.7971638441085815
1,296,0.21108660101890564,0.5815695524215698
1,297,0.33309975266456604,1.3251725435256958
1,298,0.10076054185628891,6.512436389923096
1,299,0.1633790284395218,0.7906618714332581
1,300,0.12750428915023804,1.0389149188995361
1,301,0.08268067985773087,0.7755842804908752
1,302,0.2883633077144623,0.9181228876113892
1,303,0.13179545104503632,0.45961055159568787
1,304,0.1671457439661026,0.31512317061424255
1,305,0.08422111719846725,0.4314376413822174
1,306,0.1573178619146347,0.38365429639816284
1,307,0.16950395703315735,0.5109612941741943
1,308,0.15073932707309723,0.5140169858932495
1,309,0.16158033907413483,0.41800057888031006
1,310,0.08370689302682877,0.3444308936595917
1,311,0.16426675021648407,0.48055312037467957
1,312,0.09290919452905655,0.3970354497432709
1,313,0.08455807715654373,4.054778575897217
1,314,0.15805283188819885,0.8629274964332581
1,315,0.11167643964290619,21.999269485473633
1,316,0.163346067070961,0.44371727108955383
1,317,0.30247804522514343,1.0921299457550049
1,318,0.15308278799057007,0.8307255506515503
1,319,0.2983802258968353,1.2264342308044434
1,320,0.11620412766933441,1.7112739086151123
1,321,0.24247713387012482,1.2051335573196411
1,322,0.16355003416538239,1.073289394378662
1,323,0.10916542261838913,0.9300704002380371
1,324,0.220038503408432,0.7805389165878296
1,325,0.09420003741979599,0.320669561624527
1,326,0.371038556098938,3.133162021636963
1,327,0.014063854701817036,0.30936872959136963
1,328,0.1780007928609848,0.6935445070266724
1,329,0.16963309049606323,0.8227742910385132
1,330,0.013584669679403305,0.3142588138580322
1,331,0.33822163939476013,1.4841196537017822
1,332,0.15311232209205627,0.42750293016433716
1,333,0.2644720673561096,1.0781400203704834
1,334,0.09241264313459396,0.5726269483566284
1,335,0.1394062340259552,0.5869608521461487
1,336,0.06361657381057739,2.6416447162628174
1,337,0.1529630422592163,0.8450254201889038
1,338,0.06401742249727249,1.3648968935012817
1,339,0.10980729758739471,0.6642114520072937
1,340,0.25298261642456055,0.931252121925354
1,341,0.13881194591522217,0.6412714719772339
1,342,0.15180113911628723,0.4295620918273926
1,343,0.1637415587902069,0.5513395071029663
1,344,0.021889731287956238,0.502363920211792
1,345,0.31077292561531067,1.2141364812850952
1,346,0.226006418466568,0.9489606618881226
1,347,0.13033227622509003,0.5269928574562073
1,348,0.22796373069286346,3.823854684829712
1,349,0.09683603048324585,0.8388228416442871
1,350,0.16095416247844696,0.6378625631332397
1,351,0.10935571789741516,0.7904239892959595
1,352,0.23449894785881042,0.5422022938728333
1,353,0.2512787878513336,0.9818788766860962
1,354,0.15634290874004364,0.34794774651527405
1,355,0.11536191403865814,0.4042377173900604
1,356,0.1622505784034729,0.41645151376724243
1,357,0.03255344182252884,0.7405374646186829
1,358,0.14726220071315765,0.7381393313407898
1,359,0.19235588610172272,0.8379307389259338
1,360,0.0904233381152153,0.4870606064796448
1,361,0.3585819602012634,1.761197805404663
1,362,0.10425078123807907,5.224798202514648
1,363,0.2441568374633789,0.8952364325523376
1,364,0.29313015937805176,1.0368651151657104
1,365,0.2292839139699936,10.854545593261719
1,366,0.27994292974472046,0.975609302520752
1,367,0.15676580369472504,2.239032030105591
1,368,0.12453366816043854,1.6526159048080444
1,369,0.2231845110654831,8.961091995239258
1,370,0.287406325340271,7.630006313323975
1,371,0.05098780244588852,1.264143705368042
1,372,0.15794770419597626,0.9179792404174805
1,373,0.12838371098041534,10.895773887634277
1,374,0.1484519988298416,2.5717625617980957
1,375,0.1484292894601822,1.9657375812530518
1,376,0.4630604386329651,3.912036895751953
1,377,0.09372464567422867,0.3685646057128906
1,378,0.3749706745147705,1.776620864868164
1,379,0.07893778383731842,0.3592691719532013
1,380,0.07242347300052643,0.40080294013023376
1,381,0.09523741155862808,2.05964732170105
1,382,0.07518298923969269,0.551816999912262
1,383,0.14548973739147186,1.594759464263916
1,384,0.09801281988620758,1.214546799659729
1,385,0.0809057205915451,0.37281569838523865
1,386,0.02669423259794712,0.6251493692398071
1,387,0.16771560907363892,7.759675979614258
1,388,0.09290079772472382,4.91214656829834
1,389,0.3480362296104431,4.3381476402282715
1,390,0.182834655046463,0.5704391598701477
1,391,0.1615642011165619,0.5796979069709778
1,392,0.08413770794868469,0.4985939860343933
1,393,0.26473525166511536,1.2606453895568848
1,394,0.36912915110588074,1.69378662109375
1,395,0.2244941145181656,5.031881332397461
1,396,0.18850602209568024,3.4475128650665283
1,397,0.2375326305627823,2.0691704750061035
1,398,0.1326446533203125,2.1835708618164062
1,399,0.1161622479557991,1.7652559280395508
1,400,0.315441370010376,0.9828338623046875
1,401,0.15462876856327057,13.754803657531738
1,402,0.1823481023311615,0.8139764070510864
1,403,0.14784757792949677,0.4677208960056305
1,404,0.07181425392627716,0.5726225972175598
1,405,0.031117796897888184,5.028954982757568
1,406,0.1999596357345581,15.88396167755127
1,407,0.13696955144405365,0.8641891479492188
1,408,0.15883798897266388,0.8741122484207153
1,409,0.1292034089565277,0.5205293893814087
1,410,0.06880288571119308,0.8571974635124207
1,411,0.3444131314754486,1.8316868543624878
1,412,0.07505438476800919,7.181178092956543
1,413,0.2630133628845215,8.31693172454834
1,414,0.15490277111530304,8.890115737915039
1,415,0.1652335375547409,1.6556452512741089
1,416,0.1044546440243721,1.0078246593475342
1,417,0.08365347236394882,0.7657254338264465
1,418,0.14238524436950684,2.0989301204681396
1,419,0.15431314706802368,0.8633472323417664
1,420,0.23541893064975739,1.558146595954895
1,421,0.10440429300069809,0.4158329665660858
1,422,0.0382932610809803,5.205142021179199
1,423,0.0746314525604248,0.47669827938079834
1,424,0.08845063298940659,0.8185979723930359
1,425,0.03412348031997681,1.1251862049102783
2,0,0.11908306181430817,0.5383224487304688
2,1,0.06961064040660858,0.6066700220108032
2,2,0.40494364500045776,2.3350932598114014
2,3,0.14442075788974762,2.8855724334716797
2,4,0.09360384941101074,1.5699870586395264
2,5,0.12428530305624008,0.8292152285575867
2,6,0.15097054839134216,1.5977632999420166
2,7,0.12746316194534302,0.8932629823684692
2,8,0.0782250240445137,1.0266844034194946
2,9,0.18749645352363586,5.878793239593506
2,10,0.048326075077056885,1.5219365358352661
2,11,0.0395720936357975,1.1622798442840576
2,12,0.10568749159574509,0.47234001755714417
2,13,0.112062007188797,23.847763061523438
2,14,0.37558507919311523,12.322578430175781
2,15,0.25444215536117554,1.6131510734558105
2,16,0.2046288549900055,1.4238330125808716
2,17,0.04721338674426079,0.5159125328063965
2,18,0.13666215538978577,1.0293530225753784
2,19,0.23402723670005798,1.2662687301635742
2,20,0.1569414585828781,0.7292450070381165
2,21,0.2165071815252304,1.6229124069213867
2,22,0.2895324230194092,4.379953384399414
2,23,0.19553349912166595,3.7748959064483643
2,24,0.13667736947536469,1.0155128240585327
2,25,0.1762782633304596,0.5341463088989258
2,26,0.281894326210022,1.7233161926269531
2,27,0.32327136397361755,2.06227707862854
2,28,0.12265321612358093,0.4571557343006134
2,29,0.08667103946208954,0.554705023765564
2,30,0.030037423595786095,0.860024631023407
2,31,0.06580665707588196,9.821208000183105
2,32,0.3093397915363312,20.609039306640625
2,33,0.13441401720046997,1.0415219068527222
2,34,0.10780000686645508,0.6429540514945984
2,35,0.20690788328647614,1.4087059497833252
2,36,0.11390609294176102,0.35712146759033203
2,37,0.17669764161109924,1.4204102754592896
2,38,0.13310395181179047,4.406330108642578
2,39,0.16014432907104492,0.8621702194213867
2,40,0.32671236991882324,1.5310739278793335
2,41,0.13015402853488922,1.7440263032913208
2,42,0.11794604361057281,2.171013832092285
2,43,0.17192442715168,0.7095103859901428
2,44,0.09109426289796829,0.6339130997657776
2,45,0.16502708196640015,1.2074142694473267
2,46,0.015859344974160194,0.45479822158813477
2,47,0.09281569719314575,1.4968427419662476
2,48,0.24768078327178955,3.4778711795806885
2,49,0.09460827708244324,0.6475384831428528
2,50,0.15686668455600739,1.0489857196807861
2,51,0.09326653927564621,0.22277593612670898
2,52,0.14494632184505463,0.8527339100837708
2,53,0.12691015005111694,1.1783214807510376
2,54,0.18026460707187653,0.7204384207725525
2,55,0.13014066219329834,1.9360382556915283
2,56,0.18451683223247528,8.007499694824219
2,57,0.14368823170661926,3.586475133895874
2,58,0.15148867666721344,4.085148811340332
2,59,0.11329738795757294,2.172848701477051
2,60,0.15395835041999817,0.8177872896194458
2,61,0.2275206744670868,1.0472813844680786
2,62,0.09994194656610489,0.4229597747325897
2,63,0.2626635730266571,2.582881450653076
2,64,0.213538259267807,1.175622820854187
2,65,0.24811117351055145,1.11214280128479
2,66,0.09520478546619415,0.9113677144050598
2,67,0.0765824094414711,1.0273934602737427
2,68,0.2552180290222168,1.6972600221633911
2,69,0.17716532945632935,2.437976360321045
2,70,0.1341739445924759,0.8094480037689209
2,71,0.0335688479244709,0.8922598958015442
2,72,0.11391887068748474,10.842025756835938
2,73,0.4201871454715729,36.60292434692383
2,74,0.06341100484132767,1.0660125017166138
2,75,0.23962527513504028,13.456841468811035
2,76,0.11492219567298889,1.7712459564208984
2,77,0.19264379143714905,0.6799193620681763
2,78,0.09037809818983078,0.529424250125885
2,79,0.26147928833961487,1.8737375736236572
2,80,0.1128581240773201,0.6579868197441101
2,81,0.07962694764137268,0.8017443418502808
2,82,0.24987053871154785,1.7793370485305786
2,83,0.09701833128929138,0.8733243346214294
2,84,0.21116316318511963,1.0694743394851685
2,85,0.19196373224258423,1.1867133378982544
2,86,0.16578643023967743,1.315886378288269
2,87,0.046973999589681625,1.3986269235610962
2,88,0.09973321855068207,1.0173108577728271
2,89,0.03832234442234039,1.1754812002182007
2,90,0.14290043711662292,0.4579709768295288
2,91,0.13831640779972076,0.7137430310249329
2,92,0.10164014995098114,15.29921817779541
2,93,0.13409234583377838,1.4266985654830933
2,94,0.17025327682495117,0.8991163969039917
2,95,0.2819115221500397,2.104410171508789
2,96,0.07773200422525406,0.36439111828804016
2,97,0.031024223193526268,1.0680055618286133
2,98,0.283101350069046,2.081810474395752
2,99,0.15340718626976013,0.7819530963897705
2,100,0.133551687002182,1.8497824668884277
2,101,0.16445907950401306,0.928649365901947
2,102,0.08919739723205566,0.9353361129760742
2,103,0.06356195360422134,0.41413387656211853
2,104,0.09706026315689087,0.3596732020378113
2,105,0.3696657419204712,2.1891889572143555
2,106,0.2085966020822525,1.7631818056106567
2,107,0.23985646665096283,1.2676408290863037
2,108,0.013159424066543579,0.2939874827861786
2,109,0.017026953399181366,0.37895992398262024
2,110,0.15379148721694946,0.9187615513801575
2,111,0.21926450729370117,7.910044193267822
2,112,0.16140979528427124,0.5587745904922485
2,113,0.1600531041622162,0.5092731714248657
2,114,0.08028550446033478,0.5631382465362549
2,115,0.10617804527282715,0.4813533425331116
2,116,0.2734416723251343,1.0366243124008179
2,117,0.14230236411094666,0.731377363204956
2,118,0.04458068311214447,1.31061851978302
2,119,0.07313960790634155,0.8152632713317871
2,120,0.1716076284646988,0.6768013834953308
2,121,0.07203669846057892,0.6187950372695923
2,122,0.26860660314559937,2.148768186569214
2,123,0.16225087642669678,0.48335134983062744
2,124,0.18150721490383148,4.11833381652832
2,125,0.02329140529036522,0.9243130087852478
2,126,0.12445144355297089,0.6319379210472107
2,127,0.014295544475317001,0.5857108235359192
2,128,0.23310792446136475,2.7533161640167236
2,129,0.10471996665000916,0.36397749185562134
2,130,0.1991690993309021,2.8662617206573486
2,131,0.09782160818576813,1.2937926054000854
2,132,0.19112157821655273,2.5622332096099854
2,133,0.1616208851337433,2.0483319759368896
2,134,0.16721735894680023,2.1911628246307373
2,135,0.07701306790113449,1.5434476137161255
2,136,0.022456174716353416,1.3931747674942017
2,137,0.12515731155872345,2.9867191314697266
2,138,0.16791920363903046,2.276867151260376
2,139,0.13867661356925964,27.65983772277832
2,140,0.10104873776435852,0.5870475769042969
2,141,0.059063274413347244,1.0460692644119263
2,142,0.011487823911011219,0.5344919562339783
2,143,0.27203086018562317,1.8207478523254395
2,144,0.019466452300548553,2.037959575653076
2,145,0.11414767056703568,0.5721790790557861
2,146,0.17618605494499207,2.160102128982544
2,147,0.07469296455383301,3.834892749786377
2,148,0.1256551891565323,1.1490497589111328
2,149,0.11498613655567169,1.3895502090454102
2,150,0.19892264902591705,1.4426168203353882
2,151,0.047361139208078384,2.1888036727905273
2,152,0.06437239795923233,3.001185894012451
2,153,0.1766284704208374,8.443902969360352
2,154,0.42853355407714844,25.4190616607666
2,155,0.247893825173378,9.529462814331055
2,156,0.20995326340198517,15.317530632019043
2,157,0.02161928452551365,2.2531538009643555
2,158,0.2148127555847168,1.4811806678771973
2,159,0.17172856628894806,1.9690983295440674
2,160,0.1051630899310112,1.464907169342041
2,161,0.16591209173202515,5.978155612945557
2,162,0.15234991908073425,7.092785835266113
2,163,0.17078997194766998,2.1445672512054443
2,164,0.08157536387443542,4.171268463134766
2,165,0.20333948731422424,1.361226201057434
2,166,0.10809069871902466,0.5644097328186035
2,167,0.08709661662578583,0.677266001701355
2,168,0.046832818537950516,0.8252184391021729
2,169,0.13936562836170197,2.5659117698669434
2,170,0.2189694046974182,1.7352955341339111
2,171,0.1651722639799118,2.4898688793182373
2,172,0.08658108115196228,1.0843470096588135
2,173,0.24277040362358093,1.9821274280548096
2,174,0.343081533908844,1.6855039596557617
2,175,0.24838311970233917,3.663792371749878
2,176,0.21130917966365814,4.068597793579102
2,177,0.16814877092838287,1.401706337928772
2,178,0.1415303498506546,0.7698718309402466
2,179,0.024867329746484756,0.754170835018158
2,180,0.2592112720012665,1.5316829681396484
2,181,0.07415428012609482,0.6784847378730774
2,182,0.24588628113269806,1.456390619277954
2,183,0.43073320388793945,5.624938488006592
2,184,0.0857202410697937,2.1554055213928223
2,185,0.073842354118824,1.1879429817199707
2,186,0.05923514440655708,1.4957181215286255
2,187,0.1432599425315857,13.927709579467773
2,188,0.18631143867969513,1.3958361148834229
2,189,0.08451616019010544,0.6483274102210999
2,190,0.2162645161151886,0.8280770778656006
2,191,0.08883883059024811,0.6902763247489929
2,192,0.0892370194196701,2.1567506790161133
2,193,0.07976152747869492,0.8835140466690063
2,194,0.13995526731014252,1.181013822555542
2,195,0.07891733199357986,0.9345136284828186
2,196,0.15612535178661346,1.8215537071228027
2,197,0.151554673910141,2.3512415885925293
2,198,0.10075827687978745,0.6667110919952393
2,199,0.01781546138226986,0.5728901624679565
2,200,0.2019813060760498,1.8041794300079346
2,201,0.05601172521710396,20.98806381225586
2,202,0.052611831575632095,11.683683395385742
2,203,0.10404976457357407,0.41757383942604065
2,204,0.017366763204336166,0.6815681457519531
2,205,0.11406467854976654,2.0063769817352295
2,206,0.013134660199284554,0.5922662019729614
2,207,0.12239182740449905,1.2952334880828857
2,208,0.010894641280174255,0.4923590123653412
2,209,0.015184493735432625,0.8803238868713379
2,210,0.008129348047077656,0.38782504200935364
2,211,0.2843921184539795,4.288392066955566
2,212,0.3233085572719574,4.246181011199951
2,213,0.11244245618581772,0.44853514432907104
2,214,0.28548529744148254,3.2794108390808105
2,215,0.4719237983226776,4.137137413024902
2,216,0.028159823268651962,1.7722280025482178
2,217,0.024545827880501747,1.4849642515182495
2,218,0.044125258922576904,0.9356327652931213
2,219,0.027677802368998528,0.7598434686660767
2,220,0.1737987995147705,2.867663621902466
2,221,0.2694597542285919,2.865638256072998
2,222,0.4249991178512573,3.557152509689331
2,223,0.11108894646167755,0.9089617133140564
2,224,0.16248324513435364,3.3725247383117676
2,225,0.06373593956232071,2.144796848297119
2,226,0.0963488221168518,1.3671962022781372
2,227,0.12801724672317505,1.4639499187469482
2,228,0.16942571103572845,1.0906058549880981
2,229,0.11093480885028839,1.4218358993530273
2,230,0.05423793941736221,0.5960962176322937
2,231,0.1412353515625,1.2984014749526978
2,232,0.10806137323379517,1.0946534872055054
2,233,0.09969884902238846,2.4193248748779297
2,234,0.06143171340227127,2.5678136348724365
2,235,0.03555678948760033,1.9916951656341553
2,236,0.09590437263250351,9.689067840576172
2,237,0.1329755038022995,1.3005261421203613
2,238,0.32977062463760376,3.361652135848999
2,239,0.11959511786699295,2.551093578338623
2,240,0.12868478894233704,2.7174644470214844
2,241,0.014996911399066448,0.8530696630477905
2,242,0.20666924118995667,1.3210618495941162
2,243,0.017924228683114052,0.7074235677719116
2,244,0.16251830756664276,1.9901810884475708
2,245,0.12575407326221466,3.4561469554901123
2,246,0.07465691864490509,1.9249305725097656
2,247,0.1323980838060379,1.4974900484085083
2,248,0.08641600608825684,3.782400608062744
2,249,0.3302117586135864,4.592907905578613
2,250,0.13329295814037323,4.389896392822266
2,251,0.15208496153354645,1.926842451095581
2,252,0.10723772644996643,2.4296188354492188
2,253,0.13935424387454987,1.4614640474319458
2,254,0.24433401226997375,1.559935450553894
2,255,0.1492566615343094,1.4481048583984375
2,256,0.10373891144990921,0.6253228187561035
2,257,0.11551830172538757,2.1496548652648926
2,258,0.0733070895075798,4.9023261070251465
2,259,0.14168354868888855,3.948611259460449
2,260,0.2581949830055237,2.362741470336914
2,261,0.11632505059242249,1.385931134223938
2,262,0.09795507788658142,0.6874895095825195
2,263,0.25092029571533203,1.4144936800003052
2,264,0.26270633935928345,4.182587623596191
2,265,0.14293357729911804,4.492588520050049
2,266,0.11735112965106964,3.657928705215454
2,267,0.08804634213447571,0.40934988856315613
2,268,0.21911963820457458,1.7239737510681152
2,269,0.12965650856494904,3.5868804454803467
2,270,0.20661672949790955,0.8713280558586121
2,271,0.14150333404541016,2.794865608215332
2,272,0.15274937450885773,1.0585625171661377
2,273,0.19916312396526337,4.528735160827637
2,274,0.09997448325157166,9.129783630371094
2,275,0.11957024782896042,1.8859633207321167
2,276,0.13675399124622345,1.213799238204956
2,277,0.2531304359436035,1.2790178060531616
2,278,0.5161204934120178,2.5972931385040283
2,279,0.3630366921424866,13.65038776397705
2,280,0.5477218627929688,28.974334716796875
2,281,0.7021429538726807,65.3725814819336
2,282,0.21706624329090118,18.160755157470703
2,283,0.29601460695266724,5.550560474395752
2,284,0.12298097461462021,2.154313325881958
2,285,0.19275596737861633,2.0232179164886475
2,286,0.28402549028396606,8.57326889038086
2,287,0.09903623163700104,5.575952053070068
2,288,0.23254770040512085,6.920316219329834
2,289,0.133448988199234,5.412666320800781
2,290,0.2147461175918579,1.9374325275421143
2,291,0.18723154067993164,3.316053867340088
2,292,0.059692464768886566,2.113847017288208
2,293,0.17600996792316437,0.7348426580429077
2,294,0.15912970900535583,1.7506822347640991
2,295,0.03507911041378975,1.4641717672348022
2,296,0.13951443135738373,1.3843436241149902
2,297,0.19854813814163208,1.9272091388702393
2,298,0.02386067807674408,0.6389827132225037
2,299,0.07914473116397858,0.5014463067054749
2,300,0.02631019987165928,1.301275372505188
2,301,0.20800723135471344,3.3550283908843994
2,302,0.18609344959259033,4.901745319366455
2,303,0.1474187970161438,20.799535751342773
2,304,0.1454140841960907,1.642228364944458
2,305,0.023192960768938065,1.2999789714813232
2,306,0.1118289902806282,1.0572926998138428
2,307,0.014757676050066948,0.7181898951530457
2,308,0.09793195873498917,1.3354896306991577
2,309,0.2261808216571808,28.80103874206543
2,310,0.008610773831605911,0.5052765607833862
2,311,0.35978415608406067,10.219947814941406
2,312,0.2584446966648102,54.78707504272461
2,313,0.11662331223487854,1.7363272905349731
2,314,0.2899075746536255,6.012142181396484
2,315,0.3998946249485016,2.7638347148895264
2,316,0.10194616764783859,2.847076654434204
2,317,0.005788859911262989,0.165140300989151
2,318,0.11196278780698776,1.0311570167541504
2,319,0.09308265149593353,1.1022666692733765
2,320,0.1864042729139328,1.7289962768554688
2,321,0.07395489513874054,2.7751429080963135
2,322,0.2512800693511963,8.16313648223877
2,323,0.14381299912929535,5.925904750823975
2,324,0.12163544446229935,7.661104202270508
2,325,0.14513806998729706,8.654006958007812
2,326,0.10607770830392838,0.5131536722183228
2,327,0.10554391890764236,0.6414955854415894
2,328,0.1510775089263916,3.3134517669677734
2,329,0.3297821283340454,4.0748419761657715
2,330,0.024483663961291313,0.7744061946868896
2,331,0.15442082285881042,3.2647364139556885
2,332,0.16741827130317688,0.49328890442848206
2,333,0.3504570722579956,25.08562660217285
2,334,0.15179583430290222,0.9067831039428711
2,335,0.15502145886421204,0.6936273574829102
2,336,0.035624921321868896,1.216600775718689
2,337,0.10578502714633942,1.1051905155181885
2,338,0.15274176001548767,0.6556136608123779
2,339,0.1762513369321823,3.1797034740448
2,340,0.297843337059021,4.611528396606445
2,341,0.18609194457530975,3.9372212886810303
2,342,0.024052979424595833,0.8425718545913696
2,343,0.027306340634822845,1.0622965097427368
2,344,0.16476738452911377,0.7932630777359009
2,345,0.2255171537399292,4.8093953132629395
2,346,0.23693925142288208,0.9974437355995178
2,347,0.05274561420083046,1.0545024871826172
2,348,0.1997564136981964,2.92708683013916
2,349,0.03367575258016586,2.466862678527832
2,350,0.2091672271490097,5.80234432220459
2,351,0.14937347173690796,1.8674533367156982
2,352,0.06388888508081436,5.5881266593933105
2,353,0.17167429625988007,5.378951072692871
2,354,0.10975871980190277,2.4447178840637207
2,355,0.1500958353281021,0.8255568146705627
2,356,0.11252372711896896,2.716322422027588
2,357,0.0822313129901886,0.6383758187294006
2,358,0.1013401448726654,0.3853519558906555
2,359,0.08537754416465759,2.8258132934570312
2,360,0.21065835654735565,1.7302194833755493
2,361,0.10416744649410248,1.4949877262115479
2,362,0.20311051607131958,3.5714077949523926
2,363,0.1549309343099594,2.131598949432373
2,364,0.03631588816642761,1.2299033403396606
2,365,0.14797134697437286,1.470777153968811
2,366,0.095744788646698,1.5678445100784302
2,367,0.17851001024246216,1.120883822441101
2,368,0.15266267955303192,0.9564703106880188
2,369,0.08457033336162567,1.3543288707733154
2,370,0.08538951724767685,0.9948216080665588
2,371,0.13304190337657928,1.714637041091919
2,372,0.28248360753059387,3.0882232189178467
2,373,0.29793083667755127,2.2395334243774414
2,374,0.10947275161743164,4.744988441467285
2,375,0.1184605062007904,3.662802219390869
2,376,0.27813249826431274,1.8839045763015747
2,377,0.10473086684942245,1.2172956466674805
2,378,0.09625942260026932,0.45651987195014954
2,379,0.08400308340787888,16.91377067565918
2,380,0.2055301070213318,4.310789108276367
2,381,0.21198567748069763,1.0111697912216187
2,382,0.20169976353645325,1.471793293952942
2,383,0.08258888870477676,1.5544335842132568
2,384,0.1226670891046524,1.7436473369598389
2,385,0.3015012741088867,1.240822672843933
2,386,0.14141809940338135,4.073693752288818
2,387,0.0864977240562439,3.550513982772827
2,388,0.1180686205625534,1.5993939638137817
2,389,0.20609590411186218,2.8677377700805664
2,390,0.10298430919647217,0.5842971205711365
2,391,0.19004592299461365,2.1401000022888184
2,392,0.01479947566986084,0.4022473096847534
2,393,0.010463972575962543,0.3735768496990204
2,394,0.25099480152130127,3.686886787414551
2,395,0.2501996159553528,1.911921739578247
2,396,0.20925115048885345,3.9316277503967285
2,397,0.017060700803995132,8.740960121154785
2,398,0.07554452866315842,0.46100369095802307
2,399,0.06531371921300888,1.2517410516738892
2,400,0.0921461433172226,2.627603530883789
2,401,0.1081598699092865,3.6247472763061523
2,402,0.2912764251232147,1.9124974012374878
2,403,0.21484749019145966,5.181999683380127
2,404,0.2235204428434372,12.667933464050293
2,405,0.1544254720211029,8.941873550415039
2,406,0.15785099565982819,3.0513741970062256
2,407,0.12301838397979736,4.142991542816162
2,408,0.29278305172920227,1.62217116355896
2,409,0.13138946890830994,0.7629316449165344
2,410,0.29917463660240173,8.895428657531738
2,411,0.12181627005338669,1.783138632774353
2,412,0.16578754782676697,6.591887474060059
2,413,0.07891619950532913,10.246077537536621
2,414,0.3316878080368042,2.9770772457122803
2,415,0.19728687405586243,1.3214279413223267
2,416,0.20783624053001404,0.9461619853973389
2,417,0.09462053328752518,1.0207098722457886
2,418,0.13805998861789703,0.6328155398368835
2,419,0.10515046119689941,0.6868669390678406
2,420,0.14283515512943268,2.1774213314056396
2,421,0.15667161345481873,3.6417009830474854
2,422,0.091521717607975,1.3405729532241821
2,423,0.27276021242141724,1.248978853225708
2,424,0.10377471148967743,1.38053297996521
2,425,0.18489758670330048,2.2989296913146973
3,0,0.12210522592067719,0.9344038367271423
3,1,0.10376142710447311,0.9289462566375732
3,2,0.06105962023139,12.917583465576172
3,3,0.055955126881599426,1.143807053565979
3,4,0.12993431091308594,1.0973747968673706
3,5,0.18671859800815582,3.555147647857666
3,6,0.03800659999251366,1.3667839765548706
3,7,0.1213766410946846,2.7757604122161865
3,8,0.29441919922828674,2.5333380699157715
3,9,0.12353723496198654,0.8457805514335632
3,10,0.031582918018102646,1.1178336143493652
3,11,0.037787605077028275,1.4016201496124268
3,12,0.22706292569637299,1.261979579925537
3,13,0.2892870604991913,2.3962831497192383
3,14,0.1748456507921219,11.514015197753906
3,15,0.029782844707369804,1.1436572074890137
3,16,0.02409578114748001,0.8235632181167603
3,17,0.05261613428592682,0.9326122403144836
3,18,0.1362505406141281,1.9455939531326294
3,19,0.10401038080453873,0.955634355545044
3,20,0.08598380535840988,0.49118682742118835
3,21,0.23539887368679047,1.3377995491027832
3,22,0.1808445304632187,7.050661563873291
3,23,0.12827761471271515,1.7992501258850098
3,24,0.25797635316848755,1.235957384109497
3,25,0.09014368057250977,0.9430029988288879
3,26,0.0188070610165596,0.7779805064201355
3,27,0.1387031227350235,11.615629196166992
3,28,0.0861106812953949,0.9352902173995972
3,29,0.053477246314287186,1.2878217697143555
3,30,0.05953017994761467,0.9734147787094116
3,31,0.08891051262617111,0.7052226066589355
3,32,0.134973406791687,2.47992205619812
3,33,0.19258013367652893,1.7910408973693848
3,34,0.08136183023452759,2.17368745803833
3,35,0.1538049280643463,0.8509473204612732
3,36,0.1598670333623886,1.0541377067565918
3,37,0.1576390266418457,4.582057952880859
3,38,0.14080147445201874,0.9445126056671143
3,39,0.14164990186691284,2.0110483169555664
3,40,0.020394977182149887,0.7886211276054382
3,41,0.27945226430892944,1.4222784042358398
3,42,0.198208287358284,24.529085159301758
3,43,0.029536785557866096,1.3162455558776855
3,44,0.035157568752765656,2.3374745845794678
3,45,0.23192442953586578,1.2588582038879395
3,46,0.028709476813673973,1.155540108680725
3,47,0.12851709127426147,1.360535740852356
3,48,0.03215750306844711,1.5503050088882446
3,49,0.02804994210600853,1.1949447393417358
3,50,0.03805263340473175,1.847603440284729
3,51,0.06655693054199219,1.4529058933258057
3,52,0.028351139277219772,1.1695741415023804
3,53,0.06891066581010818,0.6456604599952698
3,54,0.14962071180343628,1.5361477136611938
3,55,0.06045405939221382,0.5578631162643433
3,56,0.07400061935186386,0.6069782376289368
3,57,0.08864198625087738,1.8912938833236694
3,58,0.11900840699672699,2.012150287628174
3,59,0.12262053787708282,1.4831632375717163
3,60,0.21948303282260895,3.108668804168701
3,61,0.13703270256519318,1.2957197427749634
3,62,0.24030624330043793,1.4546499252319336
3,63,0.05315866321325302,1.0641337633132935
3,64,0.04826381057500839,1.1822361946105957
3,65,0.035496849566698074,0.8439915180206299
3,66,0.05411013588309288,1.733318567276001
3,67,0.16709084808826447,0.720227062702179
3,68,0.18158681690692902,0.7296553254127502
3,69,0.2757430970668793,1.4863404035568237
3,70,0.08481874316930771,4.518589973449707
3,71,0.05847465991973877,4.164586067199707
3,72,0.11692466586828232,2.249972105026245
3,73,0.13402006030082703,0.9357420206069946
3,74,0.08219310641288757,2.1323258876800537
3,75,0.020233089104294777,0.9218012094497681
3,76,0.04851117730140686,8.204750061035156
3,77,0.08825450390577316,1.7881189584732056
3,78,0.12539413571357727,0.9706688523292542
3,79,0.09830168634653091,0.7894837260246277
3,80,0.11492396891117096,1.2683415412902832
3,81,0.021811800077557564,1.1169633865356445
3,82,0.09093799442052841,0.536872148513794
3,83,0.1361364722251892,2.479628801345825
3,84,0.1531018763780594,2.440647602081299
3,85,0.1761547476053238,2.030803918838501
3,86,0.060703493654727936,0.7716698050498962
3,87,0.18612392246723175,1.8572078943252563
3,88,0.01672026328742504,0.7801744341850281
3,89,0.01620793342590332,0.7216163873672485
3,90,0.04098193347454071,1.1577357053756714
3,91,0.10532277077436447,4.284357070922852
3,92,0.3217586278915405,3.8285624980926514
3,93,0.013982894830405712,0.5436094999313354
3,94,0.0848037600517273,2.367638111114502
3,95,0.13356506824493408,2.1480801105499268
3,96,0.016310667619109154,0.6973618268966675
3,97,0.23542514443397522,1.8202639818191528
3,98,0.07607291638851166,0.39442360401153564
3,99,0.2992171347141266,3.6023333072662354
3,100,0.1642245501279831,2.0621535778045654
3,101,0.027754899114370346,0.9654741287231445
3,102,0.018018795177340508,0.7239247560501099
3,103,0.0912746712565422,1.808251142501831
3,104,0.11042365431785583,0.8687056303024292
3,105,0.022455181926488876,1.4728868007659912
3,106,0.22686287760734558,1.5959147214889526
3,107,0.053504642099142075,1.4703457355499268
3,108,0.09964105486869812,0.7450311779975891
3,109,0.09541192650794983,0.626883327960968
3,110,0.10599777102470398,0.81568843126297
3,111,0.018427060917019844,0.8703981041908264
3,112,0.0962831899523735,0.7989147901535034
3,113,0.07004480063915253,2.293686866760254
3,114,0.12462080270051956,0.5159459114074707
3,115,0.1299297958612442,1.1286976337432861
3,116,0.12389253079891205,2.2428343296051025
3,117,0.3596583306789398,2.4167282581329346
3,118,0.026477893814444542,1.0294430255889893
3,119,0.131240576505661,2.1168367862701416
3,120,0.1429593861103058,2.3295302391052246
3,121,0.016816725954413414,0.7345471978187561
3,122,0.10173790156841278,3.0504279136657715
3,123,0.11594024300575256,2.382765769958496
3,124,0.35870739817619324,5.6370930671691895
3,125,0.18755169212818146,3.356719493865967
3,126,0.10151242464780807,2.080547571182251
3,127,0.11497344821691513,1.186260461807251
3,128,0.09265341609716415,1.019640326499939
3,129,0.04859744757413864,0.9269896149635315
3,130,0.12777042388916016,1.7926974296569824
3,131,0.0965624749660492,2.276557207107544
3,132,0.09768642485141754,1.20613694190979
3,133,0.29170849919319153,1.7486631870269775
3,134,0.0450134202837944,1.5933934450149536
3,135,0.08737140893936157,0.7432510256767273
3,136,0.2702585458755493,2.115069627761841
3,137,0.03482670336961746,1.1344629526138306
3,138,0.12206125259399414,0.9399465322494507
3,139,0.09071408212184906,0.9254376292228699
3,140,0.24634361267089844,2.2012171745300293
3,141,0.20173527300357819,1.1681627035140991
3,142,0.09883502125740051,0.6987676620483398
3,143,0.06428811699151993,0.5841068625450134
3,144,0.18923398852348328,1.4375876188278198
3,145,0.10962702333927155,0.7942366600036621
3,146,0.21523508429527283,1.635245442390442
3,147,0.03199084475636482,0.7602930068969727
3,148,0.2097357213497162,3.5558762550354004
3,149,0.09361719340085983,0.9412289261817932
3,150,0.20294056832790375,1.594770073890686
3,151,0.03404150903224945,1.8993366956710815
3,152,0.024714870378375053,1.0544533729553223
3,153,0.31968197226524353,4.3945417404174805
3,154,0.16102781891822815,2.5755362510681152
3,155,0.11304164677858353,1.3044434785842896
3,156,0.02536553330719471,1.1001086235046387
3,157,0.07611892372369766,3.0536768436431885
3,158,0.03138560429215431,1.4080591201782227
3,159,0.028078434988856316,0.9433436989784241
3,160,0.17323753237724304,1.7572005987167358
3,161,0.16091547906398773,1.7355667352676392
3,162,0.04294080287218094,0.9074010848999023
3,163,0.0996137335896492,1.3463131189346313
3,164,0.07525009661912918,3.0860953330993652
3,165,0.32348188757896423,5.762643337249756
3,166,0.14778365194797516,1.4062297344207764
3,167,0.1474759429693222,2.1805362701416016
3,168,0.06488102674484253,2.0760767459869385
3,169,0.28712835907936096,2.9055473804473877
3,170,0.07246625423431396,1.090233564376831
3,171,0.21301771700382233,3.5112273693084717
3,172,0.023534856736660004,1.3099365234375
3,173,0.14399506151676178,1.1422712802886963
3,174,0.1482207328081131,2.297072410583496
3,175,0.17313998937606812,2.786139488220215
3,176,0.16767771542072296,1.332695484161377
3,177,0.15856891870498657,0.8802193403244019
3,178,0.14138959348201752,2.008737087249756
3,179,0.0770607441663742,1.8409793376922607
3,180,0.09294180572032928,1.4342395067214966
3,181,0.16835901141166687,2.0917563438415527
3,182,0.03943655267357826,1.4128754138946533
3,183,0.26141640543937683,1.742255687713623
3,184,0.07842368632555008,1.889847755432129
3,185,0.10937148332595825,2.0599937438964844
3,186,0.06084025651216507,1.9961817264556885
3,187,0.10083600133657455,2.8746252059936523
3,188,0.20462757349014282,2.4676318168640137
3,189,0.07555387914180756,1.0250694751739502
3,190,0.16557259857654572,2.7551512718200684
3,191,0.062104735523462296,1.607721209526062
3,192,0.08809889853000641,0.9402942657470703
3,193,0.030293958261609077,0.9202367067337036
3,194,0.020732052624225616,0.8008360862731934
3,195,0.020936137065291405,0.9871925115585327
3,196,0.2144506424665451,3.866790294647217
3,197,0.1836426556110382,1.547727346420288
3,198,0.10452281683683395,1.062714695930481
3,199,0.08073677122592926,0.495455801486969
3,200,0.01873641461133957,0.830238401889801
3,201,0.31552886962890625,2.5721211433410645
3,202,0.02027243934571743,1.5006531476974487
3,203,0.02206302061676979,1.026724934577942
3,204,0.10738151520490646,2.8245198726654053
3,205,0.10508551448583603,0.516834020614624
3,206,0.09296952188014984,0.730052649974823
3,207,0.07941314578056335,4.211997032165527
3,208,0.0981474295258522,10.739892959594727
3,209,0.151993989944458,2.4085607528686523
3,210,0.23472395539283752,1.987256407737732
3,211,0.23332838714122772,4.771302700042725
3,212,0.014033490791916847,0.6247755885124207
3,213,0.08650393038988113,2.6507010459899902
3,214,0.15658709406852722,1.8032952547073364
3,215,0.11432020366191864,0.7341563701629639
3,216,0.017467383295297623,0.7994967699050903
3,217,0.1759832203388214,1.2571228742599487
3,218,0.0316491462290287,1.7006317377090454
3,219,0.18845011293888092,1.8614661693572998
3,220,0.10386514663696289,1.4468153715133667
3,221,0.23329588770866394,5.037125110626221
3,222,0.10609374940395355,2.17299747467041
3,223,0.0777486264705658,1.1951560974121094
3,224,0.021911898627877235,1.2156486511230469
3,225,0.07860041409730911,2.5425267219543457
3,226,0.1707615703344345,2.0378170013427734
3,227,0.09198474138975143,0.8900935053825378
3,228,0.018598508089780807,0.7800365686416626
3,229,0.3075084090232849,4.530786514282227
3,230,0.12393154203891754,2.0231289863586426
3,231,0.017586082220077515,0.9562175273895264
3,232,0.0980740413069725,0.7505188584327698
3,233,0.16660216450691223,0.8266486525535583
3,234,0.21397866308689117,12.00685977935791
3,235,0.18523810803890228,2.8054895401000977
3,236,0.08576685935258865,0.8538440465927124
3,237,0.06301779299974442,1.2281986474990845
3,238,0.14583760499954224,3.4873528480529785
3,239,0.2782118320465088,2.2977330684661865
3,240,0.11239350587129593,1.2332371473312378
3,241,0.09952528774738312,0.5770019888877869
3,242,0.1830866038799286,1.0162760019302368
3,243,0.19141347706317902,1.8609721660614014
3,244,0.2028885781764984,2.1974575519561768
3,245,0.1347983181476593,1.2016865015029907
3,246,0.09437259286642075,0.9516451358795166
3,247,0.15464359521865845,1.2622699737548828
3,248,0.029584676027297974,1.4025871753692627
3,249,0.08879168331623077,1.1081198453903198
3,250,0.09649962931871414,1.5123307704925537
3,251,0.1549988090991974,3.6388134956359863
3,252,0.022509699687361717,0.9969653487205505
3,253,0.033315494656562805,0.9498697519302368
3,254,0.060693416744470596,1.4775004386901855
3,255,0.14796455204486847,3.2974693775177
3,256,0.25163543224334717,3.050825834274292
3,257,0.09767639636993408,1.863705039024353
3,258,0.021046500653028488,0.9419990181922913
3,259,0.11700177192687988,0.8135814070701599
3,260,0.09636666625738144,1.6563869714736938
3,261,0.16844886541366577,0.9743061661720276
3,262,0.02087010070681572,0.8461057543754578
3,263,0.13506782054901123,2.1155879497528076
3,264,0.21765659749507904,2.3796520233154297
3,265,0.02131965011358261,0.852534830570221
3,266,0.19621744751930237,1.511531949043274
3,267,0.020470818504691124,0.8723754286766052
3,268,0.12224321067333221,0.7426387071609497
3,269,0.05149871110916138,4.29958438873291
3,270,0.1695021390914917,2.3718245029449463
3,271,0.18567201495170593,1.1586933135986328
3,272,0.08113911747932434,0.7754275798797607
3,273,0.16488665342330933,1.0954033136367798
3,274,0.13099364936351776,3.0805435180664062
3,275,0.21829479932785034,1.0327564477920532
3,276,0.02168852463364601,1.0230072736740112
3,277,0.16774354875087738,1.996968150138855
3,278,0.02475869283080101,1.2086666822433472
3,279,0.16949141025543213,1.1259193420410156
3,280,0.09245824068784714,0.9687105417251587
3,281,0.15239715576171875,1.5816242694854736
3,282,0.26384156942367554,1.2875087261199951
3,283,0.10393969714641571,1.202106237411499
3,284,0.06997209787368774,0.7388947606086731
3,285,0.14132682979106903,1.2287516593933105
3,286,0.10293231159448624,1.9483332633972168
3,287,0.07591131329536438,2.6128435134887695
3,288,0.0235472209751606,0.942021906375885
3,289,0.11366884410381317,2.1571578979492188
3,290,0.09122269600629807,0.8187533020973206
3,291,0.05729983001947403,2.8257219791412354
3,292,0.17512020468711853,1.2440427541732788
3,293,0.024117065593600273,0.853738009929657
3,294,0.03502338007092476,1.537866473197937
3,295,0.02889815717935562,1.3710442781448364
3,296,0.17511849105358124,1.2719017267227173
3,297,0.15668068826198578,0.7902636528015137
3,298,0.01828203909099102,0.6984103322029114
3,299,0.024440938606858253,1.0280134677886963
3,300,0.0915132462978363,0.475286066532135
3,301,0.034059442579746246,3.707549810409546
3,302,0.024850107729434967,0.7767451405525208
3,303,0.017783524468541145,0.6282384395599365
3,304,0.1248382180929184,1.5156445503234863
3,305,0.20068670809268951,2.477911949157715
3,306,0.01320995856076479,0.5619655847549438
3,307,0.1348443180322647,1.9987133741378784
3,308,0.026276571676135063,1.1128637790679932
3,309,0.2455989420413971,3.065131187438965
3,310,0.01295954268425703,0.4590660035610199
3,311,0.026029687374830246,0.6463658213615417
3,312,0.1150054931640625,0.784704327583313
3,313,0.13644126057624817,1.381148338317871
3,314,0.011544158682227135,0.2800351083278656
3,315,0.012504812330007553,0.3839665949344635
3,316,0.012081311084330082,0.4753035604953766
3,317,0.03272447735071182,1.0860027074813843
3,318,0.21062560379505157,6.018146514892578
3,319,0.2664080560207367,5.26310920715332
3,320,0.1828681379556656,1.298487663269043
3,321,0.1577354222536087,0.8399964570999146
3,322,0.08898342400789261,0.761799693107605
3,323,0.055657338351011276,0.942158043384552
3,324,0.18684718012809753,1.0343576669692993
3,325,0.1366872489452362,2.216002941131592
3,326,0.17319980263710022,1.3485376834869385
3,327,0.20719683170318604,2.4733121395111084
3,328,0.066868357360363,2.0410163402557373
3,329,0.2182500660419464,1.0320751667022705
3,330,0.19015149772167206,2.8086795806884766
3,331,0.18552426993846893,1.2973915338516235
3,332,0.03263065218925476,1.6647241115570068
3,333,0.07154262810945511,3.243940591812134
3,334,0.16267266869544983,1.7113693952560425
3,335,0.1534893959760666,1.1876122951507568
3,336,0.17767862975597382,0.8466483950614929
3,337,0.17219939827919006,1.5577945709228516
3,338,0.18454551696777344,3.1629114151000977
3,339,0.04019279405474663,1.6562179327011108
3,340,0.10251365602016449,1.1026420593261719
3,341,0.23608139157295227,1.0254961252212524
3,342,0.18838948011398315,1.2891827821731567
3,343,0.2295796275138855,2.1974260807037354
3,344,0.06032668054103851,4.428520202636719
3,345,0.03852767497301102,4.000645637512207
3,346,0.1642126441001892,4.619418144226074
3,347,0.09007563441991806,0.9679786562919617
3,348,0.07001383602619171,0.8824229836463928
3,349,0.0766000896692276,0.8961066603660583
3,350,0.07907440513372421,0.9503811001777649
3,351,0.15467272698879242,0.867745041847229
3,352,0.0550810843706131,2.062941789627075
3,353,0.024348340928554535,0.7545039653778076
3,354,0.09430097788572311,0.5933680534362793
3,355,0.1828409880399704,1.2024648189544678
3,356,0.0807444155216217,0.7036335468292236
3,357,0.023589933291077614,0.7156611084938049
3,358,0.06915133446455002,1.3818490505218506
3,359,0.19023497402668,1.6793067455291748
3,360,0.087877556681633,0.730030357837677
3,361,0.02420762926340103,10.019341468811035
3,362,0.15270918607711792,1.536736011505127
3,363,0.17730440199375153,0.7801146507263184
3,364,0.11187245696783066,4.322013854980469
3,365,0.02828117087483406,0.8232542276382446
3,366,0.2893870174884796,3.6427066326141357
3,367,0.26892533898353577,3.0181756019592285
3,368,0.14726755023002625,0.7216663360595703
3,369,0.130050927400589,2.4708125591278076
3,370,0.028155438601970673,1.3541120290756226
3,371,0.23339729011058807,40.015323638916016
3,372,0.06706695258617401,2.057673931121826
3,373,0.09242697805166245,0.7595599889755249
3,374,0.044407740235328674,2.810511350631714
3,375,0.2160348892211914,1.6605479717254639
3,376,0.06430473178625107,1.147350549697876
3,377,0.25881505012512207,3.119056463241577
3,378,0.0679251104593277,0.8022672533988953
3,379,0.12716804444789886,4.121121883392334
3,380,0.029139487072825432,1.3440206050872803
3,381,0.07164349406957626,0.6068626046180725
3,382,0.08371742069721222,3.2816600799560547
3,383,0.038409821689128876,2.8480026721954346
3,384,0.07484372705221176,0.6400904059410095
3,385,0.2169644981622696,1.809493064880371
3,386,0.28796619176864624,1.8362077474594116
3,387,0.09273850917816162,1.0409775972366333
3,388,0.03762070834636688,3.569849967956543
3,389,0.028083031997084618,1.7688709497451782
3,390,0.18854613602161407,2.86865234375
3,391,0.028213899582624435,1.8095834255218506
3,392,0.226704940199852,2.105747699737549
3,393,0.0811317190527916,0.6845070123672485
3,394,0.08229620009660721,1.6321972608566284
3,395,0.11870841681957245,2.2531397342681885
3,396,0.01721874065697193,0.723784863948822
3,397,0.08115969598293304,0.4362557530403137
3,398,0.07073967158794403,1.0549432039260864
3,399,0.07583843916654587,1.7689999341964722
3,400,0.12676021456718445,4.574583053588867
3,401,0.01521207019686699,1.1390175819396973
3,402,0.12012464553117752,4.225301742553711
3,403,0.021458541974425316,0.9469326734542847
3,404,0.20044688880443573,3.0070040225982666
3,405,0.100620798766613,0.6368634700775146
3,406,0.1004469245672226,1.6130560636520386
3,407,0.14869742095470428,1.5563420057296753
3,408,0.018582619726657867,0.86480313539505
3,409,0.09293729811906815,0.7125573754310608
3,410,0.027865104377269745,1.3167670965194702
3,411,0.10238352417945862,0.6743320226669312
3,412,0.13831022381782532,0.994445264339447
3,413,0.018528560176491737,1.0378897190093994
3,414,0.13780835270881653,3.4942734241485596
3,415,0.19521772861480713,2.4801976680755615
3,416,0.017809996381402016,0.9383805394172668
3,417,0.17625106871128082,1.0417064428329468
3,418,0.07861407846212387,0.9663177132606506
3,419,0.1561184525489807,0.7988221645355225
3,420,0.13478966057300568,3.3620805740356445
3,421,0.08018779754638672,0.6830227375030518
3,422,0.07925892621278763,0.4964626133441925
3,423,0.11961934715509415,2.650869369506836
3,424,0.11347497999668121,0.6827191710472107
3,425,0.20567773282527924,1.1573994159698486
4,0,0.027971772477030754,2.2289843559265137
4,1,0.12182924896478653,1.0710283517837524
4,2,0.21120545268058777,1.9249308109283447
4,3,0.15452004969120026,1.7768833637237549
4,4,0.21951963007450104,2.8038406372070312
4,5,0.2607710063457489,1.625750184059143
4,6,0.13819734752178192,2.450650930404663
4,7,0.14480844140052795,1.9803107976913452
4,8,0.11681768298149109,1.5474673509597778
4,9,0.08533774316310883,3.866471529006958
4,10,0.18839235603809357,1.4628958702087402
4,11,0.08367068320512772,1.4908528327941895
4,12,0.047797441482543945,2.4091808795928955
4,13,0.0816735327243805,1.366520881652832
4,14,0.19711934030056,1.0018590688705444
4,15,0.08012837171554565,1.0345605611801147
4,16,0.09816505014896393,1.7478116750717163
4,17,0.08604546636343002,1.1008471250534058
4,18,0.08817197382450104,1.0621978044509888
4,19,0.07667078822851181,0.94386225938797
4,20,0.24205149710178375,3.55379056930542
4,21,0.09748639911413193,2.236673593521118
4,22,0.1180560439825058,1.0818368196487427
4,23,0.0955926850438118,1.5466614961624146
4,24,0.031621865928173065,1.202215552330017
4,25,0.07446110993623734,0.9155433177947998
4,26,0.06888841837644577,1.429581880569458
4,27,0.023297371342778206,1.0640056133270264
4,28,0.14577507972717285,2.046107769012451
4,29,0.02486031875014305,0.9901714324951172
4,30,0.16463661193847656,2.1228890419006348
4,31,0.11046730726957321,1.5428482294082642
4,32,0.07638094574213028,1.3015908002853394
4,33,0.06377194076776505,1.4713326692581177
4,34,0.06023004278540611,1.2881901264190674
4,35,0.13806018233299255,2.103466749191284
4,36,0.09633178263902664,1.0016251802444458
4,37,0.12601631879806519,1.1510004997253418
4,38,0.01960880495607853,0.6893926858901978
4,39,0.14506173133850098,0.9876797199249268
4,40,0.13896457850933075,2.2805335521698
4,41,0.13903330266475677,4.362210750579834
4,42,0.2590346932411194,1.7900190353393555
4,43,0.06691183894872665,0.82974773645401
4,44,0.08018858730792999,2.437305450439453
4,45,0.09007326513528824,1.3757833242416382
4,46,0.08851492404937744,3.151829481124878
4,47,0.08846510201692581,1.2285468578338623
4,48,0.021032696589827538,0.8541035056114197
4,49,0.020012134686112404,0.8080224990844727
4,50,0.1082678809762001,0.9279059767723083
4,51,0.08762653917074203,1.6844545602798462
4,52,0.11619825661182404,4.021845817565918
4,53,0.20804482698440552,6.356151103973389
4,54,0.1531554013490677,2.901534080505371
4,55,0.12216266989707947,1.1508839130401611
4,56,0.07384532690048218,1.7622877359390259
4,57,0.017509963363409042,0.6140673756599426
4,58,0.10293933749198914,2.6910207271575928
4,59,0.08254436403512955,2.593599319458008
4,60,0.14836958050727844,6.246209621429443
4,61,0.10638399422168732,3.035407543182373
4,62,0.09295099973678589,2.5853731632232666
4,63,0.025272797793149948,1.187031626701355
4,64,0.25619572401046753,5.743991374969482
4,65,0.16176524758338928,0.8740719556808472
4,66,0.03487741947174072,2.7084341049194336
4,67,0.06739989668130875,0.564521074295044
4,68,0.09595607966184616,2.451066732406616
4,69,0.09764386713504791,2.3513941764831543
4,70,0.17767652869224548,4.232949733734131
4,71,0.057969242334365845,3.7725017070770264
4,72,0.0344872772693634,2.1926651000976562
4,73,0.030604155734181404,2.9234426021575928
4,74,0.13907645642757416,1.61118745803833
4,75,0.2887549102306366,5.675360679626465
4,76,0.0757526382803917,0.9428610801696777
4,77,0.18371859192848206,2.3157901763916016
4,78,0.01695556938648224,0.6447004675865173
4,79,0.028874557465314865,1.4396830797195435
4,80,0.013938305899500847,0.4996829628944397
4,81,0.09527663141489029,1.1586284637451172
4,82,0.03464629128575325,7.966772556304932
4,83,0.017466574907302856,0.9620093107223511
4,84,0.1691657453775406,3.0778114795684814
4,85,0.06644367426633835,0.8981726169586182
4,86,0.013136879540979862,0.5163228511810303
4,87,0.14304989576339722,0.9876648187637329
4,88,0.012852431274950504,0.6163243651390076
4,89,0.09822054952383041,1.5457700490951538
4,90,0.009453050792217255,0.2944989800453186
4,91,0.013177051208913326,0.4052024483680725
4,92,0.1708744466304779,1.767185091972351
4,93,0.10176827013492584,3.531757116317749
4,94,0.14470748603343964,1.4151328802108765
4,95,0.016505617648363113,1.0749588012695312
4,96,0.08793913573026657,0.7732158899307251
4,97,0.19496192038059235,1.8810803890228271
4,98,0.013039485551416874,0.6132457256317139
4,99,0.06257022172212601,3.47892165184021
4,100,0.1964118331670761,8.934741020202637
4,101,0.06880797445774078,4.383420467376709
4,102,0.12080880254507065,2.4634368419647217
4,103,0.1598706990480423,1.2224485874176025
4,104,0.11396705359220505,2.545058250427246
4,105,0.025223156437277794,1.781214952468872
4,106,0.1207180768251419,3.6301865577697754
4,107,0.017527824267745018,0.8322737812995911
4,108,0.15172922611236572,1.7930699586868286
4,109,0.07270845025777817,1.6706767082214355
4,110,0.07090713828802109,3.8952715396881104
4,111,0.09088052809238434,1.922573208808899
4,112,0.09522709250450134,3.0080249309539795
4,113,0.06237155571579933,1.7767837047576904
4,114,0.11694212257862091,2.3692235946655273
4,115,0.10643212497234344,5.8960185050964355
4,116,0.08380850404500961,2.1403157711029053
4,117,0.1610306203365326,1.2499232292175293
4,118,0.10137935727834702,0.8167978525161743
4,119,0.14881357550621033,1.0105839967727661
4,120,0.0231035016477108,1.7946546077728271
4,121,0.16352640092372894,4.928062438964844
4,122,0.2578502893447876,4.862290859222412
4,123,0.06660707294940948,1.773918628692627
4,124,0.02339242212474346,0.9557604789733887
4,125,0.030585287138819695,0.9050994515419006
4,126,0.08898128569126129,5.433858394622803
4,127,0.022079506888985634,0.9940775632858276
4,128,0.08653926849365234,1.3391023874282837
4,129,0.017847638577222824,0.716377317905426
4,130,0.27107107639312744,2.928389310836792
4,131,0.1962154656648636,6.297039031982422
4,132,0.3101218044757843,5.053074836730957
4,133,0.13365045189857483,1.7613245248794556
4,134,0.13618862628936768,1.2070813179016113
4,135,0.2082001268863678,4.384095668792725
4,136,0.048182472586631775,1.5236587524414062
4,137,0.06591635197401047,0.7932319641113281
4,138,0.07710613310337067,4.274991512298584
4,139,0.09843847155570984,0.8614230751991272
4,140,0.11965548247098923,1.8107645511627197
4,141,0.06736482679843903,0.8898577094078064
4,142,0.08854638040065765,0.874050498008728
4,143,0.1340988576412201,3.676201820373535
4,144,0.11311464011669159,3.6523802280426025
4,145,0.019473474472761154,1.079984188079834
4,146,0.10212116688489914,0.6692127585411072
4,147,0.14607731997966766,1.3404655456542969
4,148,0.27905043959617615,2.8509325981140137
4,149,0.018820766359567642,0.665628969669342
4,150,0.08880040794610977,1.1912591457366943
4,151,0.08159589022397995,0.6641006469726562
4,152,0.19763556122779846,2.062079429626465
4,153,0.2214680165052414,1.6780725717544556
4,154,0.014981537126004696,0.4874609708786011
4,155,0.08526452630758286,0.5924686789512634
4,156,0.017438484355807304,0.7379158139228821
4,157,0.09785380959510803,1.2369768619537354
4,158,0.09770794957876205,1.1376546621322632
4,159,0.11547918617725372,0.7895897030830383
4,160,0.08368930965662003,1.165210247039795
4,161,0.016827426850795746,0.5646893382072449
4,162,0.09478257596492767,5.2491841316223145
4,163,0.049208831042051315,0.6183794140815735
4,164,0.10485290735960007,1.402567744255066
4,165,0.18748214840888977,2.347285032272339
4,166,0.39798375964164734,10.324867248535156
4,167,0.1888464093208313,1.9788944721221924
4,168,0.1108095794916153,2.788102388381958
4,169,0.13386762142181396,1.633963704109192
4,170,0.15981146693229675,0.8306252360343933
4,171,0.04313461855053902,1.681315541267395
4,172,0.12454529851675034,1.1043076515197754
4,173,0.14799703657627106,1.6195275783538818
4,174,0.08146031200885773,1.2393258810043335
4,175,0.06255313754081726,4.036276817321777
4,176,0.11237750947475433,1.7159959077835083
4,177,0.053269773721694946,3.118514060974121
4,178,0.14494089782238007,1.9434391260147095
4,179,0.1938859522342682,5.449758052825928
4,180,0.14018499851226807,3.6973278522491455
4,181,0.03075631521642208,1.714529037475586
4,182,0.10543983429670334,3.055457353591919
4,183,0.09170936793088913,1.144391655921936
4,184,0.03847067058086395,1.80245840549469
4,185,0.03706328198313713,2.183403730392456
4,186,0.131875142455101,1.3511849641799927
4,187,0.022122472524642944,0.9011576175689697
4,188,0.09918198734521866,0.8526321053504944
4,189,0.07762673497200012,2.5679893493652344
4,190,0.08675135672092438,1.373304009437561
4,191,0.17353637516498566,1.3325213193893433
4,192,0.22686557471752167,5.477290630340576
4,193,0.011546271853148937,0.44900354743003845
4,194,0.013662752695381641,0.47055530548095703
4,195,0.05663236603140831,0.9774660468101501
4,196,0.09034501761198044,0.5991595983505249
4,197,0.2658809423446655,7.663403511047363
4,198,0.05458627641201019,0.639391303062439
4,199,0.013157752342522144,0.4030955731868744
4,200,0.10306864976882935,3.261590003967285
4,201,0.0754602774977684,0.5752273201942444
4,202,0.012383346445858479,0.4586079716682434
4,203,0.13854099810123444,1.4576438665390015
4,204,0.19241704046726227,3.6260366439819336
4,205,0.11241000890731812,0.8485171794891357
4,206,0.06825567036867142,0.7898849248886108
4,207,0.09330800920724869,0.9620689749717712
4,208,0.04225010424852371,4.338115215301514
4,209,0.031976763159036636,5.328161239624023
4,210,0.07115044444799423,0.5402800440788269
4,211,0.09523336589336395,0.8124002814292908
4,212,0.017381398007273674,0.5771180391311646
4,213,0.13501903414726257,1.7751497030258179
4,214,0.20482228696346283,2.373008966445923
4,215,0.16323675215244293,0.9817601442337036
4,216,0.1535678654909134,1.2433909177780151
4,217,0.11745075136423111,3.2130229473114014
4,218,0.021794358268380165,0.9020918011665344
4,219,0.07404647022485733,0.6597588658332825
4,220,0.150288924574852,0.9438720941543579
4,221,0.15921980142593384,1.4976526498794556
4,222,0.08473578095436096,1.2980388402938843
4,223,0.1075102686882019,1.15011727809906
4,224,0.1710042953491211,3.581083059310913
4,225,0.12281262874603271,2.128072500228882
4,226,0.22826823592185974,6.269450664520264
4,227,0.1870235949754715,3.219003677368164
4,228,0.05686446651816368,1.1223065853118896
4,229,0.10099082440137863,0.9316890835762024
4,230,0.13872399926185608,1.4550005197525024
4,231,0.16030633449554443,1.9790079593658447
4,232,0.1592618227005005,2.1774699687957764
4,233,0.2897185981273651,1.5896989107131958
4,234,0.20512107014656067,1.0865108966827393
4,235,0.10313499718904495,1.1500294208526611
4,236,0.03959308937191963,1.917968988418579
4,237,0.10580120235681534,4.180429935455322
4,238,0.08580496907234192,4.7848310470581055
4,239,0.025176692754030228,0.7852361798286438
4,240,0.1392243653535843,1.523064374923706
4,241,0.10195330530405045,1.077345371246338
4,242,0.02048969827592373,0.7916836738586426
4,243,0.024910300970077515,1.0895757675170898
4,244,0.19241663813591003,2.705747127532959
4,245,0.06429554522037506,1.1058889627456665
4,246,0.11314911395311356,2.0400032997131348
4,247,0.01916414126753807,0.8944555521011353
4,248,0.1043594554066658,1.3337336778640747
4,249,0.15236270427703857,2.8805158138275146
4,250,0.06296399235725403,1.4247885942459106
4,251,0.10214877873659134,4.425083160400391
4,252,0.12518399953842163,5.762818813323975
4,253,0.01857599802315235,3.782701015472412
4,254,0.01434521283954382,0.7488148808479309
4,255,0.012022146955132484,0.3948262333869934
4,256,0.17296485602855682,8.037792205810547
4,257,0.01526834536343813,0.5157371759414673
4,258,0.033141084015369415,3.054786205291748
4,259,0.05271464213728905,2.663455009460449
4,260,0.011696819216012955,0.6111705899238586
4,261,0.07065948098897934,0.8986566066741943
4,262,0.09232547879219055,2.7546234130859375
4,263,0.15511956810951233,1.8860585689544678
4,264,0.01184155885130167,0.7698548436164856
4,265,0.0941401869058609,1.111258864402771
4,266,0.22151757776737213,1.6643109321594238
4,267,0.050772473216056824,4.484857082366943
4,268,0.15595443546772003,1.6104427576065063
4,269,0.015126132406294346,0.589867889881134
4,270,0.10681553184986115,0.728276789188385
4,271,0.1694221943616867,5.4402313232421875
4,272,0.13122320175170898,1.4577531814575195
4,273,0.1002192497253418,1.3444733619689941
4,274,0.07005093991756439,0.7196087837219238
4,275,0.014345682226121426,0.5801570415496826
4,276,0.07563984394073486,1.2121623754501343
4,277,0.019014867022633553,1.1139088869094849
4,278,0.1469966471195221,2.8227744102478027
4,279,0.13360989093780518,2.3095901012420654
4,280,0.19075879454612732,2.3566505908966064
4,281,0.134613499045372,6.971676826477051
4,282,0.19487302005290985,1.623315453529358
4,283,0.014975233003497124,0.6325446963310242
4,284,0.14577198028564453,1.3264402151107788
4,285,0.13553228974342346,1.1133780479431152
4,286,0.20239417254924774,2.5473625659942627
4,287,0.14868701994419098,9.59562873840332
4,288,0.15927179157733917,2.025264024734497
4,289,0.013884450308978558,0.39082279801368713
4,290,0.2622475028038025,6.173720836639404
4,291,0.0165418554097414,0.5269486904144287
4,292,0.024241922423243523,0.791068971157074
4,293,0.07539240270853043,1.0547103881835938
4,294,0.01895156316459179,0.756428599357605
4,295,0.0856809988617897,8.49662971496582
4,296,0.17116597294807434,5.6275715827941895
4,297,0.15213583409786224,1.5568721294403076
4,298,0.020002860575914383,0.6820690035820007
4,299,0.10680794715881348,9.656767845153809
4,300,0.35463419556617737,5.51869010925293
4,301,0.15180274844169617,2.474998950958252
4,302,0.06209583580493927,2.5562336444854736
4,303,0.08623936772346497,2.067364454269409
4,304,0.21719351410865784,6.677494525909424
4,305,0.09122826159000397,1.6483978033065796
4,306,0.09633440524339676,1.4484385251998901
4,307,0.021578939631581306,0.798460066318512
4,308,0.16936062276363373,1.4738730192184448
4,309,0.06667076051235199,1.8796026706695557
4,310,0.08402256667613983,1.2335941791534424
4,311,0.08177343010902405,1.6230897903442383
4,312,0.08310061693191528,1.454288363456726
4,313,0.0793692022562027,5.296280860900879
4,314,0.1456771194934845,2.3541252613067627
4,315,0.06908601522445679,2.5645811557769775
4,316,0.13047602772712708,1.2306357622146606
4,317,0.019457116723060608,0.7546660900115967
4,318,0.09141083061695099,0.6635298132896423
4,319,0.19232627749443054,1.9947421550750732
4,320,0.20546703040599823,3.6690750122070312
4,321,0.11804737895727158,0.7835825085639954
4,322,0.07142310589551926,2.2874486446380615
4,323,0.022023756057024002,0.9749049544334412
4,324,0.126545250415802,0.9904945492744446
4,325,0.10610296577215195,4.577385425567627
4,326,0.023709578439593315,1.5093815326690674
4,327,0.16932891309261322,2.2130086421966553
4,328,0.09638824313879013,1.3737274408340454
4,329,0.07651136070489883,1.1237672567367554
4,330,0.022019874304533005,0.952395498752594
4,331,0.15153582394123077,1.5611798763275146
4,332,0.18841956555843353,5.649660110473633
4,333,0.09931466728448868,1.7806264162063599
4,334,0.18658410012722015,5.8725666999816895
4,335,0.10293149948120117,8.760172843933105
4,336,0.028987199068069458,2.543409824371338
4,337,0.08951246738433838,0.6399006843566895
4,338,0.14315208792686462,3.422273874282837
4,339,0.18677684664726257,1.0866509675979614
4,340,0.02243480272591114,0.7437039017677307
4,341,0.025982188060879707,0.9951126575469971
4,342,0.18884681165218353,4.3328142166137695
4,343,0.15259794890880585,1.956253170967102
4,344,0.05561969429254532,1.7291224002838135
4,345,0.050091199576854706,2.2369611263275146
4,346,0.10936903953552246,1.4772802591323853
4,347,0.08659180998802185,1.3922975063323975
4,348,0.07014083862304688,0.972129762172699
4,349,0.0716756135225296,1.4300894737243652
4,350,0.03353971987962723,3.1797945499420166
4,351,0.058331768959760666,0.9950667023658752
4,352,0.09530267119407654,4.464400768280029
4,353,0.01894841156899929,0.7661676406860352
4,354,0.09431136399507523,2.0635297298431396
4,355,0.07172585278749466,0.8661907911300659
4,356,0.137186199426651,7.492493629455566
4,357,0.09593180567026138,1.79215407371521
4,358,0.02143450453877449,2.0609450340270996
4,359,0.09908894449472427,3.580075740814209
4,360,0.13160322606563568,3.2415034770965576
4,361,0.10948674380779266,4.411451816558838
4,362,0.05313575267791748,1.65895414352417
4,363,0.18766716122627258,1.502486228942871
4,364,0.027012696489691734,2.4738998413085938
4,365,0.14081712067127228,2.7757153511047363
4,366,0.27781766653060913,2.300032377243042
4,367,0.027965718880295753,3.071669578552246
4,368,0.021153973415493965,3.1856961250305176
4,369,0.07098519802093506,2.4594151973724365
4,370,0.06875666975975037,0.7616258859634399
4,371,0.14236223697662354,3.616943597793579
4,372,0.06672293692827225,2.56268048286438
4,373,0.044670745730400085,10.188657760620117
4,374,0.14156712591648102,2.4873156547546387
4,375,0.12066623568534851,1.078382134437561
4,376,0.09429071843624115,5.183545112609863
4,377,0.04308499023318291,13.347538948059082
4,378,0.1462099701166153,5.35662841796875
4,379,0.12800298631191254,3.638911008834839
4,380,0.13482624292373657,6.83577823638916
4,381,0.12073353677988052,1.7534226179122925
4,382,0.08031013607978821,4.23873233795166
4,383,0.020696692168712616,1.005733609199524
4,384,0.1093117818236351,2.523822784423828
4,385,0.0738067626953125,1.1839591264724731
4,386,0.06339199841022491,1.8929303884506226
4,387,0.07334781438112259,2.7755119800567627
4,388,0.05192313715815544,6.9108710289001465
4,389,0.09820307791233063,1.5903769731521606
4,390,0.03968532010912895,0.7918007373809814
4,391,0.11465650796890259,3.2064905166625977
4,392,0.32832008600234985,3.7548584938049316
4,393,0.07309278100728989,0.750025749206543
4,394,0.07543511688709259,0.5737931728363037
4,395,0.04166564717888832,1.929128885269165
4,396,0.06342897564172745,1.4578012228012085
4,397,0.06645653396844864,1.4730353355407715
4,398,0.01767505146563053,0.8267685174942017
4,399,0.01743544265627861,0.8265126943588257
4,400,0.03421662375330925,9.071481704711914
4,401,0.3926086127758026,4.713321685791016
4,402,0.3877299726009369,4.258002281188965
4,403,0.1719123274087906,1.2274588346481323
4,404,0.02572661265730858,3.5309970378875732
4,405,0.05873136222362518,2.0342323780059814
4,406,0.022373955696821213,1.206657886505127
4,407,0.029033800587058067,2.7263426780700684
4,408,0.25719380378723145,7.9641923904418945
4,409,0.023205168545246124,2.2703592777252197
4,410,0.11261174082756042,6.180940628051758
4,411,0.08778852224349976,4.604308128356934
4,412,0.13562504947185516,5.572254657745361
4,413,0.11218096315860748,1.7893511056900024
4,414,0.09936801344156265,3.2374062538146973
4,415,0.0784217119216919,0.7482650876045227
4,416,0.014601290225982666,0.7538434863090515
4,417,0.15120962262153625,1.8629978895187378
4,418,0.056857120245695114,9.198999404907227
4,419,0.015148267149925232,0.8786777853965759
4,420,0.19137448072433472,3.5203042030334473
4,421,0.09797246009111404,3.485973596572876
4,422,0.07501761615276337,1.0299869775772095
4,423,0.06948239356279373,1.0070815086364746
4,424,0.012139787897467613,0.3947027027606964
4,425,0.12152257561683655,4.943576812744141
5,0,0.1484554409980774,4.236185073852539
5,1,0.014972436241805553,0.5147297382354736
5,2,0.24531754851341248,3.557511329650879
5,3,0.14161796867847443,2.032785654067993
5,4,0.08965209871530533,4.247999668121338
5,5,0.08794737607240677,3.43941593170166
5,6,0.18321464955806732,4.293050289154053
5,7,0.17146237194538116,4.772940158843994
5,8,0.04452948644757271,1.5486063957214355
5,9,0.04309472814202309,7.154714584350586
5,10,0.06598362326622009,5.5383429527282715
5,11,0.10165424644947052,3.712616205215454
5,12,0.16281825304031372,1.9401885271072388
5,13,0.11218146234750748,1.5695465803146362
5,14,0.17979629337787628,1.4227890968322754
5,15,0.049494799226522446,2.167588472366333
5,16,0.14156216382980347,1.6027997732162476
5,17,0.023586906492710114,0.9332652688026428
5,18,0.09869568794965744,1.6951398849487305
5,19,0.02381301485002041,0.8418272733688354
5,20,0.03404523432254791,2.1779167652130127
5,21,0.10989932715892792,1.1727097034454346
5,22,0.12240557372570038,1.2547242641448975
5,23,0.046027593314647675,0.9007378816604614
5,24,0.04723844677209854,3.2097649574279785
5,25,0.06607818603515625,1.2530468702316284
5,26,0.24954570829868317,1.5427005290985107
5,27,0.3703671991825104,7.5294928550720215
5,28,0.07737584412097931,1.0577768087387085
5,29,0.14303454756736755,1.1955724954605103
5,30,0.06075837090611458,1.7005170583724976
5,31,0.15935271978378296,4.607612609863281
5,32,0.1955936849117279,4.201650619506836
5,33,0.07324051111936569,0.7094330191612244
5,34,0.10943250358104706,4.740382671356201
5,35,0.18612010776996613,2.2056212425231934
5,36,0.06817450374364853,0.7962319850921631
5,37,0.06691503524780273,1.716223955154419
5,38,0.01812593825161457,0.666263997554779
5,39,0.11239540576934814,8.386809349060059
5,40,0.07453010231256485,1.3599148988723755
5,41,0.07885869592428207,2.1668128967285156
5,42,0.08877591788768768,2.094003200531006
5,43,0.017669489607214928,0.8685102462768555
5,44,0.14183630049228668,4.625116348266602
5,45,0.022050248458981514,0.861335813999176
5,46,0.13619638979434967,1.7030551433563232
5,47,0.04404516890645027,7.587868690490723
5,48,0.08481083065271378,1.1491007804870605
5,49,0.05959972366690636,2.9114983081817627
5,50,0.15486474335193634,2.703585147857666
5,51,0.06750699132680893,6.739467620849609
5,52,0.09686098247766495,2.0356950759887695
5,53,0.05903586372733116,1.3801156282424927
5,54,0.019472582265734673,1.860247015953064
5,55,0.01702686958014965,1.5275914669036865
5,56,0.12338559329509735,2.776607036590576
5,57,0.0896715596318245,1.6216706037521362
5,58,0.11364921927452087,1.0170029401779175
5,59,0.05869840830564499,3.3919591903686523
5,60,0.01131973322480917,0.48421627283096313
5,61,0.14794358611106873,2.715508460998535
5,62,0.09931991994380951,1.0014034509658813
5,63,0.047114163637161255,1.2357364892959595
5,64,0.05442800745368004,1.636616826057434
5,65,0.06182725355029106,1.860671877861023
5,66,0.07413708418607712,1.3821570873260498
5,67,0.10122162103652954,2.161163330078125
5,68,0.17350146174430847,5.473692893981934
5,69,0.11992521584033966,5.817233085632324
5,70,0.03801591694355011,5.97177267074585
5,71,0.17402492463588715,3.8674139976501465
5,72,0.11769071966409683,8.304762840270996
5,73,0.11540727317333221,4.276988983154297
5,74,0.09419401735067368,6.6541748046875
5,75,0.11409551650285721,2.0576984882354736
5,76,0.09967132657766342,2.0405473709106445
5,77,0.01890866458415985,0.5897104144096375
5,78,0.01857474260032177,0.6120083928108215
5,79,0.06599026918411255,0.8459024429321289
5,80,0.013127466663718224,0.595451295375824
5,81,0.08375947177410126,1.996527075767517
5,82,0.02108069136738777,1.554702877998352
5,83,0.15026845037937164,1.5485937595367432
5,84,0.22011782228946686,4.97179651260376
5,85,0.17026793956756592,2.473114252090454
5,86,0.09446448087692261,2.3844316005706787
5,87,0.05239678919315338,4.200556755065918
5,88,0.19159984588623047,8.156767845153809
5,89,0.09440559893846512,2.827780246734619
5,90,0.01591678149998188,1.7042934894561768
5,91,0.07497662305831909,1.7359322309494019
5,92,0.30867913365364075,2.7391409873962402
5,93,0.27352362871170044,7.088755130767822
5,94,0.052063729614019394,3.509424924850464
5,95,0.012774749659001827,0.4772256016731262
5,96,0.10595592856407166,3.9678568840026855
5,97,0.06676828116178513,2.169327735900879
5,98,0.021486224606633186,1.8308379650115967
5,99,0.06669505685567856,5.866285800933838
5,100,0.0803891122341156,3.3572909832000732
5,101,0.10217644274234772,1.1012122631072998
5,102,0.14016687870025635,2.834010362625122
5,103,0.070517897605896,2.207928419113159
5,104,0.1222408264875412,1.9536842107772827
5,105,0.13015474379062653,2.8067898750305176
5,106,0.14799736440181732,3.0965535640716553
5,107,0.17651166021823883,5.068824291229248
5,108,0.01833576336503029,1.6892297267913818
5,109,0.07302144914865494,6.46644401550293
5,110,0.06508763879537582,2.5215559005737305
5,111,0.05117223039269447,1.7479552030563354
5,112,0.17752136290073395,2.436397075653076
5,113,0.16275040805339813,2.0835559368133545
5,114,0.09780774265527725,3.274258613586426
5,115,0.02187393791973591,1.6928755044937134
5,116,0.12671434879302979,7.119405746459961
5,117,0.0360858216881752,0.5358847379684448
5,118,0.04134004935622215,1.1960537433624268
5,119,0.01670427806675434,0.5727928876876831
5,120,0.09485800564289093,3.645770311355591
5,121,0.0911082923412323,2.676190137863159
5,122,0.304064005613327,9.956475257873535
5,123,0.0964977815747261,1.3853185176849365
5,124,0.04482433199882507,1.2062815427780151
5,125,0.2139953076839447,2.607062339782715
5,126,0.05138181522488594,2.1544878482818604
5,127,0.06298743933439255,3.038672685623169
5,128,0.10820130258798599,0.8147885203361511
5,129,0.1202249601483345,1.4695441722869873
5,130,0.09433025121688843,1.548122763633728
5,131,0.0174387376755476,0.7043794989585876
5,132,0.020030764862895012,0.7832873463630676
5,133,0.22478735446929932,3.079871892929077
5,134,0.018698344007134438,1.3343603610992432
5,135,0.11399908363819122,8.145049095153809
5,136,0.02261332795023918,0.7744502425193787
5,137,0.0722014456987381,2.8960516452789307
5,138,0.05756528303027153,2.8449761867523193
5,139,0.020701246336102486,1.3951950073242188
5,140,0.13149307668209076,5.515133380889893
5,141,0.03099202923476696,1.4919137954711914
5,142,0.01250885333865881,0.3908613324165344
5,143,0.12900473177433014,1.9276623725891113
5,144,0.07465452700853348,2.094855785369873
5,145,0.13853205740451813,4.324621200561523
5,146,0.019278600811958313,1.6975027322769165
5,147,0.05236106738448143,2.3864338397979736
5,148,0.06774252653121948,1.1133352518081665
5,149,0.09295982867479324,1.1943938732147217
5,150,0.22982969880104065,7.604129314422607
5,151,0.2281508594751358,5.400261402130127
5,152,0.23101413249969482,3.1498329639434814
5,153,0.10126527398824692,1.5353751182556152
5,154,0.1719883233308792,6.436378002166748
5,155,0.053001098334789276,2.7856788635253906
5,156,0.06628778576850891,2.779113292694092
5,157,0.1478041112422943,8.84072494506836
5,158,0.10898294299840927,5.4096245765686035
5,159,0.10398975014686584,3.2429587841033936
5,160,0.08696635812520981,6.626918792724609
5,161,0.13247813284397125,2.1684696674346924
5,162,0.1239238828420639,8.949957847595215
5,163,0.07638544589281082,3.608219861984253
5,164,0.026855887845158577,1.349726915359497
5,165,0.03015276789665222,3.1408703327178955
5,166,0.08381711691617966,4.159609317779541
5,167,0.09482245147228241,0.998247504234314
5,168,0.04516778513789177,4.298892498016357
5,169,0.09237825125455856,1.1628869771957397
5,170,0.0724496841430664,0.9772621393203735
5,171,0.0110413683578372,0.41666126251220703
5,172,0.14914390444755554,1.2402116060256958
5,173,0.012855807319283485,0.5010494589805603
5,174,0.1783623844385147,2.932451009750366
5,175,0.010680177249014378,0.34271496534347534
5,176,0.07449352741241455,1.1650198698043823
5,177,0.009989779442548752,0.6129078269004822
5,178,0.16741611063480377,3.3548545837402344
5,179,0.10703052580356598,1.635120153427124
5,180,0.0938505008816719,4.164233684539795
5,181,0.015122365206480026,0.4043103754520416
5,182,0.12109933793544769,6.000328540802002
5,183,0.11927612870931625,1.3894845247268677
5,184,0.10368771851062775,3.377485990524292
5,185,0.21115368604660034,1.9587464332580566
5,186,0.07271835207939148,2.358322858810425
5,187,0.06949807703495026,1.60187566280365
5,188,0.01474043820053339,0.6246962547302246
5,189,0.08691225200891495,2.952031373977661
5,190,0.1285080462694168,0.9797416925430298
5,191,0.15382160246372223,1.8047407865524292
5,192,0.06190543249249458,1.7835384607315063
5,193,0.14842504262924194,2.6711277961730957
5,194,0.08994541317224503,2.0907177925109863
5,195,0.027876196429133415,1.5385105609893799
5,196,0.04704854264855385,1.9871571063995361
5,197,0.024803904816508293,1.337035894393921
5,198,0.045402806252241135,4.440934658050537
5,199,0.06202422454953194,1.5604196786880493
5,200,0.05396541580557823,2.1530838012695312
5,201,0.04401366040110588,3.7086288928985596
5,202,0.022434769198298454,1.0013185739517212
5,203,0.23577433824539185,1.903052568435669
5,204,0.04351179674267769,2.6195485591888428
5,205,0.17459402978420258,2.3863115310668945
5,206,0.12303834408521652,2.2091920375823975
5,207,0.30873268842697144,2.6038424968719482
5,208,0.02209884114563465,0.9653754830360413
5,209,0.17154398560523987,2.0401129722595215
5,210,0.023400280624628067,0.9745843410491943
5,211,0.14291657507419586,2.2802278995513916
5,212,0.07390152662992477,2.3880603313446045
5,213,0.040151022374629974,1.8736941814422607
5,214,0.2147635817527771,2.7641823291778564
5,215,0.041296932846307755,1.5790683031082153
5,216,0.07985995709896088,1.2966456413269043
5,217,0.19259656965732574,4.144906044006348
5,218,0.14572401344776154,1.469653844833374
5,219,0.14770524203777313,1.26116943359375
5,220,0.025069797411561012,0.993194043636322
5,221,0.07836546748876572,2.19736647605896
5,222,0.03486853092908859,2.2997591495513916
5,223,0.03851240873336792,2.125802993774414
5,224,0.018126534298062325,1.2556008100509644
5,225,0.032130636274814606,0.5547465085983276
5,226,0.16608725488185883,2.9796695709228516
5,227,0.01193852350115776,0.4611177444458008
5,228,0.0164808202534914,1.0197668075561523
5,229,0.12645627558231354,12.67797565460205
5,230,0.09951816499233246,1.958388090133667
5,231,0.2410190850496292,2.4382946491241455
5,232,0.06880225986242294,0.6439125537872314
5,233,0.18803398311138153,3.236198902130127
5,234,0.17250901460647583,4.156458854675293
5,235,0.10137370228767395,1.2782666683197021
5,236,0.08639435470104218,2.3581442832946777
5,237,0.06862267106771469,1.0087331533432007
5,238,0.18655666708946228,3.3370518684387207
5,239,0.06611522287130356,3.485281467437744
5,240,0.15487752854824066,4.127773761749268
5,241,0.2069406509399414,2.7883224487304688
5,242,0.14491020143032074,7.664238452911377
5,243,0.07336586713790894,0.9978663921356201
5,244,0.13350510597229004,1.8013579845428467
5,245,0.08977755904197693,5.435811519622803
5,246,0.058258023113012314,2.3720202445983887
5,247,0.1948491632938385,6.762070178985596
5,248,0.08463933318853378,1.9200644493103027
5,249,0.06575293838977814,1.510860800743103
5,250,0.13652409613132477,1.2607712745666504
5,251,0.09901855140924454,3.3924081325531006
5,252,0.09702766686677933,4.0662055015563965
5,253,0.042041029781103134,1.08349609375
5,254,0.04242262616753578,4.277383804321289
5,255,0.16335682570934296,2.707951784133911
5,256,0.03699555620551109,3.034379482269287
5,257,0.15587764978408813,2.7550783157348633
5,258,0.02290079928934574,1.6180189847946167
5,259,0.03310294821858406,15.93720817565918
5,260,0.130067378282547,4.865309238433838
5,261,0.018320409581065178,1.0893458127975464
5,262,0.02154032699763775,1.2915236949920654
5,263,0.07046952843666077,14.956563949584961
5,264,0.057861726731061935,1.1280992031097412
5,265,0.21209441125392914,1.0144110918045044
5,266,0.20673377811908722,8.127630233764648
5,267,0.20799073576927185,15.064010620117188
5,268,0.011607763357460499,0.8765983581542969
5,269,0.009613173082470894,0.39605316519737244
5,270,0.21577318012714386,6.3126912117004395
5,271,0.13015681505203247,6.006505012512207
5,272,0.08181985467672348,1.4908465147018433
5,273,0.041011977940797806,1.2465002536773682
5,274,0.10159225016832352,4.140158653259277
5,275,0.006683812942355871,0.2211737334728241
5,276,0.22813817858695984,2.338075876235962
5,277,0.16656255722045898,4.610796928405762
5,278,0.017897237092256546,2.5917699337005615
5,279,0.038899946957826614,2.0938241481781006
5,280,0.010896778665482998,0.46920526027679443
5,281,0.06672381609678268,1.8628628253936768
5,282,0.011951316148042679,0.7465188503265381
5,283,0.020961422473192215,3.058129072189331
5,284,0.018680740147829056,0.7203794717788696
5,285,0.02139219269156456,1.963818907737732
5,286,0.07390019297599792,0.6565108895301819
5,287,0.01625043898820877,1.98914635181427
5,288,0.1941061168909073,2.8745245933532715
5,289,0.17606259882450104,19.631547927856445
5,290,0.05644137039780617,0.7185269594192505
5,291,0.0989001914858818,10.646963119506836
5,292,0.010960536077618599,0.8199346661567688
5,293,0.19454573094844818,1.2751063108444214
5,294,0.017398616299033165,4.501546382904053
5,295,0.10677138715982437,2.2280101776123047
5,296,0.10579755157232285,1.6032627820968628
5,297,0.011797022074460983,0.5843572020530701
5,298,0.18251512944698334,5.321789741516113
5,299,0.1347387731075287,1.6709109544754028
5,300,0.01444748044013977,0.6290257573127747
5,301,0.0601990632712841,1.0637484788894653
5,302,0.10611369460821152,3.09151291847229
5,303,0.06487366557121277,3.3952152729034424
5,304,0.08015619963407516,0.9223207831382751
5,305,0.2763475179672241,4.119280815124512
5,306,0.08688336610794067,2.138664484024048
5,307,0.05251587554812431,3.515674591064453
5,308,0.14721715450286865,17.946552276611328
5,309,0.27599257230758667,5.9739837646484375
5,310,0.0398169681429863,6.056500434875488
5,311,0.0670560970902443,1.9455583095550537
5,312,0.034740664064884186,2.186391830444336
5,313,0.20378389954566956,7.8938398361206055
5,314,0.06894998997449875,6.4107465744018555
5,315,0.17421166598796844,4.94975471496582
5,316,0.24493274092674255,4.925721645355225
5,317,0.12040648609399796,1.7799493074417114
5,318,0.07915183901786804,17.659940719604492
5,319,0.12325581908226013,1.1287972927093506
5,320,0.08273231983184814,2.3095829486846924
5,321,0.1285306066274643,4.585882663726807
5,322,0.10282653570175171,1.4157958030700684
5,323,0.10475649684667587,1.3246968984603882
5,324,0.07797421514987946,1.67494797706604
5,325,0.044116292148828506,2.7823679447174072
5,326,0.03690169379115105,2.2128288745880127
5,327,0.02966345101594925,1.9016045331954956
5,328,0.09959141910076141,2.1121599674224854
5,329,0.06305712461471558,1.2583439350128174
5,330,0.018982045352458954,0.8773108720779419
5,331,0.11770598590373993,4.212507247924805
5,332,0.015314420685172081,0.6581115126609802
5,333,0.05941972881555557,3.053335666656494
5,334,0.0948471650481224,1.64170503616333
5,335,0.23664049804210663,3.270630359649658
5,336,0.0784192904829979,0.7804608345031738
5,337,0.011333993636071682,0.5518803000450134
5,338,0.008145320229232311,0.37869077920913696
5,339,0.0570513941347599,2.9139366149902344
5,340,0.008498207665979862,0.37618014216423035
5,341,0.1382114142179489,5.245159149169922
5,342,0.04024069756269455,9.34706974029541
5,343,0.11960653215646744,2.379436731338501
5,344,0.17649763822555542,3.3431344032287598
5,345,0.043430935591459274,6.3493194580078125
5,346,0.015685519203543663,0.6264909505844116
5,347,0.09174158424139023,2.68581223487854
5,348,0.13379785418510437,4.486382007598877
5,349,0.41155263781547546,5.943670272827148
5,350,0.11035479605197906,6.844964981079102
5,351,0.1237051859498024,5.353264808654785
5,352,0.08509256690740585,4.069700717926025
5,353,0.013827194459736347,0.7437319159507751
5,354,0.11663320660591125,1.5131232738494873
5,355,0.06945855915546417,2.3384618759155273
5,356,0.010298713110387325,0.5315978527069092
5,357,0.1170240193605423,6.456050395965576
5,358,0.017589006572961807,1.0988905429840088
5,359,0.01860114000737667,2.4438047409057617
5,360,0.019294405356049538,5.037932395935059
5,361,0.15916821360588074,2.210463523864746
5,362,0.04530677571892738,2.6008636951446533
5,363,0.1312016099691391,8.363866806030273
5,364,0.015493798069655895,0.78199303150177
5,365,0.17509892582893372,2.4018101692199707
5,366,0.011888418346643448,0.5476216673851013
5,367,0.026513488963246346,1.4608930349349976
5,368,0.08255615830421448,1.322275161743164
5,369,0.21986033022403717,1.5097891092300415
5,370,0.1468481570482254,11.490991592407227
5,371,0.06420827656984329,1.093976616859436
5,372,0.0530431866645813,4.842718601226807
5,373,0.14426876604557037,13.421699523925781
5,374,0.09106867760419846,1.9825177192687988
5,375,0.15034577250480652,2.90803599357605
5,376,0.05412799119949341,1.1509519815444946
5,377,0.019531171768903732,1.0168243646621704
5,378,0.014467365108430386,0.6555981040000916
5,379,0.10365061461925507,1.5893634557724
5,380,0.07160953432321548,1.5570578575134277
5,381,0.17112097144126892,6.074175834655762
5,382,0.2477843165397644,3.0381202697753906
5,383,0.13498413562774658,3.2772879600524902
5,384,0.051684364676475525,1.0258638858795166
5,385,0.013871648348867893,0.8133078217506409
5,386,0.13971923291683197,2.7129812240600586
5,387,0.039589133113622665,0.8408486247062683
5,388,0.01508237887173891,0.7841061949729919
5,389,0.06807908415794373,3.2021524906158447
5,390,0.015982920303940773,0.6249362230300903
5,391,0.14039115607738495,5.508505821228027
5,392,0.03602214902639389,0.732907235622406
5,393,0.0962415412068367,1.36778724193573
5,394,0.05766461417078972,6.8572587966918945
5,395,0.016778873279690742,0.8725998401641846
5,396,0.07430531084537506,2.8819894790649414
5,397,0.1760626584291458,4.417635917663574
5,398,0.3292432129383087,4.533690929412842
5,399,0.053099703043699265,1.9080783128738403
5,400,0.11099152266979218,3.5574347972869873
5,401,0.18300315737724304,9.328302383422852
5,402,0.08246441930532455,1.563814640045166
5,403,0.0784178301692009,1.8166553974151611
5,404,0.13144399225711823,1.0998822450637817
5,405,0.08712681382894516,2.1104209423065186
5,406,0.027531173080205917,2.957035541534424
5,407,0.1380077302455902,3.3210363388061523
5,408,0.04381754994392395,1.6334855556488037
5,409,0.023402612656354904,1.0939990282058716
5,410,0.1338788866996765,3.248548746109009
5,411,0.1556486338376999,2.5381622314453125
5,412,0.012419422157108784,0.7168147563934326
5,413,0.06734903156757355,1.7220420837402344
5,414,0.23130673170089722,4.18743371963501
5,415,0.10088172554969788,3.0428969860076904
5,416,0.08095403760671616,2.3411176204681396
5,417,0.02417067438364029,3.029848098754883
5,418,0.13438281416893005,1.2577879428863525
5,419,0.10527299344539642,2.3807899951934814
5,420,0.05256068706512451,4.719636917114258
5,421,0.020124172791838646,0.860968291759491
5,422,0.10801563411951065,1.6079895496368408
5,423,0.14207518100738525,3.7003626823425293
5,424,0.054838068783283234,2.0098938941955566
5,425,0.05197092145681381,6.1959967613220215
6,0,0.01978999190032482,0.7627359628677368
6,1,0.02376055344939232,1.1630336046218872
6,2,0.0767492800951004,0.876897931098938
6,3,0.06046537682414055,4.63456916809082
6,4,0.08054245263338089,1.5679600238800049
6,5,0.012233419343829155,0.4492795169353485
6,6,0.0864240899682045,0.990962564945221
6,7,0.023663701489567757,2.2182765007019043
6,8,0.014546165242791176,0.6306149959564209
6,9,0.2541608512401581,4.175263404846191
6,10,0.01785043440759182,2.1252288818359375
6,11,0.16410301625728607,1.869106650352478
6,12,0.16226568818092346,4.5498762130737305
6,13,0.014277576468884945,0.6852393746376038
6,14,0.27916809916496277,3.3857977390289307
6,15,0.07047545909881592,1.581655502319336
6,16,0.15797187387943268,4.909597873687744
6,17,0.015221997164189816,0.8020803928375244
6,18,0.1398911029100418,2.2272117137908936
6,19,0.009897256270051003,0.4626559019088745
6,20,0.09848187863826752,1.3186410665512085
6,21,0.2328079342842102,3.8479769229888916
6,22,0.015663878992199898,1.2635512351989746
6,23,0.07943879812955856,1.0993084907531738
6,24,0.018385818228125572,1.1417832374572754
6,25,0.1840612143278122,2.6555371284484863
6,26,0.03700985386967659,2.0224266052246094
6,27,0.020401671528816223,1.196192979812622
6,28,0.03617751598358154,5.935187816619873
6,29,0.07388124614953995,1.058016300201416
6,30,0.026918556541204453,2.2307796478271484
6,31,0.10685911774635315,1.4396787881851196
6,32,0.08537762612104416,4.474337577819824
6,33,0.01702837273478508,1.13565993309021
6,34,0.048542510718107224,1.8728177547454834
6,35,0.008022601716220379,0.31745055317878723
6,36,0.12903906404972076,3.797412157058716
6,37,0.04432929679751396,1.2405680418014526
6,38,0.0584477037191391,0.7165957689285278
6,39,0.0849255844950676,1.7514147758483887
6,40,0.013188422657549381,1.297395944595337
6,41,0.07892894744873047,2.394714593887329
6,42,0.01306947786360979,1.0636193752288818
6,43,0.10959721356630325,4.230665683746338
6,44,0.09063539654016495,4.081753730773926
6,45,0.08591939508914948,1.5992906093597412
6,46,0.06303536146879196,0.947769284248352
6,47,0.01772962510585785,1.2449700832366943
6,48,0.10775262862443924,0.6753128170967102
6,49,0.07392539083957672,4.640964508056641
6,50,0.14926967024803162,2.0697169303894043
6,51,0.014228877611458302,0.5908082127571106
6,52,0.2769690454006195,3.2415530681610107
6,53,0.09107223153114319,1.7705965042114258
6,54,0.10791444778442383,0.9452052116394043
6,55,0.07336866110563278,3.5650086402893066
6,56,0.24361705780029297,3.4457192420959473
6,57,0.019231826066970825,1.2525827884674072
6,58,0.048868194222450256,1.0021719932556152
6,59,0.009569214656949043,0.4225684106349945
6,60,0.013597283512353897,0.8251076340675354
6,61,0.14185118675231934,3.015355348587036
6,62,0.05013452097773552,2.0700931549072266
6,63,0.02059439942240715,4.575739860534668
6,64,0.15030740201473236,2.873608350753784
6,65,0.1638370305299759,3.1636130809783936
6,66,0.12655343115329742,2.0694692134857178
6,67,0.10180574655532837,1.8157320022583008
6,68,0.012832007370889187,0.6433858275413513
6,69,0.10341572016477585,1.1434606313705444
6,70,0.033516623079776764,1.791821837425232
6,71,0.12207280099391937,1.9825893640518188
6,72,0.043441928923130035,0.8219321370124817
6,73,0.10730259120464325,2.457993507385254
6,74,0.06435471773147583,0.9662113189697266
6,75,0.012331433594226837,0.5519437789916992
6,76,0.0713546872138977,1.402343511581421
6,77,0.055671341717243195,0.9147288203239441
6,78,0.08955018222332001,3.135676860809326
6,79,0.08486486971378326,1.7186514139175415
6,80,0.03975547477602959,0.98958820104599
6,81,0.009982528164982796,0.4096521735191345
6,82,0.2997659742832184,7.7804131507873535
6,83,0.1895741969347,3.1116485595703125
6,84,0.034749582409858704,3.652099370956421
6,85,0.14252792298793793,13.502978324890137
6,86,0.11207245290279388,1.8699244260787964
6,87,0.021436970680952072,1.260599970817566
6,88,0.055555008351802826,7.162325382232666
6,89,0.09584636986255646,7.759286403656006
6,90,0.11223282665014267,2.162200450897217
6,91,0.04037534445524216,1.3197472095489502
6,92,0.13443009555339813,31.68724250793457
6,93,0.11042050272226334,3.210353136062622
6,94,0.01791980490088463,0.8628000020980835
6,95,0.15748614072799683,6.149628162384033
6,96,0.10042042285203934,3.091289520263672
6,97,0.016002966091036797,0.7128225564956665
6,98,0.07893674075603485,2.309354782104492
6,99,0.1035134494304657,5.795525550842285
6,100,0.015047861263155937,0.5915781855583191
6,101,0.2562004327774048,4.835155487060547
6,102,0.09890864044427872,1.6863775253295898
6,103,0.01150019746273756,0.5881668925285339
6,104,0.17192009091377258,15.737752914428711
6,105,0.01425280049443245,0.658877432346344
6,106,0.05819655954837799,0.8380753397941589
6,107,0.04427873343229294,2.164468765258789
6,108,0.009909519925713539,0.6140642762184143
6,109,0.07873015850782394,1.0825666189193726
6,110,0.1628352850675583,4.14384651184082
6,111,0.15110254287719727,8.78713607788086
6,112,0.02213825285434723,9.123751640319824
6,113,0.04179684817790985,1.402592658996582
6,114,0.07448150217533112,6.963811874389648
6,115,0.12498339265584946,1.887955904006958
6,116,0.03112105280160904,0.7506982684135437
6,117,0.06536699831485748,1.115612506866455
6,118,0.09958547353744507,8.531278610229492
6,119,0.24939440190792084,3.3779547214508057
6,120,0.3321866989135742,11.985795021057129
6,121,0.14672084152698517,2.5984714031219482
6,122,0.1154981181025505,1.242944359779358
6,123,0.10033677518367767,1.5778321027755737
6,124,0.07051447778940201,1.0013048648834229
6,125,0.01319066621363163,1.4060918092727661
6,126,0.031962260603904724,0.7550925612449646
6,127,0.10650210827589035,1.294283390045166
6,128,0.02865593507885933,1.7845067977905273
6,129,0.029191119596362114,1.1521621942520142
6,130,0.07881554961204529,2.2707340717315674
6,131,0.11931731551885605,1.3654072284698486
6,132,0.10379868745803833,1.9294331073760986
6,133,0.011190515011548996,0.7302810549736023
6,134,0.1004338264465332,2.3952832221984863
6,135,0.008096369914710522,0.40420153737068176
6,136,0.1357443779706955,2.110714912414551
6,137,0.017313960939645767,0.965244472026825
6,138,0.018247831612825394,1.2307034730911255
6,139,0.02424631640315056,1.0414445400238037
6,140,0.0736328661441803,2.8210201263427734
6,141,0.04399470239877701,2.277385950088501
6,142,0.14801821112632751,1.798640489578247
6,143,0.1697065681219101,9.86431884765625
6,144,0.12768219411373138,1.9428110122680664
6,145,0.054151423275470734,1.4734904766082764
6,146,0.08183931559324265,1.0225681066513062
6,147,0.05082854628562927,2.618852138519287
6,148,0.009995554573833942,0.42168569564819336
6,149,0.24101431667804718,5.86879825592041
6,150,0.04201763868331909,1.6284250020980835
6,151,0.014037564396858215,0.9594142436981201
6,152,0.03655266761779785,1.5051497220993042
6,153,0.10449368506669998,4.366558074951172
6,154,0.21319696307182312,2.847526788711548
6,155,0.085709348320961,6.904155254364014
6,156,0.15341301262378693,4.108361721038818
6,157,0.012527783401310444,0.6150873899459839
6,158,0.0146389901638031,0.9586424231529236
6,159,0.09711131453514099,3.986964702606201
6,160,0.08745354413986206,1.5967360734939575
6,161,0.10040929168462753,1.8140567541122437
6,162,0.21363647282123566,4.422382831573486
6,163,0.02547863870859146,2.4370245933532715
6,164,0.09871403127908707,7.149229049682617
6,165,0.12289762496948242,8.69632339477539
6,166,0.010777823626995087,0.4749560058116913
6,167,0.12101833522319794,2.3274073600769043
6,168,0.04864390194416046,1.5582183599472046
6,169,0.14028280973434448,3.3976452350616455
6,170,0.09438441693782806,6.000886917114258
6,171,0.008625274524092674,0.5819974541664124
6,172,0.19728203117847443,2.650176525115967
6,173,0.17990921437740326,3.8777456283569336
6,174,0.016763806343078613,1.7613927125930786
6,175,0.16765418648719788,3.466831684112549
6,176,0.01630619540810585,1.7611290216445923
6,177,0.044035594910383224,0.66988205909729
6,178,0.1857825368642807,4.038571357727051
6,179,0.05446626618504524,2.1048426628112793
6,180,0.10346319526433945,4.305151462554932
6,181,0.01388461235910654,0.51251620054245
6,182,0.16347074508666992,3.6645169258117676
6,183,0.12150643765926361,2.157846689224243
6,184,0.03681494668126106,0.8302915096282959
6,185,0.14382174611091614,2.220738172531128
6,186,0.2582356035709381,4.684149265289307
6,187,0.022809302434325218,1.262559413909912
6,188,0.1073843315243721,4.387106418609619
6,189,0.014853674918413162,0.9284782409667969
6,190,0.1881200224161148,5.725087642669678
6,191,0.08275684714317322,1.135882019996643
6,192,0.07706385850906372,1.2994729280471802
6,193,0.020049814134836197,1.161568522453308
6,194,0.05689920857548714,2.619640588760376
6,195,0.03221755474805832,1.9149280786514282
6,196,0.15899133682250977,4.490952968597412
6,197,0.043532926589250565,2.6462879180908203
6,198,0.12663552165031433,2.1002814769744873
6,199,0.06874965131282806,1.6256619691848755
6,200,0.022692838683724403,1.6674659252166748
6,201,0.1725262850522995,4.05095911026001
6,202,0.04453636705875397,0.7249854803085327
6,203,0.16640353202819824,3.280254602432251
6,204,0.01628180779516697,4.686491012573242
6,205,0.11186110228300095,5.806140422821045
6,206,0.04255826026201248,4.173707008361816
6,207,0.015119302086532116,0.655780553817749
6,208,0.1081635057926178,1.8038649559020996
6,209,0.023355752229690552,4.557097434997559
6,210,0.05955291911959648,1.1226085424423218
6,211,0.0537114217877388,0.556300163269043
6,212,0.0600445382297039,2.4675991535186768
6,213,0.0768398568034172,1.4927117824554443
6,214,0.09746440500020981,2.430461883544922
6,215,0.05407087132334709,2.0534393787384033
6,216,0.062273234128952026,0.5701202154159546
6,217,0.19585970044136047,4.2596211433410645
6,218,0.07203981280326843,1.5123599767684937
6,219,0.12187589704990387,3.148874282836914
6,220,0.12414706498384476,9.862265586853027
6,221,0.12470708042383194,2.6416187286376953
6,222,0.03416675329208374,0.8174043297767639
6,223,0.023019131273031235,0.748170793056488
6,224,0.02370373345911503,1.0991699695587158
6,225,0.1054944097995758,5.77703857421875
6,226,0.07201360911130905,4.051108360290527
6,227,0.20129919052124023,3.1159205436706543
6,228,0.07159505784511566,10.253937721252441
6,229,0.13772164285182953,6.104414463043213
6,230,0.19253306090831757,8.161040306091309
6,231,0.06018592417240143,1.6074485778808594
6,232,0.16111132502555847,4.827217102050781
6,233,0.10486910492181778,1.2859654426574707
6,234,0.015611141920089722,0.7488020658493042
6,235,0.12322485446929932,3.475003242492676
6,236,0.09737592190504074,3.9578614234924316
6,237,0.09572982043027878,6.875461578369141
6,238,0.07570478320121765,2.2875752449035645
6,239,0.05000819265842438,1.4256867170333862
6,240,0.047782912850379944,0.91834557056427
6,241,0.044567227363586426,0.9627765417098999
6,242,0.08272086828947067,1.2362395524978638
6,243,0.07762563973665237,2.7107789516448975
6,244,0.1866254210472107,3.7290937900543213
6,245,0.18952476978302002,3.853774070739746
6,246,0.042677827179431915,0.8586481213569641
6,247,0.0949665829539299,3.554945707321167
6,248,0.08583193272352219,3.8025760650634766
6,249,0.10577712208032608,5.570922374725342
6,250,0.11748763918876648,2.4085657596588135
6,251,0.0807901918888092,2.1446597576141357
6,252,0.12004867941141129,2.6795713901519775
6,253,0.07351644337177277,5.992240905761719
6,254,0.01605708710849285,1.4661340713500977
6,255,0.018289979547262192,0.9719374775886536
6,256,0.10796143114566803,2.5261294841766357
6,257,0.14448226988315582,3.6360325813293457
6,258,0.047414783388376236,1.25067138671875
6,259,0.0829039216041565,3.950127363204956
6,260,0.015913531184196472,1.7015290260314941
6,261,0.07007641345262527,2.6801044940948486
6,262,0.04338674619793892,1.2548719644546509
6,263,0.12406271696090698,7.767749786376953
6,264,0.01556030847132206,0.6073435544967651
6,265,0.15153968334197998,3.500779390335083
6,266,0.058137256652116776,1.9748667478561401
6,267,0.011250048875808716,0.5843395590782166
6,268,0.1043323278427124,1.2622157335281372
6,269,0.09961443394422531,7.685064315795898
6,270,0.020481321960687637,0.6332437992095947
6,271,0.07726521044969559,1.9615964889526367
6,272,0.16239982843399048,1.2855186462402344
6,273,0.06437884271144867,1.8925373554229736
6,274,0.09355951845645905,2.8663582801818848
6,275,0.04521119222044945,1.4548240900039673
6,276,0.14784672856330872,3.0065572261810303
6,277,0.039031438529491425,0.8202926516532898
6,278,0.20425675809383392,2.915407180786133
6,279,0.26356229186058044,3.595259666442871
6,280,0.26631972193717957,6.204047203063965
6,281,0.01262208167463541,0.6554600596427917
6,282,0.1259750872850418,1.867568016052246
6,283,0.10666806995868683,4.284496307373047
6,284,0.060313526540994644,9.613913536071777
6,285,0.10124456137418747,3.3795363903045654
6,286,0.06586645543575287,5.30080509185791
6,287,0.10891367495059967,10.139663696289062
6,288,0.016109803691506386,1.056331992149353
6,289,0.03675204515457153,5.758464336395264
6,290,0.02106914296746254,2.711029052734375
6,291,0.021060507744550705,0.9378678202629089
6,292,0.01798170991241932,0.8164008855819702
6,293,0.022633817046880722,1.7376741170883179
6,294,0.08441006392240524,2.1561355590820312
6,295,0.1962447315454483,1.0432195663452148
6,296,0.05208777263760567,4.728743553161621
6,297,0.05104692652821541,4.817506790161133
6,298,0.17988844215869904,7.80803918838501
6,299,0.24873793125152588,10.913158416748047
6,300,0.07234502583742142,2.649869680404663
6,301,0.04640775918960571,5.8598127365112305
6,302,0.02778967097401619,11.988987922668457
6,303,0.09360905736684799,2.992759943008423
6,304,0.15669406950473785,5.939759731292725
6,305,0.23728318512439728,5.751495838165283
6,306,0.012952492572367191,0.6631287932395935
6,307,0.03940543159842491,1.511130928993225
6,308,0.0986839234828949,1.5140336751937866
6,309,0.02250559814274311,1.8737890720367432
6,310,0.025790954008698463,2.5365941524505615
6,311,0.03835810348391533,3.639122247695923
6,312,0.012117685750126839,0.5149207711219788
6,313,0.10082260519266129,4.515487194061279
6,314,0.05551442503929138,1.0499159097671509
6,315,0.013129713013768196,0.7274737358093262
6,316,0.016644058749079704,13.184050559997559
6,317,0.10970386117696762,1.2958199977874756
6,318,0.09103906154632568,2.9732236862182617
6,319,0.12269862741231918,2.135587453842163
6,320,0.08176253736019135,1.5003042221069336
6,321,0.1439199447631836,9.729443550109863
6,322,0.1148175597190857,2.9795961380004883
6,323,0.08246473222970963,2.876995325088501
6,324,0.08748145401477814,2.383175849914551
6,325,0.051738061010837555,2.440951108932495
6,326,0.018312275409698486,0.9150018095970154
6,327,0.05040118098258972,4.251452445983887
6,328,0.19760945439338684,3.0862879753112793
6,329,0.012747377157211304,0.9673664569854736
6,330,0.1583547741174698,2.1840097904205322
6,331,0.3234420120716095,2.070655584335327
6,332,0.15510167181491852,1.4725319147109985
6,333,0.012281442061066628,0.6823021769523621
6,334,0.05730751156806946,2.0172760486602783
6,335,0.15206865966320038,6.410181522369385
6,336,0.061398159712553024,1.1287076473236084
6,337,0.13856500387191772,1.4257346391677856
6,338,0.011190406046807766,0.6867995262145996
6,339,0.059880468994379044,2.253330707550049
6,340,0.10771538317203522,1.9936151504516602
6,341,0.08633223176002502,0.8912577629089355
6,342,0.05062898248434067,1.4645010232925415
6,343,0.012571608647704124,0.4763900935649872
6,344,0.014957685954868793,1.2670015096664429
6,345,0.08366795629262924,2.030980110168457
6,346,0.021786993369460106,0.9634982943534851
6,347,0.020528996363282204,1.1657803058624268
6,348,0.011614114046096802,0.6485195159912109
6,349,0.0766802653670311,0.8136427998542786
6,350,0.11736101657152176,1.228398323059082
6,351,0.10729613900184631,2.2759294509887695
6,352,0.07499118149280548,3.1669750213623047
6,353,0.21648256480693817,5.456220626831055
6,354,0.13263845443725586,4.512849807739258
6,355,0.01825573667883873,0.8878124356269836
6,356,0.01087370328605175,0.5253136157989502
6,357,0.019931413233280182,1.4973784685134888
6,358,0.012730827555060387,0.5360544323921204
6,359,0.19876466691493988,2.505258560180664
6,360,0.12401456385850906,7.699666500091553
6,361,0.08784329146146774,2.885763645172119
6,362,0.11215291917324066,1.4423285722732544
6,363,0.04719541221857071,3.829805374145508
6,364,0.010104970075190067,0.4899594187736511
6,365,0.014740901067852974,0.7265440821647644
6,366,0.024587731808423996,0.8107197880744934
6,367,0.07488899677991867,1.8323805332183838
6,368,0.016831710934638977,0.81912761926651
6,369,0.012822641991078854,1.0600541830062866
6,370,0.14429251849651337,3.50109601020813
6,371,0.18526014685630798,4.1137919425964355
6,372,0.013286802917718887,0.7347162365913391
6,373,0.13206663727760315,3.8862037658691406
6,374,0.19127647578716278,4.085673809051514
6,375,0.052916571497917175,0.7306497097015381
6,376,0.009838446043431759,0.3175183832645416
6,377,0.020129341632127762,1.2281821966171265
6,378,0.17548535764217377,5.497425079345703
6,379,0.08374668657779694,1.5428833961486816
6,380,0.21345122158527374,2.256293773651123
6,381,0.2224675565958023,15.192049980163574
6,382,0.02833554521203041,0.7902783751487732
6,383,0.0962403193116188,1.480210542678833
6,384,0.05170769244432449,2.2709929943084717
6,385,0.02356860786676407,1.255228877067566
6,386,0.026012053713202477,5.626589298248291
6,387,0.07295536249876022,6.874030590057373
6,388,0.053432904183864594,6.329095840454102
6,389,0.154959574341774,3.553025245666504
6,390,0.021217985078692436,4.856925010681152
6,391,0.014122514054179192,0.8376693725585938
6,392,0.28987905383110046,3.903106451034546
6,393,0.10936941206455231,2.003981828689575
6,394,0.02094184048473835,1.9047678709030151
6,395,0.011668846011161804,0.6955575346946716
6,396,0.11634628474712372,1.06485116481781
6,397,0.013533325865864754,2.0381124019622803
6,398,0.09324654936790466,2.0669991970062256
6,399,0.17806465923786163,2.908148765563965
6,400,0.2085936963558197,5.895942211151123
6,401,0.09089620411396027,4.333922863006592
6,402,0.08893359452486038,2.3125908374786377
6,403,0.07609899342060089,1.474942684173584
6,404,0.05982968956232071,2.9651079177856445
6,405,0.17097419500350952,2.545684337615967
6,406,0.20606708526611328,4.9941487312316895
6,407,0.11276803910732269,4.148796081542969
6,408,0.08293204009532928,0.8955748081207275
6,409,0.015193191356956959,0.6269078254699707
6,410,0.027443094179034233,0.796891450881958
6,411,0.11181409657001495,1.917386531829834
6,412,0.06317073851823807,1.7730120420455933
6,413,0.05648873746395111,4.489424228668213
6,414,0.09616376459598541,2.925178289413452
6,415,0.051253367215394974,6.210478782653809
6,416,0.05883077159523964,1.6840418577194214
6,417,0.08828448504209518,7.0197224617004395
6,418,0.03400133177638054,4.736076354980469
6,419,0.024370308965444565,1.5906987190246582
6,420,0.11152557283639908,1.6777232885360718
6,421,0.07136867195367813,2.4394965171813965
6,422,0.05588199198246002,1.306647777557373
6,423,0.02381330169737339,1.1482352018356323
6,424,0.08224941790103912,3.955789566040039
6,425,0.012787453830242157,1.0476758480072021
7,0,0.08750313520431519,2.069310426712036
7,1,0.11961521953344345,1.966859221458435
7,2,0.06385576725006104,3.545830726623535
7,3,0.1290244460105896,2.2946057319641113
7,4,0.052791088819503784,1.954375147819519
7,5,0.0936112329363823,1.8434574604034424
7,6,0.010564406402409077,0.5505686402320862
7,7,0.09875401109457016,0.8429955244064331
7,8,0.15335659682750702,5.0795369148254395
7,9,0.11753026396036148,7.335413455963135
7,10,0.06122293695807457,1.2243962287902832
7,11,0.37983593344688416,13.70285701751709
7,12,0.07142903655767441,1.6271651983261108
7,13,0.10175541043281555,2.936371326446533
7,14,0.016338886693120003,1.1814240217208862
7,15,0.039211418479681015,1.1806013584136963
7,16,0.2315356582403183,4.319771766662598
7,17,0.257514625787735,8.479674339294434
7,18,0.014461261220276356,0.5157405734062195
7,19,0.011273141950368881,0.5621607899665833
7,20,0.02843807265162468,1.127569556236267
7,21,0.020849844440817833,1.446927547454834
7,22,0.014101007953286171,0.7970587611198425
7,23,0.11347076296806335,1.4386851787567139
7,24,0.12087305635213852,4.014570236206055
7,25,0.06310930103063583,1.9874041080474854
7,26,0.09702768921852112,1.0548391342163086
7,27,0.055175598710775375,2.9627344608306885
7,28,0.03186027333140373,0.9008370041847229
7,29,0.11642772704362869,3.3958659172058105
7,30,0.060173388570547104,1.6263840198516846
7,31,0.14566916227340698,4.42144775390625
7,32,0.04473768174648285,1.2513238191604614
7,33,0.10877657681703568,2.3035762310028076
7,34,0.1255681961774826,3.3676700592041016
7,35,0.05210858955979347,1.6012922525405884
7,36,0.29859331250190735,8.438417434692383
7,37,0.03828313946723938,1.6919831037521362
7,38,0.06784643232822418,1.5183285474777222
7,39,0.011230871081352234,0.7669008374214172
7,40,0.01641855575144291,1.1490336656570435
7,41,0.07174166291952133,2.3365628719329834
7,42,0.19064484536647797,2.7326138019561768
7,43,0.18618126213550568,1.9646648168563843
7,44,0.10792601853609085,1.5286632776260376
7,45,0.3684616982936859,9.813047409057617
7,46,0.07229846715927124,1.1994857788085938
7,47,0.08462244272232056,2.446324110031128
7,48,0.11244601756334305,5.119784355163574
7,49,0.12209378927946091,1.290895938873291
7,50,0.012592295184731483,1.1109861135482788
7,51,0.01650490052998066,0.6705859303474426
7,52,0.050151802599430084,1.809731364250183
7,53,0.11235599964857101,10.031755447387695
7,54,0.2629334330558777,2.6896095275878906
7,55,0.06640955805778503,1.6926299333572388
7,56,0.017130518332123756,0.8870235085487366
7,57,0.09577398002147675,1.2845782041549683
7,58,0.03791995719075203,1.4471509456634521
7,59,0.090872623026371,1.7546941041946411
7,60,0.017547981813549995,1.0296156406402588
7,61,0.09123782813549042,1.4356492757797241
7,62,0.04868009686470032,1.767347812652588
7,63,0.25483232736587524,4.298933029174805
7,64,0.07806612551212311,1.9905837774276733
7,65,0.13272887468338013,7.772219181060791
7,66,0.017328500747680664,1.6778688430786133
7,67,0.24175767600536346,6.44020414352417
7,68,0.013828592374920845,0.7947414517402649
7,69,0.0810590460896492,3.0987303256988525
7,70,0.09377336502075195,3.672942876815796
7,71,0.013417338021099567,0.7597735524177551
7,72,0.10449667274951935,7.183408260345459
7,73,0.10927943885326385,16.714811325073242
7,74,0.12519073486328125,4.316162109375
7,75,0.012648792937397957,0.9573562145233154
7,76,0.1209229826927185,12.366422653198242
7,77,0.024945957586169243,1.5013476610183716
7,78,0.0683426633477211,1.8723613023757935
7,79,0.015420797280967236,0.6700994372367859
7,80,0.1501971036195755,2.006800651550293
7,81,0.0219253022223711,0.9912834763526917
7,82,0.10771628469228745,22.32545280456543
7,83,0.07490057498216629,1.720414161682129
7,84,0.08802486956119537,1.834564447402954
7,85,0.01643950492143631,1.2958794832229614
7,86,0.05846952646970749,3.6937808990478516
7,87,0.044104062020778656,8.505889892578125
7,88,0.05700268596410751,0.9336151480674744
7,89,0.17263589799404144,3.424340009689331
7,90,0.1486520618200302,4.863568305969238
7,91,0.011110181920230389,0.5319601893424988
7,92,0.10708507895469666,0.9787523746490479
7,93,0.06335090845823288,3.2046618461608887
7,94,0.15469516813755035,2.274271011352539
7,95,0.020848823711276054,1.0054881572723389
7,96,0.0603349432349205,2.5067906379699707
7,97,0.09979330748319626,8.550125122070312
7,98,0.13379700481891632,3.6002933979034424
7,99,0.07356894761323929,2.5136759281158447
7,100,0.10168744623661041,2.205411195755005
7,101,0.1367085874080658,2.5191142559051514
7,102,0.07343988865613937,2.8573336601257324
7,103,0.06438755244016647,6.919050216674805
7,104,0.08075349032878876,1.3544957637786865
7,105,0.11010349541902542,4.181580543518066
7,106,0.011474632658064365,0.4709307849407196
7,107,0.011085452511906624,0.7756506204605103
7,108,0.019693458452820778,1.3094648122787476
7,109,0.014224853366613388,3.818298816680908
7,110,0.050986334681510925,2.1639697551727295
7,111,0.014416920021176338,0.6416077613830566
7,112,0.0891997367143631,0.8258470296859741
7,113,0.07702000439167023,0.8655271530151367
7,114,0.0525059700012207,1.3789594173431396
7,115,0.078411765396595,18.051969528198242
7,116,0.07520762085914612,1.473228096961975
7,117,0.09719769656658173,0.9125543236732483
7,118,0.08425701409578323,1.7714626789093018
7,119,0.05500279366970062,3.212602138519287
7,120,0.18316391110420227,4.8454203605651855
7,121,0.02350703813135624,1.3320761919021606
7,122,0.07064709067344666,3.0233840942382812
7,123,0.06436413526535034,3.1989269256591797
7,124,0.13253113627433777,6.255958557128906
7,125,0.013015697710216045,1.024039387702942
7,126,0.03345751017332077,7.837521553039551
7,127,0.010234025306999683,0.48573037981987
7,128,0.03506266698241234,13.653603553771973
7,129,0.10213097929954529,1.2884441614151
7,130,0.016853705048561096,0.7798487544059753
7,131,0.04686376079916954,0.7375486493110657
7,132,0.04297890514135361,0.7307348847389221
7,133,0.04372766986489296,1.2653404474258423
7,134,0.10593735426664352,2.768442153930664
7,135,0.04472295939922333,0.8003637790679932
7,136,0.01151652354747057,0.9144171476364136
7,137,0.17099960148334503,5.150932788848877
7,138,0.05268934369087219,1.666846752166748
7,139,0.0624055452644825,3.855562448501587
7,140,0.22635535895824432,3.103867530822754
7,141,0.016356972977519035,2.8727378845214844
7,142,0.19689446687698364,4.942217826843262
7,143,0.01726675219833851,0.8583599925041199
7,144,0.007459157146513462,0.37861382961273193
7,145,0.17287887632846832,3.6061296463012695
7,146,0.028963524848222733,0.6604961156845093
7,147,0.06225750967860222,2.3630127906799316
7,148,0.010005587711930275,0.526682436466217
7,149,0.16117237508296967,3.7568390369415283
7,150,0.1870124489068985,3.5011961460113525
7,151,0.10225553810596466,2.1867406368255615
7,152,0.07824712991714478,2.3111050128936768
7,153,0.09835546463727951,3.1023366451263428
7,154,0.27403202652931213,11.75121784210205
7,155,0.0519554503262043,1.4987987279891968
7,156,0.012990565039217472,0.6845458745956421
7,157,0.08832241594791412,10.095767974853516
7,158,0.19459949433803558,4.2369232177734375
7,159,0.05079709365963936,2.8223114013671875
7,160,0.02937571331858635,0.6753724813461304
7,161,0.07421915978193283,1.8363213539123535
7,162,0.14699816703796387,6.218756198883057
7,163,0.048277173191308975,2.0020782947540283
7,164,0.012658201158046722,1.6763094663619995
7,165,0.13085885345935822,3.112713575363159
7,166,0.0613650344312191,1.9126029014587402
7,167,0.10640718042850494,2.3920209407806396
7,168,0.0370781309902668,1.138607382774353
7,169,0.1312381625175476,3.504432201385498
7,170,0.16531488299369812,5.129873752593994
7,171,0.16573172807693481,4.249684810638428
7,172,0.14903390407562256,6.471526145935059
7,173,0.07465756684541702,0.8644933700561523
7,174,0.18021614849567413,7.716158866882324
7,175,0.0934712141752243,9.742810249328613
7,176,0.021380703896284103,0.5501211881637573
7,177,0.09657933562994003,1.6196898221969604
7,178,0.10293157398700714,1.5047435760498047
7,179,0.009556655772030354,0.6831122636795044
7,180,0.20071928203105927,4.325460433959961
7,181,0.1386742889881134,2.529470920562744
7,182,0.07790946215391159,2.393697738647461
7,183,0.08614467829465866,1.0330125093460083
7,184,0.1092398539185524,4.876183986663818
7,185,0.15685412287712097,2.4054086208343506
7,186,0.011259233579039574,0.699284017086029
7,187,0.09840703010559082,10.278974533081055
7,188,0.0929209440946579,2.1021366119384766
7,189,0.18358522653579712,3.5465707778930664
7,190,0.05892567336559296,2.7314915657043457
7,191,0.01752520725131035,1.2748308181762695
7,192,0.06548500061035156,1.3980448246002197
7,193,0.14147421717643738,1.852249026298523
7,194,0.096244677901268,2.621889114379883
7,195,0.10352574288845062,2.886817455291748
7,196,0.020104486495256424,2.8502345085144043
7,197,0.07998093962669373,4.398006916046143
7,198,0.0936889499425888,2.3809030055999756
7,199,0.1089022308588028,8.01716136932373
7,200,0.0465691015124321,0.859422504901886
7,201,0.1795325130224228,8.487245559692383
7,202,0.03922128677368164,1.67035973072052
7,203,0.07101668417453766,9.72992992401123
7,204,0.1129106655716896,1.4140233993530273
7,205,0.18861058354377747,1.8171964883804321
7,206,0.11200294643640518,2.5268447399139404
7,207,0.0323445200920105,2.755357027053833
7,208,0.0529145710170269,6.828179836273193
7,209,0.10434393584728241,3.174832820892334
7,210,0.09462561458349228,1.8148400783538818
7,211,0.03919905051589012,5.719441890716553
7,212,0.036284029483795166,4.071455478668213
7,213,0.06364323943853378,1.6248568296432495
7,214,0.016342366114258766,1.428558588027954
7,215,0.09069038927555084,6.854719161987305
7,216,0.20137694478034973,5.404623031616211
7,217,0.018277175724506378,1.0031319856643677
7,218,0.08485879004001617,1.3619043827056885
7,219,0.03311246261000633,2.173865795135498
7,220,0.01625349186360836,1.5164382457733154
7,221,0.0365900881588459,1.1108826398849487
7,222,0.17768488824367523,4.771029472351074
7,223,0.18258801102638245,2.0490517616271973
7,224,0.05704829469323158,2.1122312545776367
7,225,0.13230107724666595,3.3268885612487793
7,226,0.04420386254787445,1.0229182243347168
7,227,0.08454687148332596,2.4533348083496094
7,228,0.01425483450293541,0.6552309393882751
7,229,0.17695660889148712,8.072768211364746
7,230,0.18995817005634308,3.1117055416107178
7,231,0.04303937777876854,8.04880428314209
7,232,0.20268961787223816,5.642690658569336
7,233,0.020657867193222046,1.080316424369812
7,234,0.019717581570148468,1.5189225673675537
7,235,0.07077222317457199,1.411136507987976
7,236,0.04090991988778114,0.8226017355918884
7,237,0.017034636810421944,1.4537849426269531
7,238,0.015351352281868458,0.9400907754898071
7,239,0.06748644262552261,1.4875143766403198
7,240,0.04407557100057602,1.8723349571228027
7,241,0.06067129224538803,1.1366652250289917
7,242,0.07311464101076126,1.8712177276611328
7,243,0.05502903461456299,2.1259355545043945
7,244,0.09592372179031372,4.324941635131836
7,245,0.03847525641322136,2.06307315826416
7,246,0.20329850912094116,3.6478464603424072
7,247,0.012540881521999836,1.3847551345825195
7,248,0.18480592966079712,4.013303756713867
7,249,0.09617089480161667,1.7843165397644043
7,250,0.1141287311911583,1.213462471961975
7,251,0.09995821863412857,2.3983333110809326
7,252,0.010091301053762436,0.623735785484314
7,253,0.1118571013212204,2.241814374923706
7,254,0.09888917952775955,6.1734819412231445
7,255,0.07869182527065277,3.3496170043945312
7,256,0.062447696924209595,1.5238335132598877
7,257,0.01573985256254673,0.878137469291687
7,258,0.10326054692268372,4.310290813446045
7,259,0.031647827476263046,5.50851583480835
7,260,0.05092422291636467,2.2319729328155518
7,261,0.011338988319039345,0.5470710396766663
7,262,0.15027090907096863,2.5986392498016357
7,263,0.10488824546337128,3.5514795780181885
7,264,0.17107902467250824,4.342739582061768
7,265,0.011093438602983952,0.5373185276985168
7,266,0.06830152869224548,1.84750497341156
7,267,0.14700016379356384,4.470738410949707
7,268,0.013578606769442558,0.8949730396270752
7,269,0.06107473000884056,1.490351915359497
7,270,0.01581621542572975,0.8778148889541626
7,271,0.08951890468597412,2.024386405944824
7,272,0.016255563125014305,0.912553608417511
7,273,0.016023734584450722,0.7889775633811951
7,274,0.046761032193899155,11.1470308303833
7,275,0.020386356860399246,14.70734691619873
7,276,0.2360583394765854,10.171154975891113
7,277,0.07959549129009247,4.471724510192871
7,278,0.21049833297729492,2.3658556938171387
7,279,0.24000874161720276,6.2153143882751465
7,280,0.17576444149017334,2.4451167583465576
7,281,0.05019660294055939,9.030405044555664
7,282,0.11534193158149719,3.3609228134155273
7,283,0.15572024881839752,4.168916702270508
7,284,0.13343872129917145,7.204592227935791
7,285,0.08128122240304947,7.936981201171875
7,286,0.03224050998687744,6.122827053070068
7,287,0.023148931562900543,1.2992016077041626
7,288,0.08134303241968155,1.6145684719085693
7,289,0.018804430961608887,0.9682527780532837
7,290,0.010866805911064148,0.725010097026825
7,291,0.0826108381152153,1.8113070726394653
7,292,0.16933573782444,0.9921623468399048
7,293,0.09598124772310257,2.4900705814361572
7,294,0.11330701410770416,2.8101418018341064
7,295,0.06280175596475601,1.298433542251587
7,296,0.10744715481996536,12.624476432800293
7,297,0.03777170553803444,1.3118982315063477
7,298,0.08695967495441437,1.0525305271148682
7,299,0.013838269747793674,0.7001409530639648
7,300,0.020211130380630493,1.5387684106826782
7,301,0.04696277529001236,1.5009994506835938
7,302,0.1355893462896347,5.468585014343262
7,303,0.09982895851135254,3.5830559730529785
7,304,0.011513831093907356,0.6518844962120056
7,305,0.08260829001665115,1.050779938697815
7,306,0.04421880468726158,2.941580295562744
7,307,0.0613008514046669,1.491672158241272
7,308,0.03928426653146744,2.1658685207366943
7,309,0.14643093943595886,3.8069751262664795
7,310,0.10956135392189026,5.348239421844482
7,311,0.040946561843156815,4.686059951782227
7,312,0.04182039946317673,0.7194896340370178
7,313,0.12156162410974503,1.6221871376037598
7,314,0.11475376784801483,4.070065021514893
7,315,0.042949967086315155,1.035632848739624
7,316,0.016824418678879738,1.0965802669525146
7,317,0.1584821343421936,3.206566095352173
7,318,0.17585642635822296,2.6361355781555176
7,319,0.012320045381784439,0.8088938593864441
7,320,0.0728670060634613,1.4877448081970215
7,321,0.02352703921496868,3.270390748977661
7,322,0.16283637285232544,7.017131805419922
7,323,0.13267654180526733,15.3457670211792
7,324,0.12247476726770401,5.186385631561279
7,325,0.08997054398059845,6.4847283363342285
7,326,0.06567049026489258,4.007400035858154
7,327,0.07750169187784195,2.222666025161743
7,328,0.14759385585784912,3.9376468658447266
7,329,0.01252915058284998,0.6787893176078796
7,330,0.08730735629796982,1.9718079566955566
7,331,0.22185449302196503,4.89214563369751
7,332,0.07431287318468094,4.770079612731934
7,333,0.14006876945495605,3.303562879562378
7,334,0.018521979451179504,1.2606239318847656
7,335,0.07726891338825226,1.299777626991272
7,336,0.16114327311515808,1.8721569776535034
7,337,0.05963895097374916,2.4631166458129883
7,338,0.09439561516046524,1.5589288473129272
7,339,0.15426747500896454,2.9792661666870117
7,340,0.08087150752544403,1.7909821271896362
7,341,0.16336075961589813,1.7367298603057861
7,342,0.09345812350511551,3.023540735244751
7,343,0.024639638140797615,1.4407826662063599
7,344,0.01614890806376934,0.7873510718345642
7,345,0.1537153571844101,3.957960844039917
7,346,0.04758481681346893,0.772376537322998
7,347,0.05204925686120987,1.2501535415649414
7,348,0.05439094081521034,6.395423889160156
7,349,0.07276569306850433,0.9471242427825928
7,350,0.2623605728149414,3.2763919830322266
7,351,0.06302208453416824,1.6413681507110596
7,352,0.04941257834434509,1.072252631187439
7,353,0.02126421220600605,1.0766807794570923
7,354,0.0929761752486229,5.405449867248535
7,355,0.10137339681386948,4.360588550567627
7,356,0.11225095391273499,11.166609764099121
7,357,0.26942721009254456,7.264461040496826
7,358,0.16647058725357056,3.6296801567077637
7,359,0.0500156506896019,1.7953139543533325
7,360,0.05047975108027458,1.2496718168258667
7,361,0.03251298889517784,1.3299298286437988
7,362,0.010714258998632431,0.45698899030685425
7,363,0.1117512583732605,1.7369111776351929
7,364,0.0813499316573143,2.7980451583862305
7,365,0.06457590311765671,2.0712153911590576
7,366,0.0773191750049591,9.853849411010742
7,367,0.21495428681373596,6.250452995300293
7,368,0.19535750150680542,4.845595359802246
7,369,0.06980303674936295,3.2993414402008057
7,370,0.011836263351142406,0.9479008913040161
7,371,0.1740049421787262,5.871373176574707
7,372,0.05879591777920723,1.1863571405410767
7,373,0.024842118844389915,2.052626132965088
7,374,0.2043161392211914,1.9567002058029175
7,375,0.16077208518981934,1.2792904376983643
7,376,0.012104013003408909,0.6121814846992493
7,377,0.09901366382837296,1.9540462493896484
7,378,0.0791168361902237,1.7346856594085693
7,379,0.06756267696619034,3.367860794067383
7,380,0.025886036455631256,0.7478874325752258
7,381,0.2165004312992096,3.77721905708313
7,382,0.019920632243156433,1.0026183128356934
7,383,0.08514483273029327,3.4521846771240234
7,384,0.08635199069976807,2.8831067085266113
7,385,0.12151647359132767,4.823214530944824
7,386,0.03652435541152954,0.8469679951667786
7,387,0.01411385927349329,0.8047821521759033
7,388,0.15051938593387604,5.663796901702881
7,389,0.17809714376926422,1.3254115581512451
7,390,0.22246794402599335,5.440877914428711
7,391,0.07762808352708817,1.6685359477996826
7,392,0.20288856327533722,5.330727577209473
7,393,0.13117806613445282,5.164721965789795
7,394,0.10701106488704681,0.8376946449279785
7,395,0.14103767275810242,3.5647711753845215
7,396,0.08353272825479507,1.9672707319259644
7,397,0.015283000655472279,2.798624277114868
7,398,0.07397343963384628,11.563833236694336
7,399,0.01822376437485218,1.3170342445373535
7,400,0.019319968298077583,1.073401689529419
7,401,0.09238137304782867,3.749877452850342
7,402,0.13750141859054565,2.5292534828186035
7,403,0.11745654791593552,2.5033044815063477
7,404,0.03416069597005844,0.9825459718704224
7,405,0.0764479711651802,2.837454319000244
7,406,0.1251688450574875,5.1504034996032715
7,407,0.14164580404758453,1.61159086227417
7,408,0.018664531409740448,1.6294023990631104
7,409,0.014127947390079498,0.6563330292701721
7,410,0.018817078322172165,0.8167164325714111
7,411,0.03288284316658974,5.5127739906311035
7,412,0.026527419686317444,1.8394672870635986
7,413,0.03030579164624214,2.2089250087738037
7,414,0.016617558896541595,0.8077527284622192
7,415,0.016149474307894707,1.0926963090896606
7,416,0.01116546243429184,0.6366049647331238
7,417,0.022036366164684296,1.264816403388977
7,418,0.0491793155670166,1.141980767250061
7,419,0.15251930058002472,7.898929595947266
7,420,0.029300127178430557,15.40228271484375
7,421,0.04062863066792488,2.40657114982605
7,422,0.014101594686508179,0.723351001739502
7,423,0.16467446088790894,1.4478648900985718
7,424,0.07712750881910324,0.8828597068786621
7,425,0.013815127313137054,0.6235479712486267
8,0,0.009853797033429146,0.6168065071105957
8,1,0.009992538951337337,0.6545897126197815
8,2,0.008680167607963085,0.338114857673645
8,3,0.04584086686372757,1.4902604818344116
8,4,0.03915862739086151,0.9987710118293762
8,5,0.18433471024036407,17.267189025878906
8,6,0.010581126436591148,0.7560527324676514
8,7,0.007947717793285847,0.5452271103858948
8,8,0.04496268928050995,1.7278605699539185
8,9,0.04716076701879501,1.1161866188049316
8,10,0.025082988664507866,4.746094226837158
8,11,0.04440854489803314,1.1960694789886475
8,12,0.132472962141037,5.754247188568115
8,13,0.10724540054798126,3.1633801460266113
8,14,0.017115330323576927,1.1808019876480103
8,15,0.00957279559224844,0.4742569029331207
8,16,0.014888438396155834,0.7831850051879883
8,17,0.014015909284353256,0.673762857913971
8,18,0.010796022601425648,0.46434593200683594
8,19,0.13283222913742065,2.1621968746185303
8,20,0.015116279013454914,0.8095274567604065
8,21,0.008474793285131454,0.45053353905677795
8,22,0.08247222751379013,3.5662431716918945
8,23,0.011821930296719074,0.48707911372184753
8,24,0.04995841532945633,1.0607579946517944
8,25,0.17539598047733307,1.382110834121704
8,26,0.0897580161690712,1.325950264930725
8,27,0.04866770654916763,1.653255820274353
8,28,0.1037023738026619,4.058547019958496
8,29,0.04496653005480766,1.1383733749389648
8,30,0.018968285992741585,1.7994900941848755
8,31,0.1598012000322342,2.714033842086792
8,32,0.20671828091144562,3.1641764640808105
8,33,0.04955657571554184,0.9287903904914856
8,34,0.10534434020519257,1.0986515283584595
8,35,0.0714445412158966,1.725948452949524
8,36,0.043721284717321396,1.1018407344818115
8,37,0.07112452387809753,1.8592890501022339
8,38,0.43422752618789673,4.7097296714782715
8,39,0.1831866353750229,5.791911602020264
8,40,0.07409930974245071,2.0199179649353027
8,41,0.14885099232196808,3.717036724090576
8,42,0.01328813936561346,0.4706075191497803
8,43,0.01787901110947132,2.809723377227783
8,44,0.04585089161992073,2.404655694961548
8,45,0.09146181493997574,6.8359551429748535
8,46,0.015133127570152283,0.6571497321128845
8,47,0.025888077914714813,4.837274074554443
8,48,0.017239229753613472,2.381375312805176
8,49,0.10135293006896973,1.826623558998108
8,50,0.12845654785633087,2.7136342525482178
8,51,0.1202487125992775,1.5425935983657837
8,52,0.03810220584273338,2.461674213409424
8,53,0.011969152837991714,0.5989625453948975
8,54,0.055483534932136536,5.138233184814453
8,55,0.13090085983276367,1.9985510110855103
8,56,0.016106542199850082,0.6052241325378418
8,57,0.12174223363399506,3.201084613800049
8,58,0.03291482850909233,0.7554663419723511
8,59,0.3536731004714966,4.612133026123047
8,60,0.028978848829865456,1.0344552993774414
8,61,0.034169673919677734,1.3753674030303955
8,62,0.06654772162437439,2.5451087951660156
8,63,0.3173312842845917,10.296838760375977
8,64,0.18034270405769348,3.708738088607788
8,65,0.0902915820479393,2.642899513244629
8,66,0.11165918409824371,1.596548318862915
8,67,0.012671010568737984,0.9938622117042542
8,68,0.03424382582306862,2.3511815071105957
8,69,0.11385992914438248,1.9412003755569458
8,70,0.17697158455848694,3.3626670837402344
8,71,0.01610252633690834,2.009641408920288
8,72,0.09751983731985092,3.1730093955993652
8,73,0.052457354962825775,0.5591585040092468
8,74,0.09703093767166138,1.2194875478744507
8,75,0.04096852242946625,1.0914583206176758
8,76,0.0699089765548706,4.605461597442627
8,77,0.07728516310453415,2.8540077209472656
8,78,0.0572279617190361,15.246809959411621
8,79,0.08520866185426712,1.807763695716858
8,80,0.16678132116794586,1.581932783126831
8,81,0.16608375310897827,5.404497146606445
8,82,0.017880212515592575,1.6217689514160156
8,83,0.010228287428617477,0.5372889041900635
8,84,0.19728460907936096,2.2984015941619873
8,85,0.048207882791757584,1.2169361114501953
8,86,0.01667916215956211,3.1980087757110596
8,87,0.05482664331793785,5.168971061706543
8,88,0.07255440205335617,3.9638524055480957
8,89,0.032395992428064346,6.105314254760742
8,90,0.04780801385641098,1.8030190467834473
8,91,0.0253522340208292,1.7947216033935547
8,92,0.04074288159608841,2.711919069290161
8,93,0.23733855783939362,4.53817892074585
8,94,0.06176899001002312,2.874640464782715
8,95,0.02228602208197117,1.1189680099487305
8,96,0.04113415256142616,0.9312795400619507
8,97,0.014349782839417458,0.6797369122505188
8,98,0.011723849922418594,1.9198795557022095
8,99,0.236190065741539,4.9830002784729
8,100,0.10328756272792816,1.4196563959121704
8,101,0.09441857784986496,1.004106044769287
8,102,0.06323502212762833,0.914336085319519
8,103,0.08454759418964386,1.5923113822937012
8,104,0.09565678238868713,1.5047558546066284
8,105,0.04376492649316788,0.9758413434028625
8,106,0.030364148318767548,12.8893404006958
8,107,0.025869864970445633,0.6106522679328918
8,108,0.02271692454814911,0.5129497051239014
8,109,0.01689836010336876,1.0948796272277832
8,110,0.06374611705541611,1.7677077054977417
8,111,0.1846609264612198,4.351594924926758
8,112,0.02619020640850067,2.591822862625122
8,113,0.12668202817440033,3.0295581817626953
8,114,0.017249837517738342,1.8131179809570312
8,115,0.02317778393626213,0.8168187737464905
8,116,0.018810831010341644,1.3139550685882568
8,117,0.08635500818490982,2.7272067070007324
8,118,0.09171579778194427,1.4019889831542969
8,119,0.0561041459441185,2.876444101333618
8,120,0.0791044607758522,1.6638550758361816
8,121,0.010385822504758835,0.8796627521514893
8,122,0.05048682540655136,4.839940071105957
8,123,0.046979714184999466,0.7989202737808228
8,124,0.06831378489732742,3.625356674194336
8,125,0.09963839501142502,1.8806737661361694
8,126,0.0776573121547699,1.2593798637390137
8,127,0.014508399181067944,0.6856852173805237
8,128,0.10149034857749939,5.1361565589904785
8,129,0.01069379597902298,0.38368457555770874
8,130,0.05062149092555046,1.5687752962112427
8,131,0.26983174681663513,4.495479106903076
8,132,0.09425456076860428,1.8677637577056885
8,133,0.009948157705366611,0.5102603435516357
8,134,0.011550379917025566,0.5227757692337036
8,135,0.042709607630968094,1.6341298818588257
8,136,0.10918978601694107,3.556509256362915
8,137,0.020343167707324028,3.416714906692505
8,138,0.07245809584856033,2.459872007369995
8,139,0.10358036309480667,1.6698732376098633
8,140,0.04301106184720993,0.8229155540466309
8,141,0.08026046305894852,1.522119164466858
8,142,0.07402642071247101,1.5608090162277222
8,143,0.18693383038043976,4.775381088256836
8,144,0.13010743260383606,2.982226610183716
8,145,0.013984834775328636,0.5315566062927246
8,146,0.16114398837089539,4.451144695281982
8,147,0.011553555727005005,0.6369390487670898
8,148,0.09485386312007904,2.677926778793335
8,149,0.010746297426521778,0.6300022602081299
8,150,0.10085688531398773,3.15578031539917
8,151,0.1301039308309555,4.388167858123779
8,152,0.08425198495388031,0.797011137008667
8,153,0.1755983531475067,4.780824184417725
8,154,0.06568098813295364,3.9295995235443115
8,155,0.12244565039873123,4.025539875030518
8,156,0.24357952177524567,5.348789691925049
8,157,0.08088693767786026,3.3382484912872314
8,158,0.09549962729215622,3.0505216121673584
8,159,0.020405322313308716,1.0110632181167603
8,160,0.2193482518196106,3.4300334453582764
8,161,0.03926624730229378,8.800077438354492
8,162,0.012984808534383774,0.8544051051139832
8,163,0.07508217543363571,4.04044771194458
8,164,0.024034669622778893,5.694259166717529
8,165,0.020565589889883995,1.165374755859375
8,166,0.02573949471116066,2.8401432037353516
8,167,0.11194983124732971,1.7421447038650513
8,168,0.10660550743341446,1.3510775566101074
8,169,0.14522908627986908,3.0616424083709717
8,170,0.3675262928009033,7.36850643157959
8,171,0.013153335079550743,0.6381915807723999
8,172,0.13933390378952026,4.17564582824707
8,173,0.011421218514442444,0.6147828102111816
8,174,0.1268257200717926,2.7909598350524902
8,175,0.043612461537122726,1.4312137365341187
8,176,0.140522763133049,2.5737831592559814
8,177,0.10938586294651031,18.719532012939453
8,178,0.11576743423938751,4.671157360076904
8,179,0.1199820339679718,4.3618268966674805
8,180,0.01292459387332201,1.1386274099349976
8,181,0.09358643740415573,2.3786063194274902
8,182,0.076633520424366,1.5944414138793945
8,183,0.13026568293571472,12.713164329528809
8,184,0.038104064762592316,2.3841824531555176
8,185,0.03554855287075043,0.687467098236084
8,186,0.13884273171424866,3.005300283432007
8,187,0.06834881752729416,1.7304999828338623
8,188,0.05815993621945381,3.5707521438598633
8,189,0.11677964776754379,1.934658169746399
8,190,0.12304676324129105,2.462355136871338
8,191,0.11990050226449966,4.433004856109619
8,192,0.15156397223472595,3.296581268310547
8,193,0.2296713888645172,3.642615556716919
8,194,0.03314424306154251,1.2497951984405518
8,195,0.023762144148349762,4.898875713348389
8,196,0.2069188803434372,8.66535472869873
8,197,0.08931297808885574,1.4569973945617676
8,198,0.03665761277079582,4.325394630432129
8,199,0.21124373376369476,6.487552165985107
8,200,0.024025777354836464,0.6712764501571655
8,201,0.08372712135314941,3.167912721633911
8,202,0.2651423215866089,4.559847354888916
8,203,0.10157781839370728,4.379724025726318
8,204,0.11402450501918793,2.6380012035369873
8,205,0.0782591924071312,2.714449167251587
8,206,0.014844055287539959,1.49019455909729
8,207,0.05107130855321884,6.16915225982666
8,208,0.10691598802804947,6.517184734344482
8,209,0.11802782118320465,7.081147193908691
8,210,0.1857280731201172,4.121511459350586
8,211,0.021098678931593895,1.34914231300354
8,212,0.15338897705078125,5.430655002593994
8,213,0.05434705317020416,2.081782579421997
8,214,0.014610745944082737,1.0912010669708252
8,215,0.027987278997898102,1.8434077501296997
8,216,0.2896007299423218,6.8685526847839355
8,217,0.04360788315534592,2.2786571979522705
8,218,0.08731736987829208,1.928507685661316
8,219,0.012069820426404476,0.7128039598464966
8,220,0.09473881870508194,2.67598295211792
8,221,0.1345040500164032,7.775689601898193
8,222,0.11634384840726852,4.706262111663818
8,223,0.043414387851953506,3.7460124492645264
8,224,0.3264903426170349,6.310514450073242
8,225,0.02233503945171833,3.8436312675476074
8,226,0.12966178357601166,1.1910356283187866
8,227,0.013037169352173805,2.1352319717407227
8,228,0.13382700085639954,3.719170331954956
8,229,0.042534224689006805,1.9310953617095947
8,230,0.20387384295463562,3.1572039127349854
8,231,0.015020808205008507,3.346752166748047
8,232,0.11063544452190399,8.87455940246582
8,233,0.022309575229883194,2.3123998641967773
8,234,0.12466860562562943,1.0812734365463257
8,235,0.06167968735098839,5.541700839996338
8,236,0.11139371991157532,3.0821444988250732
8,237,0.019739143550395966,1.0828633308410645
8,238,0.05153316631913185,4.5642571449279785
8,239,0.03328777477145195,1.6528798341751099
8,240,0.030627306550741196,2.947277069091797
8,241,0.3027245104312897,6.163029670715332
8,242,0.015206120908260345,1.015204668045044
8,243,0.021109817549586296,1.8379091024398804
8,244,0.18835079669952393,13.437663078308105
8,245,0.08436135947704315,1.1620701551437378
8,246,0.2948830723762512,4.825875282287598
8,247,0.00985653605312109,0.6341772675514221
8,248,0.022146431729197502,1.8005234003067017
8,249,0.1591084748506546,3.5943245887756348
8,250,0.13760346174240112,2.749987840652466
8,251,0.09410344809293747,2.0507781505584717
8,252,0.014092267490923405,1.5820666551589966
8,253,0.06538806110620499,2.2230947017669678
8,254,0.1045813262462616,4.040322303771973
8,255,0.15203408896923065,3.552485227584839
8,256,0.05991830304265022,1.1629693508148193
8,257,0.04629935324192047,1.9792358875274658
8,258,0.017579294741153717,1.1855511665344238
8,259,0.07480403780937195,2.398745059967041
8,260,0.02090601995587349,1.2865517139434814
8,261,0.024930335581302643,0.7668655514717102
8,262,0.019904591143131256,2.8949363231658936
8,263,0.13055559992790222,1.1469544172286987
8,264,0.06006953865289688,2.205308198928833
8,265,0.08489549905061722,2.7343883514404297
8,266,0.036398328840732574,1.7079612016677856
8,267,0.049542006105184555,34.51761245727539
8,268,0.019283900037407875,5.301522731781006
8,269,0.0377323143184185,1.0347827672958374
8,270,0.030243586748838425,5.404334545135498
8,271,0.1541549265384674,2.5168700218200684
8,272,0.11132960021495819,1.3989207744598389
8,273,0.14745524525642395,9.588606834411621
8,274,0.08742117881774902,4.539721965789795
8,275,0.1324186623096466,5.01353645324707
8,276,0.11873982846736908,1.2646284103393555
8,277,0.049515943974256516,1.8457447290420532
8,278,0.2108149379491806,1.9489294290542603
8,279,0.03235135227441788,2.2333428859710693
8,280,0.046773526817560196,1.561453938484192
8,281,0.05453847721219063,6.776544570922852
8,282,0.0563882477581501,1.1421802043914795
8,283,0.01815256103873253,1.8291268348693848
8,284,0.043271202594041824,1.7310324907302856
8,285,0.06595270335674286,1.5637028217315674
8,286,0.007946389727294445,0.3787321448326111
8,287,0.1381741762161255,7.232987403869629
8,288,0.09113733470439911,1.1251593828201294
8,289,0.05324516445398331,1.5595816373825073
8,290,0.1342785358428955,4.74564790725708
8,291,0.01025424525141716,0.5978979468345642
8,292,0.11199420690536499,5.720166206359863
8,293,0.024736136198043823,0.6472163200378418
8,294,0.10759352892637253,1.863272786140442
8,295,0.14495396614074707,5.606614112854004
8,296,0.00711168022826314,0.4891969859600067
8,297,0.10793329775333405,8.841104507446289
8,298,0.01612715981900692,1.1548024415969849
8,299,0.23899206519126892,8.528162002563477
8,300,0.012951362878084183,1.4002017974853516
8,301,0.02289140783250332,1.059597134590149
8,302,0.1380942165851593,3.2613682746887207
8,303,0.009128659032285213,0.4294544756412506
8,304,0.09591402113437653,1.668540120124817
8,305,0.08921772241592407,4.226613521575928
8,306,0.073614202439785,1.3454880714416504
8,307,0.022478196769952774,1.8604841232299805
8,308,0.044123969972133636,2.365413188934326
8,309,0.011307244189083576,0.7308692336082458
8,310,0.15284833312034607,10.517487525939941
8,311,0.13533607125282288,4.337464332580566
8,312,0.01610700972378254,2.340333938598633
8,313,0.06467831879854202,4.008101940155029
8,314,0.08695585280656815,1.1419026851654053
8,315,0.053451914340257645,5.3395256996154785
8,316,0.22935515642166138,6.440680027008057
8,317,0.12378030270338058,2.882614850997925
8,318,0.11546743661165237,4.97690486907959
8,319,0.00930489506572485,0.5566625595092773
8,320,0.016761494800448418,0.6559206247329712
8,321,0.08603452146053314,2.214587926864624
8,322,0.01827996037900448,0.716578483581543
8,323,0.14434973895549774,3.669600486755371
8,324,0.01953447237610817,1.0993070602416992
8,325,0.1160227507352829,2.9051806926727295
8,326,0.009009970352053642,0.48612985014915466
8,327,0.058390263468027115,1.6517969369888306
8,328,0.0400296226143837,1.3826401233673096
8,329,0.33159923553466797,8.077990531921387
8,330,0.1229531466960907,4.214670181274414
8,331,0.10289712250232697,2.612665891647339
8,332,0.12893368303775787,4.050158500671387
8,333,0.10501602292060852,1.791544795036316
8,334,0.052878640592098236,2.311056137084961
8,335,0.09502793848514557,1.3646537065505981
8,336,0.10957768559455872,2.6666970252990723
8,337,0.020042438060045242,1.5822253227233887
8,338,0.13776163756847382,8.487139701843262
8,339,0.2681986689567566,4.2746052742004395
8,340,0.011955414898693562,0.558003306388855
8,341,0.3051476776599884,4.636765956878662
8,342,0.011132792569696903,0.5484907627105713
8,343,0.19119730591773987,6.787956237792969
8,344,0.1545765995979309,4.921444416046143
8,345,0.06565221399068832,1.6917225122451782
8,346,0.16761884093284607,2.4139394760131836
8,347,0.01178944855928421,0.436435729265213
8,348,0.0350438691675663,4.318336009979248
8,349,0.014071593061089516,1.1318343877792358
8,350,0.07290207594633102,1.6940042972564697
8,351,0.08199086785316467,2.4053056240081787
8,352,0.014100310392677784,0.8064424991607666
8,353,0.016013439744710922,1.1984261274337769
8,354,0.06716867536306381,6.87127161026001
8,355,0.013748032040894032,0.9882317781448364
8,356,0.07570326328277588,1.3253874778747559
8,357,0.020420458167791367,2.2483060359954834
8,358,0.13306982815265656,4.355397701263428
8,359,0.013947207480669022,1.832828402519226
8,360,0.03437255322933197,2.2167248725891113
8,361,0.014804244041442871,0.8337458372116089
8,362,0.013884002342820168,3.3623757362365723
8,363,0.17329907417297363,3.409756898880005
8,364,0.09112256020307541,1.2051396369934082
8,365,0.07339157909154892,3.9282596111297607
8,366,0.12543228268623352,2.6411361694335938
8,367,0.10330156236886978,4.509098052978516
8,368,0.009523025713860989,0.5579128265380859
8,369,0.11944364756345749,4.117298603057861
8,370,0.04217921197414398,9.05435848236084
8,371,0.14463651180267334,2.698585033416748
8,372,0.10752761363983154,2.2864954471588135
8,373,0.1850476861000061,2.886795997619629
8,374,0.08342482149600983,4.154799461364746
8,375,0.013323319144546986,0.8038191199302673
8,376,0.07999585568904877,1.5283403396606445
8,377,0.037493668496608734,2.568598747253418
8,378,0.08904095739126205,6.866799831390381
8,379,0.07470882683992386,4.620551586151123
8,380,0.11744081228971481,7.491093635559082
8,381,0.019843684509396553,1.010873794555664
8,382,0.24697482585906982,8.890534400939941
8,383,0.13960447907447815,3.8245818614959717
8,384,0.10995709896087646,5.0837907791137695
8,385,0.15780667960643768,3.2786970138549805
8,386,0.053495362401008606,1.6435656547546387
8,387,0.016114765778183937,1.0417394638061523
8,388,0.18640148639678955,7.598419666290283
8,389,0.08215523511171341,12.044261932373047
8,390,0.2649872899055481,3.9279332160949707
8,391,0.015239762142300606,1.8472745418548584
8,392,0.13612377643585205,1.684931755065918
8,393,0.02341046743094921,5.734190464019775
8,394,0.2528415620326996,8.507172584533691
8,395,0.10071663558483124,1.534700632095337
8,396,0.20830629765987396,7.858882904052734
8,397,0.017328565940260887,3.4164655208587646
8,398,0.009461271576583385,0.5766105055809021
8,399,0.05261647328734398,3.459698438644409
8,400,0.10148874670267105,0.9147918820381165
8,401,0.08833684027194977,7.125122547149658
8,402,0.07372189313173294,3.1397294998168945
8,403,0.11887262016534805,2.935014486312866
8,404,0.044319309294223785,1.2337989807128906
8,405,0.015706777572631836,1.4542872905731201
8,406,0.06952325254678726,1.0320428609848022
8,407,0.042576778680086136,1.1198114156723022
8,408,0.018150385469198227,1.5614787340164185
8,409,0.06600025296211243,2.480435609817505
8,410,0.1274345964193344,5.791543960571289
8,411,0.10375630110502243,5.712187767028809
8,412,0.018097883090376854,2.69022274017334
8,413,0.12333989888429642,2.1044440269470215
8,414,0.010487394407391548,1.258988857269287
8,415,0.1535937637090683,1.8069158792495728
8,416,0.00909008365124464,0.4788975119590759
8,417,0.2035185992717743,7.774336814880371
8,418,0.11719099432229996,4.850109577178955
8,419,0.13962873816490173,3.713773250579834
8,420,0.07780434936285019,3.9226932525634766
8,421,0.031685519963502884,1.9977558851242065
8,422,0.1428184062242508,4.095495223999023
8,423,0.012077175080776215,0.7479122877120972
8,424,0.0347677618265152,3.113206624984741
8,425,0.01175136212259531,0.5149582028388977
9,0,0.18470095098018646,7.424596309661865
9,1,0.25487732887268066,13.277146339416504
9,2,0.019134072586894035,0.962956428527832
9,3,0.030291438102722168,14.411477088928223
9,4,0.025196749716997147,1.0950989723205566
9,5,0.05636584758758545,1.892356038093567
9,6,0.1776427924633026,20.80526351928711
9,7,0.1358456015586853,1.4110727310180664
9,8,0.17491471767425537,4.082215785980225
9,9,0.13102196156978607,4.240156173706055
9,10,0.07570217549800873,4.235260009765625
9,11,0.0714644268155098,12.515149116516113
9,12,0.06312638521194458,3.427875518798828
9,13,0.06563756614923477,2.5387845039367676
9,14,0.0553583987057209,1.7745600938796997
9,15,0.053115714341402054,0.7271016836166382
9,16,0.11501932144165039,1.1171555519104004
9,17,0.07816328853368759,1.503661870956421
9,18,0.022973863407969475,1.6732711791992188
9,19,0.10533430427312851,1.0859558582305908
9,20,0.03385864943265915,0.7903648018836975
9,21,0.11996157467365265,3.26948881149292
9,22,0.06713206321001053,3.9173636436462402
9,23,0.16309119760990143,2.059312105178833
9,24,0.07504063844680786,3.1389167308807373
9,25,0.012230277061462402,1.0866804122924805
9,26,0.10744423419237137,1.7367322444915771
9,27,0.011729581281542778,1.5858556032180786
9,28,0.09431042522192001,2.702202320098877
9,29,0.07049567997455597,1.4200420379638672
9,30,0.15699464082717896,2.460146903991699
9,31,0.1026310920715332,6.1881937980651855
9,32,0.034005653113126755,1.2465487718582153
9,33,0.07264991104602814,1.8007111549377441
9,34,0.07933621853590012,1.056648850440979
9,35,0.013959735631942749,0.7269946336746216
9,36,0.09709760546684265,1.1095212697982788
9,37,0.11382748186588287,1.6339435577392578
9,38,0.016483023762702942,0.5365747213363647
9,39,0.05641412362456322,1.1839239597320557
9,40,0.06083684414625168,5.490316867828369
9,41,0.08600960671901703,6.2606706619262695
9,42,0.28925397992134094,5.289981842041016
9,43,0.20813395082950592,3.9946978092193604
9,44,0.05720701068639755,2.9057867527008057
9,45,0.029638076201081276,1.4094972610473633
9,46,0.05335487052798271,2.161100149154663
9,47,0.07658939063549042,6.146285057067871
9,48,0.06345999240875244,0.5609506368637085
9,49,0.020054947584867477,2.243060827255249
9,50,0.011332441121339798,0.7415434718132019
9,51,0.05596237629652023,2.6958794593811035
9,52,0.010480593889951706,0.5877935290336609
9,53,0.11281190067529678,3.0766053199768066
9,54,0.01372337806969881,1.3361307382583618
9,55,0.14396065473556519,2.0138232707977295
9,56,0.07197894901037216,1.3412240743637085
9,57,0.07968175411224365,2.5183348655700684
9,58,0.13277249038219452,2.5111725330352783
9,59,0.08011652529239655,1.8228304386138916
9,60,0.03214940428733826,1.0871466398239136
9,61,0.07909414917230606,5.363473892211914
9,62,0.2792656123638153,3.8071253299713135
9,63,0.035938434302806854,1.1091662645339966
9,64,0.025644950568675995,0.789369523525238
9,65,0.08368459343910217,0.9764412045478821
9,66,0.10001558065414429,1.4399080276489258
9,67,0.11114852875471115,4.275988578796387
9,68,0.15619581937789917,5.310964584350586
9,69,0.12595781683921814,1.5008618831634521
9,70,0.06266075372695923,2.881511688232422
9,71,0.1631477326154709,2.63444447517395
9,72,0.06533535569906235,2.0823142528533936
9,73,0.13752418756484985,0.7090024352073669
9,74,0.043892450630664825,2.521106481552124
9,75,0.043561555445194244,1.7135761976242065
9,76,0.014747090637683868,1.5144081115722656
9,77,0.016434604302048683,1.7927634716033936
9,78,0.08222483843564987,1.218497633934021
9,79,0.013443498872220516,0.673832893371582
9,80,0.1325603574514389,6.149253845214844
9,81,0.06007929518818855,3.6334216594696045
9,82,0.09156335145235062,1.4175454378128052
9,83,0.11457008123397827,3.310887336730957
9,84,0.014455080032348633,1.2370988130569458
9,85,0.15660497546195984,12.185994148254395
9,86,0.009344528429210186,0.4561091959476471
9,87,0.12275249511003494,1.0821902751922607
9,88,0.011551222763955593,0.644189178943634
9,89,0.10308710485696793,3.3179616928100586
9,90,0.09679903090000153,9.764025688171387
9,91,0.05354619026184082,1.588756799697876
9,92,0.14475896954536438,2.9371039867401123
9,93,0.11371657252311707,2.504511594772339
9,94,0.11397744715213776,3.8421926498413086
9,95,0.03526763990521431,1.0363237857818604
9,96,0.029452722519636154,0.6309893727302551
9,97,0.018442796543240547,1.6672202348709106
9,98,0.02810118906199932,1.5105780363082886
9,99,0.07835837453603745,4.128328323364258
9,100,0.08287876844406128,1.8919628858566284
9,101,0.015224913135170937,0.8056492805480957
9,102,0.035312455147504807,4.7753586769104
9,103,0.08340256661176682,1.3896855115890503
9,104,0.06414129585027695,2.1676900386810303
9,105,0.013089727610349655,0.7817879319190979
9,106,0.08058883994817734,0.854809045791626
9,107,0.03647660091519356,2.113603353500366
9,108,0.1376865953207016,3.90138840675354
9,109,0.1679202765226364,2.0612473487854004
9,110,0.17300139367580414,1.3021916151046753
9,111,0.2307303249835968,4.224346160888672
9,112,0.19474010169506073,6.634283542633057
9,113,0.046295881271362305,1.3670363426208496
9,114,0.0345207080245018,17.882034301757812
9,115,0.059282612055540085,1.366222858428955
9,116,0.04554961994290352,6.232263088226318
9,117,0.18239881098270416,9.096435546875
9,118,0.09650976955890656,1.5178518295288086
9,119,0.17697244882583618,5.933464050292969
9,120,0.1378171145915985,7.859318733215332
9,121,0.06657728552818298,1.2796066999435425
9,122,0.016298217698931694,1.5217795372009277
9,123,0.113380566239357,1.8662889003753662
9,124,0.09715434908866882,1.6962212324142456
9,125,0.013555585406720638,0.780620813369751
9,126,0.05266375094652176,4.869935035705566
9,127,0.06247759237885475,3.2978479862213135
9,128,0.23565047979354858,5.581404209136963
9,129,0.10259324312210083,7.819177627563477
9,130,0.1026260033249855,1.2915935516357422
9,131,0.19995877146720886,2.70326566696167
9,132,0.01125781424343586,0.806999921798706
9,133,0.25105002522468567,4.146541595458984
9,134,0.043330512940883636,4.616103172302246
9,135,0.21774931252002716,5.528397083282471
9,136,0.0877024307847023,0.7695071697235107
9,137,0.12516121566295624,4.1409912109375
9,138,0.11820164322853088,1.6006485223770142
9,139,0.0763338953256607,2.3752834796905518
9,140,0.11887297034263611,3.864375352859497
9,141,0.0284265149384737,2.962094306945801
9,142,0.0454697459936142,0.8815715909004211
9,143,0.017023909837007523,2.1321663856506348
9,144,0.029634421691298485,1.7825149297714233
9,145,0.02196882665157318,0.7723648548126221
9,146,0.1317211389541626,7.675239086151123
9,147,0.19650404155254364,3.5513710975646973
9,148,0.07930605113506317,7.311491966247559
9,149,0.0117141492664814,0.7201119661331177
9,150,0.11973826587200165,2.4934675693511963
9,151,0.04008066654205322,0.9955723285675049
9,152,0.12332557141780853,1.1056628227233887
9,153,0.21385124325752258,5.692297458648682
9,154,0.2000468373298645,2.5591299533843994
9,155,0.04076880216598511,9.736822128295898
9,156,0.05283460393548012,5.768228054046631
9,157,0.0919279232621193,2.542938470840454
9,158,0.0961805135011673,1.5427167415618896
9,159,0.0551307275891304,1.5122166872024536
9,160,0.08141878992319107,3.068547487258911
9,161,0.0914800614118576,5.338580131530762
9,162,0.011786825954914093,0.6047131419181824
9,163,0.012606670148670673,0.5061632990837097
9,164,0.01475097518414259,1.076555609703064
9,165,0.08947252482175827,1.3655788898468018
9,166,0.08541730046272278,1.6532578468322754
9,167,0.14351733028888702,5.435215950012207
9,168,0.025475095957517624,1.7952669858932495
9,169,0.03749405965209007,6.2947845458984375
9,170,0.029417796060442924,3.382387399673462
9,171,0.05284334719181061,3.2904131412506104
9,172,0.16027265787124634,10.221537590026855
9,173,0.019400374963879585,0.7005748748779297
9,174,0.04537620022892952,4.14790678024292
9,175,0.023198431357741356,1.4957900047302246
9,176,0.09503001719713211,3.640735387802124
9,177,0.20366708934307098,2.645381450653076
9,178,0.01811971329152584,1.4486151933670044
9,179,0.2976842522621155,3.5781338214874268
9,180,0.02700614370405674,0.8990460634231567
9,181,0.022195003926753998,1.7357438802719116
9,182,0.11709901690483093,2.8217129707336426
9,183,0.10185247659683228,1.0345090627670288
9,184,0.054742295295000076,2.4233367443084717
9,185,0.1509583294391632,7.06165885925293
9,186,0.0759764164686203,3.3807153701782227
9,187,0.10158412903547287,2.9823784828186035
9,188,0.10900036245584488,1.8957364559173584
9,189,0.0727970153093338,6.049602508544922
9,190,0.011200658977031708,0.732632040977478
9,191,0.01213282160460949,0.8028267621994019
9,192,0.014659589156508446,0.9883919954299927
9,193,0.17872406542301178,4.158846855163574
9,194,0.19505445659160614,4.346386432647705
9,195,0.02622438222169876,3.4348692893981934
9,196,0.15039421617984772,3.371763229370117
9,197,0.029733993113040924,2.2093546390533447
9,198,0.044462498277425766,2.800013780593872
9,199,0.01888248324394226,1.155585765838623
9,200,0.010303319431841373,0.5637218356132507
9,201,0.03815893083810806,3.03053879737854
9,202,0.013640010729432106,0.7139901518821716
9,203,0.026548778638243675,0.6754631996154785
9,204,0.09700475633144379,2.933900833129883
9,205,0.07830251753330231,2.051624059677124
9,206,0.0771869644522667,22.856210708618164
9,207,0.04291253909468651,1.5666303634643555
9,208,0.020727107301354408,1.632392406463623
9,209,0.048091303557157516,1.1203609704971313
9,210,0.0747552141547203,2.4810702800750732
9,211,0.09085960686206818,2.449108362197876
9,212,0.03235234320163727,1.6409475803375244
9,213,0.10094670951366425,14.037151336669922
9,214,0.08690984547138214,1.947147250175476
9,215,0.08035498112440109,4.322765827178955
9,216,0.085133396089077,2.9947259426116943
9,217,0.014496375806629658,0.9991783499717712
9,218,0.08051477372646332,4.861025810241699
9,219,0.2160128802061081,1.6602132320404053
9,220,0.07941324263811111,3.341590642929077
9,221,0.11433650553226471,3.2055368423461914
9,222,0.012494736351072788,0.9492547512054443
9,223,0.034282393753528595,43.076385498046875
9,224,0.013075938448309898,0.8716661930084229
9,225,0.017055628821253777,1.111474633216858
9,226,0.07077385485172272,2.1772382259368896
9,227,0.10534442216157913,16.04937171936035
9,228,0.0916382372379303,1.3105895519256592
9,229,0.033912282437086105,10.861258506774902
9,230,0.015832586213946342,1.0835325717926025
9,231,0.10303594172000885,1.5559754371643066
9,232,0.010093693621456623,0.531941831111908
9,233,0.28856396675109863,5.890665054321289
9,234,0.06099659949541092,1.3166650533676147
9,235,0.09204430133104324,1.7570359706878662
9,236,0.015087603591382504,1.2961223125457764
9,237,0.049546562135219574,2.0111396312713623
9,238,0.24747706949710846,5.283135414123535
9,239,0.012500862590968609,0.7843114137649536
9,240,0.010291163809597492,0.636538028717041
9,241,0.013057141564786434,0.7010660171508789
9,242,0.1977902501821518,4.251479148864746
9,243,0.12242401391267776,2.1839823722839355
9,244,0.07543415576219559,3.0622992515563965
9,245,0.014182385057210922,0.7005277276039124
9,246,0.022196967154741287,1.569453477859497
9,247,0.12068048119544983,17.73784637451172
9,248,0.06735973805189133,3.1669130325317383
9,249,0.014835037291049957,1.2744019031524658
9,250,0.013548205606639385,0.9119390845298767
9,251,0.10163729637861252,2.073408603668213
9,252,0.015307116322219372,2.390007495880127
9,253,0.048260174691677094,4.311794757843018
9,254,0.11159320920705795,1.6697100400924683
9,255,0.013371875509619713,0.7816380262374878
9,256,0.042179279029369354,20.0869197845459
9,257,0.13483163714408875,12.411757469177246
9,258,0.026813967153429985,3.9746694564819336
9,259,0.040942005813121796,1.1048730611801147
9,260,0.24333903193473816,4.2471795082092285
9,261,0.021074069663882256,0.8828166127204895
9,262,0.04941912367939949,3.263141393661499
9,263,0.030660388991236687,4.245643138885498
9,264,0.09549594670534134,1.2376278638839722
9,265,0.1194852888584137,3.286634922027588
9,266,0.010782862082123756,0.651856541633606
9,267,0.10224802047014236,3.5803399085998535
9,268,0.18541201949119568,4.185880661010742
9,269,0.01461860816925764,0.741792619228363
9,270,0.19439934194087982,6.3072075843811035
9,271,0.011950334534049034,0.9212608337402344
9,272,0.036185719072818756,2.5406813621520996
9,273,0.0962393581867218,2.276715040206909
9,274,0.07536794245243073,2.7770097255706787
9,275,0.01409032940864563,0.9257437586784363
9,276,0.012828301638364792,0.7272965312004089
9,277,0.13350249826908112,1.759434461593628
9,278,0.02875208668410778,1.609755516052246
9,279,0.00811933446675539,0.40815579891204834
9,280,0.1253848671913147,9.262871742248535
9,281,0.17967242002487183,7.850721836090088
9,282,0.10618636012077332,2.4750938415527344
9,283,0.09471002221107483,4.525480270385742
9,284,0.1706632524728775,3.326754331588745
9,285,0.03848083317279816,3.2845218181610107
9,286,0.1284918487071991,22.779504776000977
9,287,0.048298031091690063,1.899685263633728
9,288,0.11439085751771927,1.6992392539978027
9,289,0.01792704127728939,4.801776885986328
9,290,0.09279685467481613,2.7764973640441895
9,291,0.01956242322921753,1.6433871984481812
9,292,0.09285551309585571,1.239335298538208
9,293,0.20055030286312103,4.845242977142334
9,294,0.01343105360865593,0.7156338691711426
9,295,0.04851178824901581,2.1497700214385986
9,296,0.10474863648414612,8.265573501586914
9,297,0.11684991419315338,3.9927666187286377
9,298,0.1281849443912506,1.6104905605316162
9,299,0.10403989255428314,1.380160927772522
9,300,0.0843719094991684,10.859111785888672
9,301,0.1482827067375183,7.859986305236816
9,302,0.11401067674160004,1.3146897554397583
9,303,0.2537554204463959,5.032251358032227
9,304,0.17187857627868652,8.009974479675293
9,305,0.030849497765302658,6.757926940917969
9,306,0.1336258202791214,2.5581295490264893
9,307,0.09717512875795364,3.720392942428589
9,308,0.06146244704723358,1.045485019683838
9,309,0.030506180599331856,3.2872915267944336
9,310,0.020843712612986565,1.0814311504364014
9,311,0.023654451593756676,1.3956935405731201
9,312,0.14762164652347565,2.934450626373291
9,313,0.048748552799224854,1.8099664449691772
9,314,0.02455420419573784,0.5418569445610046
9,315,0.0949048399925232,2.2298500537872314
9,316,0.11367490142583847,2.748124599456787
9,317,0.017175812274217606,1.259266972541809
9,318,0.08061841875314713,3.4824793338775635
9,319,0.15451912581920624,4.4816975593566895
9,320,0.0301428884267807,6.959070205688477
9,321,0.053477272391319275,2.7222187519073486
9,322,0.11226271837949753,3.986586093902588
9,323,0.2050839066505432,4.841492176055908
9,324,0.04884466528892517,7.002917289733887
9,325,0.154090017080307,3.892824172973633
9,326,0.2740279734134674,3.9117026329040527
9,327,0.10041514784097672,0.9975788593292236
9,328,0.09879256039857864,2.204775094985962
9,329,0.012710129842162132,0.9144818782806396
9,330,0.09336517006158829,4.089632987976074
9,331,0.10891585052013397,4.491903781890869
9,332,0.12188677489757538,3.8697922229766846
9,333,0.032108526676893234,2.8359572887420654
9,334,0.10987243056297302,4.378334999084473
9,335,0.12458568811416626,1.3817124366760254
9,336,0.13315053284168243,11.415543556213379
9,337,0.013495567254722118,0.5911906957626343
9,338,0.10182099044322968,2.503904342651367
9,339,0.194708451628685,6.9196343421936035
9,340,0.04182152822613716,5.879648685455322
9,341,0.14024493098258972,4.796545028686523
9,342,0.013249466195702553,1.0593363046646118
9,343,0.12271706014871597,1.7210865020751953
9,344,0.032327622175216675,1.533936619758606
9,345,0.09005460888147354,6.422901630401611
9,346,0.025782732293009758,2.9034364223480225
9,347,0.07524317502975464,2.2384634017944336
9,348,0.017152298241853714,0.9741414189338684
9,349,0.03675707057118416,5.454588413238525
9,350,0.09023402631282806,1.7713123559951782
9,351,0.016767198219895363,0.7263899445533752
9,352,0.017163950949907303,3.1088385581970215
9,353,0.042616259306669235,1.4876867532730103
9,354,0.1118779256939888,1.7241275310516357
9,355,0.0114865368232131,1.0669466257095337
9,356,0.02744578942656517,3.951925277709961
9,357,0.15438036620616913,3.6969847679138184
9,358,0.008025318384170532,0.4151217043399811
9,359,0.028145890682935715,5.503568172454834
9,360,0.040245421230793,1.3347947597503662
9,361,0.15239673852920532,5.303231716156006
9,362,0.014007516205310822,0.7661617398262024
9,363,0.011790155433118343,0.7039836049079895
9,364,0.08248795568943024,1.3467589616775513
9,365,0.07438848167657852,2.042865037918091
9,366,0.05819104611873627,1.0276224613189697
9,367,0.008631769567728043,0.37996706366539
9,368,0.009276406839489937,0.4448854923248291
9,369,0.11182883381843567,1.3825651407241821
9,370,0.26001399755477905,5.720266819000244
9,371,0.012968333438038826,0.8127137422561646
9,372,0.04992479458451271,1.6110339164733887
9,373,0.02205248735845089,1.2930690050125122
9,374,0.014497438445687294,0.9128983020782471
9,375,0.13597281277179718,4.344354629516602
9,376,0.10533489286899567,0.9058887958526611
9,377,0.13059329986572266,5.406498432159424
9,378,0.143256276845932,2.603973865509033
9,379,0.20169951021671295,5.206606864929199
9,380,0.014496704563498497,0.726148247718811
9,381,0.013189874589443207,0.7761275172233582
9,382,0.18251924216747284,6.1801958084106445
9,383,0.06138266623020172,1.2219032049179077
9,384,0.20636187493801117,1.3452138900756836
9,385,0.12973880767822266,2.4808194637298584
9,386,0.1500583291053772,3.237419843673706
9,387,0.134363055229187,3.414242744445801
9,388,0.06330817192792892,1.5688375234603882
9,389,0.05298196151852608,2.539332389831543
9,390,0.11947254836559296,11.988598823547363
9,391,0.013003705069422722,0.555280327796936
9,392,0.06095299497246742,1.214000940322876
9,393,0.09740833193063736,1.1053240299224854
9,394,0.10419944673776627,2.2488274574279785
9,395,0.014821566641330719,0.7363457083702087
9,396,0.15042179822921753,3.0966689586639404
9,397,0.08282392472028732,9.21192741394043
9,398,0.15852418541908264,4.595951080322266
9,399,0.09188719093799591,2.0635952949523926
9,400,0.17061316967010498,3.124335527420044
9,401,0.15408919751644135,4.3778862953186035
9,402,0.045400019735097885,4.752974510192871
9,403,0.00815295334905386,0.38618898391723633
9,404,0.17874939739704132,6.148190975189209
9,405,0.04482684284448624,1.5947190523147583
9,406,0.08819084614515305,4.445528030395508
9,407,0.11586561053991318,5.532476902008057
9,408,0.05466817319393158,3.8149514198303223
9,409,0.0883086770772934,2.443066358566284
9,410,0.08742249011993408,1.2681055068969727
9,411,0.032811783254146576,1.1916303634643555
9,412,0.06228470057249069,6.361385822296143
9,413,0.07156356424093246,11.256820678710938
9,414,0.09136677533388138,9.539507865905762
9,415,0.09850707650184631,4.435424327850342
9,416,0.014985483139753342,1.721541404724121
9,417,0.15702663362026215,4.826640605926514
9,418,0.1047685444355011,4.572115421295166
9,419,0.22121311724185944,4.1693830490112305
9,420,0.09426811337471008,2.519181728363037
9,421,0.18513523042201996,2.2741646766662598
9,422,0.26908203959465027,4.869798183441162
9,423,0.01692267507314682,1.2252628803253174
9,424,0.03850387781858444,1.6858084201812744
9,425,0.019899290055036545,1.5682352781295776
