epoch,batch,loss,grad_norm
0,0,1.6325814723968506,17.732227325439453
0,1,1.1240712404251099,6.071070194244385
0,2,0.7407042384147644,4.7566142082214355
0,3,1.1959789991378784,6.4649338722229
0,4,1.4741220474243164,7.945338726043701
0,5,0.9793078303337097,3.92618465423584
0,6,1.0574989318847656,4.091742515563965
0,7,1.152698278427124,4.466476917266846
0,8,1.4312400817871094,6.242444038391113
0,9,1.259791612625122,4.04354190826416
0,10,0.9341492652893066,5.317953586578369
0,11,0.9447225332260132,5.272003173828125
0,12,0.6879233121871948,8.416121482849121
0,13,0.9996489882469177,4.492612361907959
0,14,0.7650567293167114,4.857547283172607
0,15,0.8059518933296204,4.193186283111572
0,16,0.7708945274353027,3.464494228363037
0,17,1.292657732963562,7.63400936126709
0,18,0.6529569625854492,2.544546365737915
0,19,0.7075996398925781,3.1849098205566406
0,20,0.6048554182052612,3.5313234329223633
0,21,0.6139320135116577,2.941370964050293
0,22,0.6742295026779175,3.0749244689941406
0,23,1.035903811454773,5.194427013397217
0,24,0.9174783229827881,4.300213813781738
0,25,0.7334999442100525,2.871450901031494
0,26,0.8705899715423584,3.520589828491211
0,27,0.5717507004737854,3.3748819828033447
0,28,1.0103434324264526,4.736299991607666
0,29,0.49549365043640137,3.6657748222351074
0,30,0.4050025939941406,3.988290786743164
0,31,0.9203155636787415,4.62339973449707
0,32,0.8423320651054382,5.000329494476318
0,33,0.7767165899276733,3.4401209354400635
0,34,0.5642436742782593,4.236084938049316
0,35,0.7215795516967773,3.9255659580230713
0,36,1.253463864326477,8.314648628234863
0,37,0.8489859700202942,5.1855902671813965
0,38,0.7146942019462585,5.964936256408691
0,39,0.6413815021514893,3.7537951469421387
0,40,0.9529801607131958,4.800282001495361
0,41,0.8681359887123108,3.7838122844696045
0,42,0.7803239822387695,3.899134635925293
0,43,1.0199333429336548,5.514170169830322
0,44,0.635193407535553,3.9081690311431885
0,45,0.5830466151237488,5.178981304168701
0,46,0.8196073174476624,3.7466890811920166
0,47,0.6157399415969849,5.093791961669922
0,48,0.60832279920578,3.334118127822876
0,49,0.666407585144043,3.487967014312744
0,50,0.5521036982536316,3.321729898452759
0,51,0.7929188013076782,4.853792190551758
0,52,0.547758936882019,3.3621795177459717
0,53,1.0827195644378662,8.647263526916504
0,54,1.0131242275238037,7.4700093269348145
0,55,0.4615779221057892,6.60781717300415
0,56,0.6766356825828552,6.028435230255127
0,57,0.512193500995636,7.352539539337158
0,58,0.6680237054824829,8.51793384552002
0,59,0.5313246250152588,6.8171234130859375
0,60,0.5425137877464294,6.387020111083984
0,61,1.5589319467544556,13.606876373291016
0,62,0.6569564938545227,4.466108798980713
0,63,0.7694544792175293,8.354318618774414
0,64,0.6953195929527283,6.417419910430908
0,65,0.7291058897972107,6.269951343536377
0,66,0.44614794850349426,4.314399242401123
0,67,0.8312802910804749,4.82633113861084
0,68,0.6777927279472351,6.262209892272949
0,69,0.6404156684875488,17.034942626953125
0,70,0.879139244556427,8.688749313354492
0,71,0.7244651317596436,18.111417770385742
0,72,0.8416073322296143,11.644536018371582
0,73,0.6108930706977844,6.676433086395264
0,74,0.4115762710571289,7.673929214477539
0,75,0.9381927847862244,8.040124893188477
0,76,0.6907132863998413,7.383563041687012
0,77,0.4634774625301361,4.525731563568115
0,78,0.45680972933769226,5.143661975860596
0,79,0.6255476474761963,5.4094061851501465
0,80,0.9098491072654724,7.592344760894775
0,81,0.7023277878761292,8.954463005065918
0,82,0.37788745760917664,9.972688674926758
0,83,0.7008906602859497,9.083962440490723
0,84,0.7586574554443359,8.488524436950684
0,85,0.5863116979598999,10.761209487915039
0,86,0.552607536315918,8.409854888916016
0,87,0.7411186099052429,7.6986799240112305
0,88,0.5476605892181396,7.183976650238037
0,89,0.32751840353012085,7.9781060218811035
0,90,0.5235567688941956,8.255457878112793
0,91,0.7293165326118469,10.267291069030762
0,92,0.8006739020347595,8.150875091552734
0,93,0.8026102781295776,7.164848327636719
0,94,0.7787153720855713,10.5250244140625
0,95,0.620084285736084,8.757074356079102
0,96,0.6314619183540344,6.972012996673584
0,97,0.5434407591819763,18.653688430786133
0,98,0.6243751645088196,14.919078826904297
0,99,0.6971409320831299,21.224763870239258
0,100,0.5210702419281006,14.239401817321777
0,101,0.7135647535324097,9.231413841247559
0,102,0.9875825643539429,14.864728927612305
0,103,0.7949287295341492,8.7188138961792
0,104,0.5868678689002991,10.188042640686035
0,105,1.0589271783828735,16.551788330078125
0,106,0.5759142637252808,9.949678421020508
0,107,0.37231266498565674,6.873673915863037
0,108,0.6378676295280457,9.087139129638672
0,109,0.6791390776634216,8.859150886535645
0,110,0.8615642786026001,12.680075645446777
0,111,0.48188626766204834,11.238526344299316
0,112,0.5913717746734619,17.41121482849121
0,113,0.30567848682403564,10.468988418579102
0,114,0.7215548753738403,21.517864227294922
0,115,0.6922968626022339,8.257119178771973
0,116,0.32222557067871094,4.804689884185791
0,117,0.7755793333053589,17.853899002075195
0,118,0.5915724039077759,16.8037052154541
0,119,0.5841858983039856,10.64773178100586
0,120,0.39268308877944946,8.472593307495117
0,121,0.4539666473865509,9.946836471557617
0,122,0.5665581226348877,10.69233226776123
0,123,0.3088362216949463,12.736289024353027
0,124,0.392505019903183,19.01968002319336
0,125,0.6697527766227722,21.55699348449707
0,126,0.5044013261795044,13.800433158874512
0,127,0.45939236879348755,14.30345344543457
0,128,0.5515595078468323,8.375940322875977
0,129,0.7952060699462891,8.495697975158691
0,130,0.4119119942188263,11.11922836303711
0,131,0.36683234572410583,11.105426788330078
0,132,0.407196968793869,13.969383239746094
0,133,0.39201194047927856,9.774126052856445
0,134,0.5153696537017822,9.778671264648438
0,135,0.41242316365242004,7.723794460296631
0,136,0.2570049464702606,9.306282043457031
0,137,0.17175815999507904,10.441370010375977
0,138,0.48148900270462036,14.906523704528809
0,139,0.4356653392314911,17.891597747802734
0,140,0.49999886751174927,19.632862091064453
0,141,0.3513052761554718,14.300046920776367
0,142,0.820347011089325,14.578399658203125
0,143,0.5243487358093262,20.312664031982422
0,144,1.0142310857772827,22.787324905395508
0,145,0.7792701721191406,26.085886001586914
0,146,0.29750892519950867,14.906817436218262
0,147,0.11904603987932205,8.179831504821777
0,148,0.5430988669395447,7.598377227783203
0,149,0.18601761758327484,7.860194683074951
0,150,0.4670843183994293,11.676977157592773
0,151,0.6193423867225647,17.586212158203125
0,152,0.590105414390564,7.090625762939453
0,153,0.5793495774269104,15.149137496948242
0,154,0.5562934875488281,28.642892837524414
0,155,0.5606355667114258,27.779373168945312
0,156,0.5701951384544373,39.4975700378418
0,157,0.49042272567749023,18.9702091217041
0,158,0.3775489032268524,16.069393157958984
0,159,0.1548440307378769,7.791615009307861
0,160,0.2575422525405884,12.748114585876465
0,161,0.6999509930610657,18.259077072143555
0,162,0.49538108706474304,13.8499116897583
0,163,0.31179964542388916,9.428165435791016
0,164,1.1686949729919434,13.08724308013916
0,165,0.35774555802345276,13.484208106994629
0,166,1.214501142501831,30.712793350219727
0,167,0.5984620451927185,10.17081356048584
0,168,0.8327187299728394,8.811148643493652
0,169,0.6135085225105286,13.93139934539795
0,170,0.7241305708885193,14.1166353225708
0,171,0.6312688589096069,25.826675415039062
0,172,0.5056076049804688,28.467628479003906
0,173,0.4252917766571045,26.806440353393555
0,174,0.45473456382751465,18.74235725402832
0,175,0.49770379066467285,15.241189956665039
0,176,0.6029829382896423,12.426897048950195
0,177,0.22559767961502075,7.169589519500732
0,178,0.6250340342521667,11.452595710754395
0,179,0.7678355574607849,7.232600688934326
0,180,0.5003180503845215,13.81796646118164
0,181,0.46819794178009033,5.7276530265808105
0,182,0.2736921012401581,4.371672630310059
0,183,0.2919393479824066,9.871927261352539
0,184,0.4359646141529083,10.358830451965332
0,185,0.5843639969825745,13.587873458862305
0,186,0.6438755989074707,10.671631813049316
0,187,0.18891021609306335,6.278377056121826
0,188,0.4019230008125305,12.353837966918945
0,189,0.318686306476593,7.7370524406433105
0,190,0.41629400849342346,15.092643737792969
0,191,0.31941819190979004,9.187948226928711
0,192,0.18833142518997192,12.430188179016113
0,193,0.26318660378456116,10.081977844238281
0,194,0.31895747780799866,7.2345123291015625
0,195,0.49054938554763794,8.903477668762207
0,196,0.15361535549163818,7.299019813537598
0,197,0.2646835446357727,16.989728927612305
0,198,0.6021251082420349,13.961286544799805
0,199,0.6699386835098267,13.909882545471191
0,200,0.4085696041584015,6.88264799118042
0,201,0.33846402168273926,13.367154121398926
0,202,0.09069107472896576,6.009759902954102
0,203,0.33483296632766724,12.798062324523926
0,204,0.19297824800014496,6.842972755432129
0,205,0.16983278095722198,9.53916072845459
0,206,0.048542920500040054,1.9055739641189575
0,207,0.055325884371995926,3.391050338745117
0,208,0.3815820813179016,11.548314094543457
0,209,0.047909148037433624,5.341859817504883
0,210,0.05142330378293991,5.08533239364624
0,211,0.5271013975143433,8.734400749206543
0,212,0.081266388297081,5.642953395843506
0,213,0.98409503698349,20.074024200439453
0,214,0.2992508113384247,5.463411331176758
0,215,0.7134599089622498,22.523509979248047
0,216,0.21960413455963135,11.199706077575684
0,217,0.056880395859479904,5.6823554039001465
0,218,0.3558410406112671,11.072017669677734
0,219,0.4089411199092865,11.957063674926758
0,220,0.21698880195617676,16.466840744018555
0,221,0.17328354716300964,11.341324806213379
0,222,0.4415486454963684,16.046546936035156
0,223,0.18993547558784485,17.139381408691406
0,224,0.4975012540817261,25.530258178710938
0,225,0.31245893239974976,20.756694793701172
0,226,0.32854652404785156,9.556402206420898
0,227,0.2635591924190521,3.9519760608673096
0,228,0.3415777385234833,6.334904670715332
0,229,0.11386189609766006,7.648895740509033
0,230,0.060560569167137146,2.7320475578308105
0,231,0.28989487886428833,10.797537803649902
0,232,0.5717976689338684,10.43362808227539
0,233,0.35277992486953735,24.77476692199707
0,234,0.3019278049468994,13.100579261779785
0,235,0.580586314201355,10.868478775024414
0,236,0.03899257630109787,1.4909117221832275
0,237,0.09318801015615463,11.7664213180542
0,238,0.060585346072912216,3.082643508911133
0,239,0.16684463620185852,15.178317070007324
0,240,0.23322975635528564,24.70108985900879
0,241,0.1952945739030838,14.403539657592773
0,242,0.2934458553791046,11.043856620788574
0,243,0.1969878226518631,12.590755462646484
0,244,0.4834991693496704,23.858043670654297
0,245,0.45261216163635254,28.82457160949707
0,246,0.3172221779823303,4.125714302062988
0,247,0.42109447717666626,29.783987045288086
0,248,0.2253745049238205,30.75604248046875
0,249,0.16518861055374146,26.411523818969727
0,250,0.07115935534238815,8.753914833068848
0,251,0.3873998820781708,7.970640182495117
0,252,0.1118270680308342,14.729020118713379
0,253,0.6740363240242004,17.00251579284668
0,254,0.02953125350177288,1.7993782758712769
0,255,0.43970218300819397,19.35225486755371
0,256,0.5459872484207153,22.060218811035156
0,257,0.15423431992530823,15.712831497192383
0,258,0.02088095247745514,0.8633226752281189
0,259,0.31870096921920776,36.6206169128418
0,260,0.440775990486145,17.66683006286621
0,261,0.6332789063453674,19.814424514770508
0,262,0.14720678329467773,27.482717514038086
0,263,0.11225064098834991,16.9121036529541
0,264,0.40147125720977783,11.813814163208008
0,265,0.3824922442436218,2.954327344894409
0,266,0.03035638853907585,3.549215316772461
0,267,0.2935393750667572,8.791019439697266
0,268,0.3422398865222931,13.96565055847168
0,269,0.3130090534687042,6.375807285308838
0,270,0.06350814551115036,14.213973999023438
0,271,0.02447662688791752,0.9068223237991333
0,272,0.24477361142635345,6.03579568862915
0,273,1.0669822692871094,47.612911224365234
0,274,0.027098603546619415,1.3878166675567627
0,275,0.034908849745988846,1.6136447191238403
0,276,0.021805336698889732,0.8481452465057373
0,277,0.2269641011953354,16.015209197998047
0,278,0.03616279736161232,5.304818153381348
0,279,0.15256808698177338,28.1137638092041
0,280,0.32691454887390137,6.36609411239624
0,281,0.8720902800559998,19.000465393066406
0,282,1.5531758069992065,25.342933654785156
0,283,0.43921464681625366,16.45509147644043
0,284,0.05374199524521828,13.648218154907227
0,285,0.09632478654384613,27.05378532409668
0,286,0.08975569903850555,17.5502986907959
0,287,0.078826904296875,18.819543838500977
0,288,0.1509222537279129,32.15795135498047
0,289,0.7089172601699829,6.658451080322266
0,290,0.01765783131122589,2.1439032554626465
0,291,0.020623832941055298,3.935596466064453
0,292,0.7861453294754028,22.19611358642578
0,293,0.013868608511984348,1.9994430541992188
0,294,0.3317650258541107,2.841409921646118
0,295,0.5255247354507446,40.2274169921875
0,296,0.7828823924064636,44.6439323425293
0,297,0.7436899542808533,37.96064758300781
0,298,0.17951342463493347,11.174177169799805
0,299,0.35918936133384705,45.33114242553711
0,300,0.13459357619285583,24.564287185668945
0,301,0.05592036992311478,5.882389545440674
0,302,0.1525079309940338,38.36199188232422
0,303,0.09834793955087662,12.05557632446289
0,304,0.3055371046066284,5.355367183685303
0,305,0.32685765624046326,18.36777687072754
0,306,0.8586752414703369,45.49662399291992
0,307,0.3942014276981354,8.613940238952637
0,308,0.2796010673046112,4.531504154205322
0,309,0.12989026308059692,14.827177047729492
0,310,0.36814674735069275,16.012096405029297
0,311,0.35636669397354126,1.8079192638397217
0,312,0.556818962097168,3.947019577026367
0,313,0.489605188369751,12.04254150390625
0,314,0.09948275983333588,5.0297017097473145
0,315,0.16109922528266907,16.876649856567383
0,316,0.5504941940307617,18.209409713745117
0,317,0.33814170956611633,8.17170524597168
0,318,0.19916152954101562,27.605236053466797
0,319,0.2412901222705841,25.319381713867188
0,320,0.32872524857521057,10.083999633789062
0,321,0.2924385964870453,8.340530395507812
0,322,0.27562907338142395,1.5529800653457642
0,323,0.25664588809013367,1.616743803024292
0,324,0.1502465456724167,14.315147399902344
0,325,0.12342476099729538,6.774993896484375
0,326,1.1235135793685913,13.897368431091309
0,327,0.08687597513198853,4.503849029541016
0,328,0.12079016864299774,20.52857208251953
0,329,0.10941741615533829,7.7311015129089355
0,330,0.1009557843208313,8.016861915588379
0,331,0.22241689264774323,12.492118835449219
0,332,0.3619259297847748,15.238456726074219
0,333,0.8020245432853699,31.18548583984375
0,334,0.624505877494812,40.420875549316406
0,335,0.05364329740405083,2.0190021991729736
0,336,0.5997347235679626,38.40283966064453
0,337,0.14951986074447632,33.336368560791016
0,338,0.38390621542930603,46.470218658447266
0,339,0.08070994913578033,21.211841583251953
0,340,0.280910462141037,12.264032363891602
0,341,0.560882568359375,11.696702003479004
0,342,0.24918816983699799,13.803853034973145
0,343,0.3017381727695465,5.484996795654297
0,344,0.3309486508369446,6.745797157287598
0,345,0.0533711202442646,10.43558406829834
0,346,0.0828619971871376,20.32680892944336
0,347,0.5451902151107788,26.45515251159668
0,348,0.259711354970932,76.45353698730469
0,349,0.49957188963890076,33.1522216796875
0,350,0.3051546514034271,2.7577834129333496
0,351,0.06405100226402283,12.522115707397461
0,352,0.03464290872216225,1.1831728219985962
0,353,0.035919561982154846,1.8892468214035034
0,354,0.026744194328784943,3.360203742980957
0,355,0.7152233719825745,23.645851135253906
0,356,0.04096582159399986,19.198328018188477
0,357,0.33949118852615356,1.9526046514511108
0,358,0.3457821011543274,12.746491432189941
0,359,0.35519739985466003,1.9190739393234253
0,360,0.1104646548628807,19.719079971313477
0,361,0.02493676356971264,0.6415355801582336
0,362,0.4154634475708008,25.66094970703125
0,363,0.028582727536559105,0.834617018699646
0,364,0.023122040554881096,0.5552737712860107
0,365,0.6277629733085632,3.9810502529144287
0,366,0.01836853288114071,0.49665573239326477
0,367,0.01909022219479084,1.249301791191101
0,368,0.2693966031074524,9.641658782958984
0,369,0.023665450513362885,4.772627353668213
0,370,0.9670277237892151,30.645540237426758
0,371,0.20470739901065826,16.279071807861328
0,372,0.5668495297431946,37.861751556396484
0,373,0.4713505804538727,26.78557586669922
0,374,0.02464686520397663,3.4636380672454834
0,375,0.5253140926361084,50.647666931152344
0,376,0.1859809011220932,76.08488464355469
0,377,0.38796302676200867,16.102346420288086
0,378,1.0120527744293213,9.10936164855957
0,379,0.010741121135652065,0.4974218010902405
0,380,0.013487229123711586,1.7006300687789917
0,381,0.009122036397457123,0.24423299729824066
0,382,0.42400220036506653,35.7486457824707
0,383,0.6998275518417358,8.019071578979492
0,384,0.7370774149894714,6.671875
0,385,0.17854073643684387,32.17340850830078
0,386,0.35122957825660706,2.382807970046997
0,387,0.01734861545264721,2.1326472759246826
0,388,0.30287668108940125,25.833721160888672
0,389,0.01811523549258709,0.7402395009994507
0,390,0.01967717334628105,0.7464008331298828
0,391,0.025165772065520287,2.055980682373047
0,392,0.08348067104816437,15.988594055175781
0,393,0.36227503418922424,2.9302427768707275
0,394,0.34755489230155945,6.94352912902832
0,395,0.6021695137023926,3.9032232761383057
0,396,0.021021686494350433,0.8295906782150269
0,397,0.02410532720386982,0.7333353161811829
0,398,0.029901422560214996,2.83955717086792
0,399,0.3237485885620117,2.408695936203003
0,400,0.019925791770219803,0.5226268172264099
0,401,0.93603515625,5.182960033416748
0,402,0.03926772624254227,10.861675262451172
0,403,0.3460787236690521,3.11542010307312
0,404,0.2704390585422516,1.8117504119873047
0,405,0.2604345381259918,1.4099743366241455
0,406,0.26855307817459106,2.180345058441162
0,407,0.5732271075248718,10.230588912963867
0,408,0.08182841539382935,2.742702007293701
0,409,0.3233661353588104,3.163062810897827
0,410,0.0866081714630127,2.2573728561401367
0,411,0.31117162108421326,2.9495038986206055
0,412,0.32853150367736816,3.7403247356414795
0,413,0.058900512754917145,1.3010443449020386
0,414,0.8411880731582642,6.794000625610352
0,415,0.03983386605978012,4.284279823303223
0,416,0.24634402990341187,36.74080276489258
0,417,0.3997012674808502,26.992300033569336
0,418,0.6151734590530396,138.1241455078125
0,419,0.4360921382904053,33.58722686767578
0,420,0.6979973912239075,114.0964126586914
0,421,0.13160264492034912,62.333160400390625
0,422,0.5466111898422241,86.38151550292969
0,423,0.20261363685131073,61.42306900024414
0,424,0.5423636436462402,20.034469604492188
0,425,0.2450529783964157,5.788469314575195
0,426,0.6705639362335205,5.434239387512207
0,427,0.04401852563023567,11.440021514892578
0,428,0.40351536870002747,30.682466506958008
0,429,0.5981116890907288,6.254101276397705
0,430,0.4675785005092621,38.8801155090332
0,431,0.3639613687992096,2.129504442214966
0,432,0.1938343197107315,14.672149658203125
0,433,0.028216300532221794,0.8341255784034729
0,434,0.2265663743019104,9.36904525756836
0,435,0.5532891750335693,3.6918609142303467
0,436,0.3185759484767914,12.592835426330566
0,437,0.29110562801361084,1.8124130964279175
0,438,0.19751986861228943,5.0024824142456055
0,439,0.24073654413223267,6.663100719451904
0,440,0.0644984170794487,2.515442132949829
0,441,0.07270017266273499,2.3691699504852295
0,442,0.4813780188560486,3.667555093765259
0,443,0.2865837812423706,1.8658897876739502
0,444,0.07362440973520279,4.326473236083984
0,445,0.7652793526649475,4.878819942474365
0,446,0.10265565663576126,17.628040313720703
0,447,0.4294413924217224,4.172048568725586
0,448,0.07230180501937866,10.483492851257324
0,449,0.8291678428649902,17.448352813720703
0,450,0.07032983750104904,4.397992134094238
0,451,0.6131556034088135,15.546277046203613
0,452,0.30871233344078064,9.22823715209961
0,453,0.12275317311286926,24.726823806762695
0,454,0.20609013736248016,43.40208435058594
0,455,0.31419458985328674,12.071840286254883
0,456,0.09031280875205994,12.872527122497559
0,457,0.07145161926746368,1.779215693473816
0,458,0.05656459927558899,1.3872122764587402
0,459,0.5997748970985413,3.2208797931671143
0,460,0.5527259111404419,3.516857385635376
0,461,0.5726019144058228,3.1470658779144287
0,462,0.31676986813545227,1.836171269416809
0,463,0.2664256691932678,1.358685851097107
0,464,0.2118978500366211,5.3993072509765625
0,465,0.2667384445667267,3.974503755569458
0,466,0.20909252762794495,9.852580070495605
0,467,0.30606234073638916,1.5107988119125366
0,468,0.11803119629621506,3.6625616550445557
0,469,0.5451448559761047,2.6428985595703125
0,470,0.0748520940542221,2.1724815368652344
0,471,0.461066871881485,53.549808502197266
0,472,0.06838555634021759,1.6443202495574951
0,473,0.1257108896970749,34.07926940917969
0,474,0.5659863948822021,52.99887466430664
0,475,0.5586006045341492,3.618929147720337
0,476,0.2705234885215759,1.6330006122589111
0,477,0.30512842535972595,2.727818727493286
0,478,0.7836595177650452,4.581351280212402
0,479,0.047060273587703705,1.3332563638687134
0,480,0.07447391003370285,15.35522747039795
0,481,0.053359877318143845,1.3691679239273071
0,482,0.26093679666519165,2.4561102390289307
0,483,0.26030346751213074,1.1516482830047607
0,484,0.26518961787223816,1.7667877674102783
0,485,0.05896902084350586,5.366612911224365
0,486,0.6227935552597046,28.050926208496094
0,487,0.05404703691601753,1.5721186399459839
0,488,0.053799133747816086,1.5902265310287476
0,489,0.04569485783576965,4.400023937225342
0,490,0.2539021968841553,1.636056661605835
0,491,0.3944609761238098,1.953801155090332
0,492,0.31468021869659424,2.187084436416626
0,493,0.027221394702792168,0.9536987543106079
0,494,0.3263242244720459,2.584671974182129
0,495,0.3010638356208801,5.1300554275512695
0,496,0.04997992888092995,20.874279022216797
0,497,0.03049735724925995,1.3629072904586792
0,498,0.026087457314133644,1.0151617527008057
0,499,0.32956787943840027,14.770545959472656
0,500,0.8714521527290344,5.638249397277832
0,501,0.2957134544849396,1.9142069816589355
0,502,0.03535802662372589,4.3349609375
0,503,0.33617448806762695,2.4159598350524902
0,504,0.03158660605549812,0.9024422764778137
0,505,0.25265464186668396,1.4837778806686401
0,506,0.4970412850379944,28.33144187927246
0,507,0.04269217699766159,1.3168309926986694
0,508,0.335710734128952,32.46552276611328
0,509,0.2883427143096924,6.435335159301758
0,510,0.288704514503479,2.7433104515075684
0,511,0.30669716000556946,7.901471138000488
0,512,0.27204570174217224,8.42894458770752
0,513,0.301501601934433,4.5356645584106445
0,514,0.03692195191979408,1.1069231033325195
0,515,0.5139200687408447,3.3408203125
0,516,0.5668244957923889,7.0005106925964355
0,517,0.04094362258911133,1.8716827630996704
0,518,0.5109360218048096,2.998774528503418
0,519,0.041239116340875626,1.1535907983779907
0,520,0.03619121387600899,0.9886775612831116
0,521,0.027266455814242363,0.698098361492157
0,522,0.12911175191402435,49.195194244384766
0,523,0.018255632370710373,0.4692758321762085
0,524,0.015695855021476746,0.4339844286441803
0,525,0.012149914167821407,0.6684345006942749
0,526,0.3308448791503906,5.839718818664551
0,527,0.3919747769832611,3.8140151500701904
0,528,0.006036676932126284,0.3154709041118622
0,529,0.0045133596286177635,0.17830269038677216
0,530,0.4251928925514221,2.8176348209381104
0,531,0.2507176697254181,21.938907623291016
0,532,0.23406833410263062,32.81159973144531
0,533,0.00573510117828846,0.7741746306419373
0,534,0.004587238654494286,0.5072593092918396
0,535,0.004869900178164244,0.6066707372665405
0,536,0.004362056963145733,0.12176550179719925
0,537,0.0052035157568752766,0.5939804911613464
0,538,0.40015819668769836,14.897382736206055
0,539,0.49817830324172974,3.2770867347717285
0,540,0.0047160424292087555,0.9977959990501404
0,541,0.8789936900138855,4.744657039642334
0,542,0.4173096716403961,35.55141830444336
0,543,0.06224452704191208,54.87116622924805
0,544,0.004688438959419727,0.16573312878608704
0,545,0.9487466812133789,68.52224731445312
0,546,0.3131590187549591,14.304656028747559
0,547,0.7104054093360901,8.529549598693848
0,548,0.3819713890552521,17.68313217163086
0,549,0.018900571390986443,4.616255760192871
0,550,0.724917471408844,4.226259231567383
0,551,0.5871487259864807,62.731990814208984
0,552,0.07254807651042938,24.73573875427246
0,553,0.01908339560031891,0.995244026184082
0,554,0.3639676570892334,104.21672821044922
0,555,0.29580017924308777,6.144523620605469
0,556,0.1378246396780014,45.396297454833984
0,557,0.020096244290471077,0.8012734651565552
0,558,0.018157314509153366,0.7421628832817078
0,559,0.5455090999603271,6.047669410705566
0,560,0.30505475401878357,10.178560256958008
0,561,0.015572573989629745,0.9578763246536255
0,562,0.65128493309021,3.820235252380371
0,563,0.030708227306604385,13.652656555175781
0,564,0.3478047251701355,1.8555059432983398
0,565,0.2935929596424103,2.075587749481201
0,566,0.2890552878379822,1.9726591110229492
0,567,0.033927299082279205,1.2754387855529785
0,568,0.03373691067099571,0.9165956377983093
0,569,0.5207884311676025,5.078394412994385
0,570,0.03633300960063934,0.9965364933013916
0,571,0.274440199136734,1.8043467998504639
0,572,0.038371697068214417,1.0983065366744995
0,573,0.17760838568210602,23.977447509765625
0,574,0.33959704637527466,40.974098205566406
0,575,0.026149272918701172,0.7644839286804199
0,576,0.21942679584026337,51.00629806518555
0,577,0.06365026533603668,25.268333435058594
0,578,0.021813148632645607,0.5893309116363525
0,579,0.32293927669525146,46.38572692871094
0,580,0.4478108584880829,75.49347686767578
0,581,0.22599385678768158,13.089223861694336
0,582,0.31291893124580383,6.550112724304199
0,583,0.05475514754652977,20.585784912109375
0,584,0.3723333775997162,9.906229972839355
0,585,0.0190130528062582,3.867645025253296
0,586,0.5965387225151062,142.60641479492188
0,587,0.6986898183822632,117.53865814208984
0,588,0.38625746965408325,3.9994921684265137
0,589,0.7896903157234192,93.37443542480469
0,590,0.022495631128549576,12.9363431930542
0,591,0.013121635653078556,1.1699944734573364
0,592,0.02677289769053459,13.625249862670898
0,593,0.008153613656759262,0.3595474362373352
0,594,0.00618507107719779,0.17304034531116486
0,595,0.3270729184150696,5.7256999015808105
0,596,0.3300929367542267,18.270065307617188
0,597,1.4396541118621826,9.02767276763916
0,598,0.0057752677239477634,0.17890559136867523
0,599,0.6528524160385132,23.874679565429688
0,600,0.36419373750686646,2.3787899017333984
0,601,0.00781719759106636,0.23895972967147827
0,602,0.009547223336994648,0.3172012269496918
0,603,0.2908070683479309,6.907992839813232
0,604,0.22895532846450806,24.63920783996582
0,605,0.6793908476829529,5.263092041015625
0,606,0.02119239792227745,2.172635793685913
0,607,0.01724601350724697,0.589513897895813
0,608,0.34275299310684204,2.0010855197906494
0,609,0.6456038355827332,3.9747583866119385
0,610,0.025601480156183243,0.905517578125
0,611,0.2670578956604004,12.988142967224121
0,612,0.3781108558177948,14.277373313903809
0,613,0.03312665969133377,1.0161422491073608
0,614,0.54473477602005,3.7011468410491943
0,615,0.31585681438446045,2.308480739593506
0,616,0.27795425057411194,3.7107951641082764
0,617,0.035680219531059265,1.0202101469039917
0,618,0.034657254815101624,1.188035488128662
0,619,0.04206371679902077,1.4837568998336792
1,0,0.02579404227435589,0.7570948600769043
1,1,0.021845225244760513,0.569067656993866
1,2,0.30857208371162415,2.099059820175171
1,3,0.3418457806110382,47.64572525024414
1,4,0.010124395601451397,0.28239476680755615
1,5,0.2171105295419693,32.87061309814453
1,6,0.7084847688674927,4.38521146774292
1,7,0.33572137355804443,3.102696180343628
1,8,0.36563268303871155,3.029378890991211
1,9,0.1538224071264267,29.990100860595703
1,10,0.7675729990005493,19.30960464477539
1,11,0.20440350472927094,34.61030960083008
1,12,0.3263702988624573,2.1947743892669678
1,13,0.04154707491397858,16.72178077697754
1,14,0.24965889751911163,120.17606353759766
1,15,0.3304910361766815,3.193262815475464
1,16,0.22380012273788452,73.07036590576172
1,17,0.8304332494735718,8.7816743850708
1,18,0.18644371628761292,53.212913513183594
1,19,0.0862199068069458,26.133935928344727
1,20,0.06295143812894821,4.5887346267700195
1,21,0.054898701608181,3.8697221279144287
1,22,0.06680235266685486,13.147005081176758
1,23,0.2507686913013458,1.5409283638000488
1,24,0.0527251698076725,1.6008936166763306
1,25,0.4303310513496399,8.86412239074707
1,26,0.28987565636634827,2.156136989593506
1,27,0.27557507157325745,1.652022361755371
1,28,0.03772318363189697,1.0823901891708374
1,29,0.31806617975234985,28.70168685913086
1,30,0.03713720291852951,1.0246458053588867
1,31,0.028689322993159294,0.9066475033760071
1,32,0.7932148575782776,25.1092586517334
1,33,0.025419797748327255,1.5516773462295532
1,34,0.46203675866127014,23.720396041870117
1,35,0.5447821021080017,12.70608139038086
1,36,0.6612399816513062,5.277121067047119
1,37,0.01203923299908638,0.32310712337493896
1,38,0.011016221717000008,0.28631842136383057
1,39,0.727039635181427,4.238115310668945
1,40,0.6485457420349121,5.413153171539307
1,41,0.34495991468429565,1.845107078552246
1,42,0.014349419623613358,0.3946303725242615
1,43,0.2262163907289505,19.980241775512695
1,44,0.10092590749263763,42.19096374511719
1,45,0.2699897885322571,2.9304373264312744
1,46,0.02117837406694889,0.6553186774253845
1,47,0.32354575395584106,1.8489896059036255
1,48,0.14008013904094696,20.06396484375
1,49,0.03251577541232109,2.8794538974761963
1,50,0.029834182932972908,0.9136728048324585
1,51,0.027957959100604057,0.8242822885513306
1,52,0.2666012644767761,3.3479135036468506
1,53,0.629800021648407,3.285946846008301
1,54,0.5188987851142883,10.436452865600586
1,55,0.23123648762702942,16.905376434326172
1,56,0.060000982135534286,18.090679168701172
1,57,0.3076762855052948,1.9077355861663818
1,58,0.030566969886422157,0.8834716081619263
1,59,0.2266419231891632,14.441250801086426
1,60,0.035846590995788574,2.5854837894439697
1,61,0.0276684258133173,0.6752037405967712
1,62,0.2625735104084015,5.360833644866943
1,63,0.02579180896282196,0.6610730886459351
1,64,0.019193079322576523,0.48133385181427
1,65,0.0199752114713192,0.5715511441230774
1,66,0.3449597656726837,1.690574288368225
1,67,0.26561567187309265,4.26462984085083
1,68,0.013158273883163929,0.3426404595375061
1,69,0.3044184446334839,7.0255351066589355
1,70,0.011303659528493881,0.29395654797554016
1,71,0.010605067946016788,0.27469563484191895
1,72,0.6873605251312256,3.7947957515716553
1,73,0.00917809084057808,0.24697360396385193
1,74,0.6192637085914612,8.242974281311035
1,75,0.009983422234654427,0.2650592625141144
1,76,0.37499523162841797,1.9368481636047363
1,77,0.3504863679409027,2.4812278747558594
1,78,0.3592638075351715,18.761865615844727
1,79,0.3451421856880188,1.8754487037658691
1,80,0.31226232647895813,1.7891502380371094
1,81,0.0316103957593441,5.002685070037842
1,82,0.11785584688186646,63.23915100097656
1,83,0.026483019813895226,0.8406705260276794
1,84,0.2898118793964386,2.5377330780029297
1,85,0.30107155442237854,1.9147711992263794
1,86,0.15458925068378448,45.78217697143555
1,87,0.28595876693725586,1.7803031206130981
1,88,0.3009311854839325,38.14139175415039
1,89,0.054343193769454956,1.5404983758926392
1,90,0.2899382710456848,5.533681869506836
1,91,0.2932751178741455,1.2084442377090454
1,92,0.053043872117996216,10.491275787353516
1,93,0.2872222363948822,1.4007939100265503
1,94,0.062484510242938995,3.525930881500244
1,95,0.266993910074234,0.9435920715332031
1,96,0.06536764651536942,1.5075442790985107
1,97,0.05893086642026901,1.7809171676635742
1,98,0.9193400144577026,6.866176605224609
1,99,0.04115850850939751,0.9796180725097656
1,100,0.04290824756026268,1.7174931764602661
1,101,0.16257084906101227,41.35585403442383
1,102,0.03270382434129715,0.837738573551178
1,103,0.021810153499245644,0.5150319933891296
1,104,0.2874230444431305,9.87166690826416
1,105,0.013493054546415806,0.40349987149238586
1,106,0.15278840065002441,54.282928466796875
1,107,0.009885165840387344,0.28844112157821655
1,108,0.3748738169670105,2.5653841495513916
1,109,0.13242267072200775,72.1950912475586
1,110,0.007292530965059996,0.3658006489276886
1,111,0.3398580551147461,2.767223358154297
1,112,0.4343182444572449,51.99903869628906
1,113,1.1476540565490723,7.132945537567139
1,114,0.0055538360029459,0.23107244074344635
1,115,0.31219202280044556,7.667954921722412
1,116,0.3592565655708313,2.7912955284118652
1,117,0.3162333369255066,8.116351127624512
1,118,0.013307505287230015,2.4332168102264404
1,119,0.01225250493735075,0.4563938081264496
1,120,0.01030761655420065,0.70998615026474
1,121,0.044390905648469925,18.233495712280273
1,122,0.5953159332275391,5.012224197387695
1,123,0.28857752680778503,7.307030200958252
1,124,0.02135196328163147,3.32749080657959
1,125,0.11189629137516022,56.014190673828125
1,126,0.3094273507595062,3.398259401321411
1,127,0.5670032501220703,37.086814880371094
1,128,0.02214144542813301,0.8122844696044922
1,129,0.374817818403244,2.5814685821533203
1,130,0.02251579612493515,0.9562780261039734
1,131,0.2224796861410141,95.61963653564453
1,132,0.31090423464775085,1.6483891010284424
1,133,0.021475395187735558,0.7261571884155273
1,134,0.9496485590934753,5.216061592102051
1,135,0.01863943785429001,0.5599293112754822
1,136,0.2415599226951599,2.255025863647461
1,137,0.0173956248909235,0.4597877860069275
1,138,0.26877301931381226,3.523319721221924
1,139,0.021417906507849693,0.5828801989555359
1,140,0.22230660915374756,14.285181045532227
1,141,0.28022632002830505,1.7470284700393677
1,142,0.02277812547981739,0.5767004489898682
1,143,0.3581840991973877,1.6845777034759521
1,144,0.27486467361450195,6.035312175750732
1,145,0.024001218378543854,0.6049069762229919
1,146,0.033104799687862396,0.9429384469985962
1,147,0.022924629971385002,0.5843852758407593
1,148,0.019453341141343117,0.4532914459705353
1,149,0.017617257311940193,3.6255171298980713
1,150,0.02587120421230793,16.138336181640625
1,151,1.044904351234436,18.100181579589844
1,152,0.013093927875161171,0.38436201214790344
1,153,0.013800615444779396,0.5237367153167725
1,154,0.40893733501434326,2.0923526287078857
1,155,0.00977667048573494,0.3236520290374756
1,156,0.6513065099716187,7.740340709686279
1,157,0.5934267640113831,11.189952850341797
1,158,0.27639615535736084,47.49114227294922
1,159,0.6540275812149048,11.807345390319824
1,160,1.025251865386963,60.764888763427734
1,161,0.3512951135635376,4.393185615539551
1,162,0.04228857159614563,21.302627563476562
1,163,0.3951647877693176,29.643171310424805
1,164,0.35339415073394775,56.11325454711914
1,165,0.02789253555238247,2.647411584854126
1,166,0.34678322076797485,5.731739044189453
1,167,0.032420068979263306,7.429977893829346
1,168,0.043838903307914734,13.55094051361084
1,169,0.015452803112566471,0.5477527379989624
1,170,0.49232417345046997,20.723711013793945
1,171,0.2721974551677704,14.252305030822754
1,172,0.01421157643198967,0.48323655128479004
1,173,0.33936503529548645,2.472041368484497
1,174,0.3665688931941986,8.308955192565918
1,175,0.6587985157966614,3.6547534465789795
1,176,0.21325382590293884,18.019468307495117
1,177,0.017459791153669357,0.5787854194641113
1,178,0.32932570576667786,8.279829025268555
1,179,0.017782917246222496,0.5179908871650696
1,180,0.4612027108669281,61.8427619934082
1,181,0.024033818393945694,0.9208236336708069
1,182,0.020679356530308723,0.9483174085617065
1,183,0.6186899542808533,3.6032192707061768
1,184,0.018740005791187286,0.6129763126373291
1,185,0.3227197229862213,2.7256953716278076
1,186,0.015945011749863625,0.4345511496067047
1,187,0.4669012427330017,21.36036491394043
1,188,0.01677166111767292,0.46058857440948486
1,189,0.01387162134051323,0.35863980650901794
1,190,0.27087149024009705,8.252957344055176
1,191,0.6805453300476074,3.582655191421509
1,192,0.36200204491615295,46.0526123046875
1,193,0.3213144838809967,2.167379379272461
1,194,0.01846831478178501,0.8903034925460815
1,195,0.37779495120048523,55.0116081237793
1,196,0.2518056035041809,20.459184646606445
1,197,0.01905008591711521,0.6534931063652039
1,198,0.5949012041091919,5.060957431793213
1,199,0.016644824296236038,0.5426775813102722
1,200,0.01843743585050106,0.5956565737724304
1,201,0.01645744778215885,0.4763038158416748
1,202,0.3142697513103485,2.9587042331695557
1,203,0.7525195479393005,87.2134017944336
1,204,0.9698148965835571,5.610117435455322
1,205,0.01323674712330103,0.38770681619644165
1,206,0.014435135759413242,1.3052866458892822
1,207,0.815463662147522,44.665042877197266
1,208,0.32332006096839905,2.1073505878448486
1,209,0.2812384068965912,2.007359266281128
1,210,0.2634214162826538,3.9084017276763916
1,211,0.025486432015895844,0.7777642011642456
1,212,0.023333653807640076,0.7252323031425476
1,213,0.024069275707006454,0.6672526597976685
1,214,0.02087722346186638,0.5802118182182312
1,215,0.022987736389040947,10.537491798400879
1,216,0.015560775063931942,0.6047136187553406
1,217,0.34606772661209106,2.174694061279297
1,218,0.3696553111076355,2.032510280609131
1,219,0.010894172824919224,0.2917218804359436
1,220,0.013083484955132008,0.3371596336364746
1,221,0.012577561661601067,0.3156098425388336
1,222,0.33804643154144287,2.6580684185028076
1,223,0.011896075680851936,0.35174867510795593
1,224,0.01046624593436718,0.2568850517272949
1,225,0.3509780168533325,1.9813939332962036
1,226,0.009548026137053967,0.33687058091163635
1,227,0.009849844500422478,0.24070702493190765
1,228,0.3259180188179016,2.065077543258667
1,229,0.01073108334094286,0.29414188861846924
1,230,0.9528003931045532,6.908182144165039
1,231,0.3031598925590515,1.8000590801239014
1,232,0.014860967174172401,0.44312605261802673
1,233,0.017312468960881233,0.7727614045143127
1,234,0.33067092299461365,1.6163499355316162
1,235,0.02620607241988182,0.7935477495193481
1,236,0.307834655046463,1.5168168544769287
1,237,0.5328218340873718,2.9431862831115723
1,238,0.03486771136522293,0.978775680065155
1,239,0.035133857280015945,1.0121062994003296
1,240,0.0412687249481678,1.1584203243255615
1,241,0.02912265434861183,0.7387714385986328
1,242,0.3063945770263672,1.609721302986145
1,243,0.026619575917720795,0.6597287654876709
1,244,0.017991531640291214,0.40012434124946594
1,245,0.30527475476264954,1.9396374225616455
1,246,0.31342604756355286,2.1552047729492188
1,247,0.01454002596437931,0.3525230884552002
1,248,0.019888339564204216,4.630348205566406
1,249,0.012833918444812298,0.36538127064704895
1,250,0.31671324372291565,2.3548743724823
1,251,0.34089022874832153,2.6094443798065186
1,252,0.011270694434642792,0.29040005803108215
1,253,0.1791159063577652,32.457401275634766
1,254,0.41681790351867676,105.53047180175781
1,255,0.32126060128211975,1.8718105554580688
1,256,0.3184642493724823,1.8493205308914185
1,257,0.018665818497538567,0.5375677347183228
1,258,0.24931885302066803,12.622537612915039
1,259,0.0236807968467474,0.7663516998291016
1,260,0.8473314642906189,5.552250862121582
1,261,0.02699427306652069,0.8216375708580017
1,262,0.3113163113594055,68.70475769042969
1,263,0.028650527819991112,0.9687764644622803
1,264,0.12161585688591003,71.5236587524414
1,265,0.03789777681231499,7.814912796020508
1,266,0.9925742745399475,18.837940216064453
1,267,0.02447379380464554,0.944861888885498
1,268,0.57994145154953,5.087292194366455
1,269,0.018902739509940147,0.5198423266410828
1,270,0.016887716948986053,0.547016441822052
1,271,0.6821937561035156,4.5655035972595215
1,272,0.013737307861447334,0.3962821662425995
1,273,0.01556228194385767,5.452188014984131
1,274,0.010955915786325932,0.2850622534751892
1,275,0.01034977100789547,0.26553747057914734
1,276,0.009261531755328178,0.2623730003833771
1,277,0.30280083417892456,20.86898422241211
1,278,0.37559974193573,2.211883783340454
1,279,0.0075261276215314865,0.17873729765415192
1,280,0.3803929090499878,2.1090407371520996
1,281,0.007296731695532799,0.2194453626871109
1,282,0.6180296540260315,5.486289978027344
1,283,0.8867838978767395,72.89149475097656
1,284,0.31338271498680115,3.7528460025787354
1,285,0.033542878925800323,15.854926109313965
1,286,0.01351140160113573,0.41188034415245056
1,287,0.014684190042316914,0.44257962703704834
1,288,0.01609240658581257,0.5119290947914124
1,289,0.22403626143932343,14.463180541992188
1,290,0.6137128472328186,6.796369552612305
1,291,0.015413421206176281,0.800186038017273
1,292,0.3912477493286133,88.11884307861328
1,293,0.0694868266582489,58.20505142211914
1,294,0.014932047575712204,0.5784630179405212
1,295,0.01338370330631733,0.47945356369018555
1,296,0.05499131605029106,24.720361709594727
1,297,0.010356130078434944,0.34352126717567444
1,298,0.009903773665428162,0.28697603940963745
1,299,0.008682627230882645,0.3121066987514496
1,300,0.00663063395768404,0.16874486207962036
1,301,0.006158940494060516,0.19551266729831696
1,302,0.3832666575908661,3.300462007522583
1,303,0.3418215215206146,2.78853440284729
1,304,0.37077316641807556,4.821041107177734
1,305,0.4050409197807312,2.9045474529266357
1,306,0.00696541927754879,0.17699530720710754
1,307,0.799858033657074,4.004514217376709
1,308,0.338329017162323,2.081576347351074
1,309,0.06420774757862091,53.666202545166016
1,310,0.02212858572602272,1.8340696096420288
1,311,0.021231485530734062,2.5418834686279297
1,312,0.3141743838787079,1.6753807067871094
1,313,0.5717062950134277,3.39593505859375
1,314,0.30390894412994385,1.5133869647979736
1,315,0.34718137979507446,11.036102294921875
1,316,0.04862118884921074,1.580519199371338
1,317,0.06015298515558243,2.437725067138672
1,318,0.05656081438064575,1.7137408256530762
1,319,0.6332575082778931,4.955965518951416
1,320,0.07109085470438004,33.98638916015625
1,321,0.05863088369369507,1.4932869672775269
1,322,0.28055647015571594,21.60114097595215
1,323,0.24358195066452026,1.171593189239502
1,324,0.04867159575223923,2.0825235843658447
1,325,0.3272703289985657,1.4893306493759155
1,326,0.14311544597148895,34.80674362182617
1,327,0.2498033493757248,1.6104952096939087
1,328,0.05743074044585228,1.286230444908142
1,329,0.04312276840209961,0.9149887561798096
1,330,0.2450522482395172,3.962904214859009
1,331,0.03173692896962166,0.7421677708625793
1,332,0.11527492105960846,23.269296646118164
1,333,0.3389054834842682,2.1588172912597656
1,334,0.01924433559179306,0.4874047636985779
1,335,0.1871606409549713,54.47261047363281
1,336,0.2709541320800781,12.826919555664062
1,337,0.5374320149421692,96.35977172851562
1,338,0.013959290459752083,0.3598769009113312
1,339,0.2616109848022461,185.4251708984375
1,340,0.7327749729156494,6.172226905822754
1,341,0.31678706407546997,3.5589873790740967
1,342,0.018923718482255936,3.1157114505767822
1,343,0.39062631130218506,29.739595413208008
1,344,0.4797075688838959,42.9069709777832
1,345,0.011288922280073166,0.40918487310409546
1,346,0.9930036067962646,6.346976280212402
1,347,0.3191612958908081,2.4599039554595947
1,348,0.013153615407645702,0.43764302134513855
1,349,0.01485416479408741,0.48408082127571106
1,350,0.014641455374658108,0.4883364140987396
1,351,0.3420070707798004,1.7664991617202759
1,352,0.013579852879047394,0.3855561912059784
1,353,0.014958010986447334,0.613450825214386
1,354,0.013886944390833378,0.41420164704322815
1,355,0.010996394790709019,0.33319565653800964
1,356,0.01933554746210575,9.145109176635742
1,357,0.21128463745117188,10.483170509338379
1,358,0.011416900902986526,0.8810577392578125
1,359,0.2884503901004791,7.745371341705322
1,360,0.6820809841156006,3.9855501651763916
1,361,0.2396390587091446,14.052623748779297
1,362,0.36330950260162354,2.0400686264038086
1,363,0.009109159000217915,0.23642674088478088
1,364,0.011044752784073353,0.29434341192245483
1,365,0.29566138982772827,4.104424476623535
1,366,0.3405482769012451,1.965202808380127
1,367,0.3208152949810028,1.9045755863189697
1,368,0.01843055710196495,0.5055475831031799
1,369,0.02153341844677925,0.6306380033493042
1,370,0.6019392609596252,3.379939317703247
1,371,0.3266308903694153,1.552251935005188
1,372,0.02879016287624836,0.789030909538269
1,373,0.2941749095916748,1.3647327423095703
1,374,0.559558093547821,2.731813907623291
1,375,0.2575128674507141,2.7588865756988525
1,376,0.2914683222770691,1.3274248838424683
1,377,0.05453779175877571,1.4176182746887207
1,378,0.06798303127288818,1.6363463401794434
1,379,0.4914074242115021,5.844674110412598
1,380,0.05874023959040642,1.3375780582427979
1,381,0.24513202905654907,1.6815621852874756
1,382,0.5194212794303894,2.51483154296875
1,383,0.0443076491355896,1.0078564882278442
1,384,0.33177128434181213,1.699761152267456
1,385,0.03646426647901535,0.8258877396583557
1,386,0.2893616855144501,1.873915433883667
1,387,0.031478483229875565,0.7113057374954224
1,388,0.024458913132548332,0.5722158551216125
1,389,0.3221375346183777,1.8158217668533325
1,390,0.021321414038538933,0.5656726956367493
1,391,0.016728581860661507,0.438552588224411
1,392,0.014192267321050167,0.36405879259109497
1,393,0.013599876314401627,0.3689294159412384
1,394,0.3435734510421753,2.4193780422210693
1,395,0.6744562983512878,3.771345376968384
1,396,0.009689529426395893,0.5955804586410522
1,397,0.6980901956558228,15.042983055114746
1,398,0.9840955138206482,6.071855545043945
1,399,0.009091159328818321,0.2846458852291107
1,400,0.013313018716871738,0.41300472617149353
1,401,0.010899743065237999,0.3301236927509308
1,402,0.3686301112174988,1.8697688579559326
1,403,0.7272749543190002,3.5509088039398193
1,404,0.3312075734138489,3.833836793899536
1,405,0.2775079309940338,2.039482355117798
1,406,0.31724071502685547,1.9948362112045288
1,407,0.036505281925201416,1.1886491775512695
1,408,0.03534548729658127,1.1779236793518066
1,409,0.03964198753237724,7.322841167449951
1,410,0.5105046033859253,3.748546838760376
1,411,0.47175759077072144,133.02879333496094
1,412,0.03396960347890854,4.558460235595703
1,413,0.5773416757583618,2.844303607940674
1,414,0.7179399132728577,10.782853126525879
1,415,0.40360188484191895,94.68334197998047
1,416,0.03545290604233742,0.8628482818603516
1,417,0.3012824058532715,10.43596363067627
1,418,0.279098242521286,3.270049571990967
1,419,0.044048696756362915,3.1710822582244873
1,420,0.03507297858595848,0.8209637403488159
1,421,0.04102730005979538,3.5045347213745117
1,422,0.051302846521139145,15.154970169067383
1,423,0.07452442497015,26.740114212036133
1,424,0.028711210936307907,2.288569450378418
1,425,0.3250451385974884,3.6014328002929688
1,426,0.026898125186562538,0.7908145785331726
1,427,0.30889055132865906,2.2001595497131348
1,428,0.020370103418827057,0.5311594009399414
1,429,0.310554563999176,1.8998618125915527
1,430,0.02008523792028427,0.5243502855300903
1,431,0.3143655061721802,1.8003121614456177
1,432,0.02315976656973362,2.7183220386505127
1,433,0.3128105401992798,2.8076066970825195
1,434,0.32759299874305725,1.5513927936553955
1,435,0.5711796879768372,3.4498603343963623
1,436,0.5728244781494141,2.994235038757324
1,437,0.2970699965953827,1.06380295753479
1,438,0.05045216530561447,1.6673189401626587
1,439,0.05633813142776489,1.8495464324951172
1,440,0.2736867070198059,1.0796756744384766
1,441,0.054180603474378586,5.854247093200684
1,442,0.04777634143829346,1.339867115020752
1,443,0.2758212387561798,1.1465116739273071
1,444,0.28633546829223633,2.260106086730957
1,445,0.047830790281295776,1.0629390478134155
1,446,0.28239691257476807,1.7887734174728394
1,447,0.6846575736999512,34.20232391357422
1,448,0.2793661952018738,1.4191415309906006
1,449,0.5100620985031128,2.752171516418457
1,450,0.034005701541900635,0.7754030823707581
1,451,0.044353123754262924,1.0361427068710327
1,452,0.3048577904701233,1.794658899307251
1,453,0.38099348545074463,43.57945251464844
1,454,0.2892790734767914,1.4374682903289795
1,455,0.03488222509622574,0.8975507020950317
1,456,0.03637157753109932,0.9791139960289001
1,457,0.03145149350166321,0.8668514490127563
1,458,0.29828763008117676,1.2818539142608643
1,459,0.018204623833298683,0.4283030927181244
1,460,0.32151973247528076,1.642637848854065
1,461,0.33204376697540283,1.4896661043167114
1,462,0.29908984899520874,1.7264782190322876
1,463,0.7645484209060669,12.931172370910645
1,464,0.022950369864702225,0.64741051197052
1,465,0.3013119399547577,1.3914700746536255
1,466,0.029298288747668266,0.8985230922698975
1,467,0.5519689321517944,2.920719623565674
1,468,0.04945234954357147,18.5961971282959
1,469,0.036714084446430206,1.109034776687622
1,470,0.2762705683708191,1.0657869577407837
1,471,0.49432826042175293,2.608405828475952
1,472,0.04002426192164421,1.1278403997421265
1,473,0.04628361761569977,1.2833892107009888
1,474,0.037534449249506,0.9322699308395386
1,475,0.03183886408805847,0.7641462683677673
1,476,0.30776458978652954,1.4169453382492065
1,477,0.02357598766684532,0.5300069451332092
1,478,0.35118788480758667,38.17891311645508
1,479,0.01911473274230957,0.4433930218219757
1,480,0.017005793750286102,0.3872501254081726
1,481,0.015086324885487556,0.3625096380710602
1,482,0.33256298303604126,2.029933452606201
1,483,0.3391581177711487,1.7697296142578125
1,484,0.01808181405067444,9.039849281311035
1,485,0.010805899277329445,0.7661527395248413
1,486,0.036979790776968,20.226228713989258
1,487,0.010601202957332134,0.35077667236328125
1,488,0.36165598034858704,4.153420925140381
1,489,0.009315069764852524,0.19565556943416595
1,490,0.010271926410496235,0.3023444712162018
1,491,0.34984296560287476,2.0747971534729004
1,492,0.008309775963425636,0.21830230951309204
1,493,0.009207691997289658,0.3025971055030823
1,494,0.009670937433838844,0.4501906931400299
1,495,0.3083093464374542,11.010350227355957
1,496,0.008645719848573208,0.2562132775783539
1,497,0.33705970644950867,2.036081075668335
1,498,0.36817723512649536,1.9858052730560303
1,499,0.3527771234512329,2.200443983078003
1,500,0.012706791050732136,0.3832084834575653
1,501,0.33188673853874207,1.9359458684921265
1,502,0.3056231439113617,7.183082580566406
1,503,0.529161274433136,4.203536510467529
1,504,0.07640396058559418,33.374786376953125
1,505,0.04812725633382797,3.9946813583374023
1,506,0.5299219489097595,53.472984313964844
1,507,0.05790635198354721,2.1879029273986816
1,508,0.07518285512924194,6.132683277130127
1,509,0.0554664321243763,2.002448320388794
1,510,0.043881695717573166,1.8735185861587524
1,511,0.3248583972454071,1.6526331901550293
1,512,0.03444047272205353,1.0351145267486572
1,513,0.32306337356567383,3.0196237564086914
1,514,0.024844584986567497,0.5994163751602173
1,515,0.0224873349070549,0.5426630973815918
1,516,0.2907324731349945,4.373260021209717
1,517,0.3153766393661499,2.024968385696411
1,518,0.310820609331131,1.647451400756836
1,519,0.017724117264151573,0.41640976071357727
1,520,0.017050500959157944,0.4157753884792328
1,521,0.32268568873405457,2.3272860050201416
1,522,0.28365832567214966,3.3460419178009033
1,523,0.15744589269161224,36.5793571472168
1,524,0.0853785052895546,53.12153625488281
1,525,0.30192726850509644,5.797464370727539
1,526,0.016706358641386032,0.37976619601249695
1,527,0.018297886475920677,0.47801473736763
1,528,0.01785503700375557,0.4456198811531067
1,529,0.017741765826940536,0.4691956043243408
1,530,0.3159775137901306,1.5806989669799805
1,531,0.6573883891105652,3.4411888122558594
1,532,0.015278366394340992,0.44873544573783875
1,533,0.016312310472130775,0.45245930552482605
1,534,0.6041865348815918,3.659592866897583
1,535,0.29962244629859924,1.854141354560852
1,536,0.024056145921349525,0.9437054395675659
1,537,0.3042725920677185,1.5889365673065186
1,538,0.38987576961517334,77.54254150390625
1,539,0.028087401762604713,0.8190634250640869
1,540,0.5640108585357666,3.038395643234253
1,541,0.027794841676950455,0.9867076873779297
1,542,0.2822481691837311,1.2275519371032715
1,543,0.16571249067783356,35.48308563232422
1,544,0.2658539414405823,1.1341134309768677
1,545,0.6213297247886658,136.75083923339844
1,546,0.44740164279937744,50.75175094604492
1,547,0.26308125257492065,0.9994992613792419
1,548,0.04854469373822212,1.2726027965545654
1,549,0.3079412281513214,1.7489795684814453
1,550,0.04945279657840729,1.206003189086914
1,551,0.049051959067583084,1.184375286102295
1,552,0.25858187675476074,11.505915641784668
1,553,0.04825747385621071,6.570550441741943
1,554,0.03246589004993439,0.7135455012321472
1,555,0.2630364000797272,1.4464131593704224
1,556,0.03908906131982803,8.725007057189941
1,557,0.03317129239439964,23.477632522583008
1,558,0.021448178216814995,0.5128485560417175
1,559,0.02012418583035469,0.4471922516822815
1,560,0.6021976470947266,3.480344533920288
1,561,0.8245289325714111,10.190352439880371
1,562,1.1833487749099731,19.949508666992188
1,563,0.32399460673332214,1.8337002992630005
1,564,0.0170187558978796,0.4061771035194397
1,565,0.01632443070411682,0.3679869771003723
1,566,0.015909599140286446,0.4073631465435028
1,567,0.014328710734844208,0.35188600420951843
1,568,0.6294501423835754,3.6083359718322754
1,569,0.32151275873184204,2.4934680461883545
1,570,0.015950802713632584,0.4131535291671753
1,571,0.015412312000989914,0.3814156651496887
1,572,0.6475964784622192,3.5983848571777344
1,573,0.01856505684554577,0.6220273375511169
1,574,0.0195815060287714,0.5682990550994873
1,575,0.016945909708738327,0.48470014333724976
1,576,0.016506586223840714,0.41797712445259094
1,577,0.04569505900144577,80.223388671875
1,578,0.35626786947250366,104.37987518310547
1,579,0.341941773891449,1.938093662261963
1,580,0.3357628881931305,43.75289535522461
1,581,0.3227132260799408,8.284053802490234
1,582,0.013120593503117561,0.34442219138145447
1,583,0.012203007936477661,0.32888779044151306
1,584,0.011201584711670876,0.30119532346725464
1,585,0.6482303142547607,3.573681116104126
1,586,0.6884181499481201,3.7007758617401123
1,587,0.32661882042884827,1.7633382081985474
1,588,0.013481451198458672,0.3434782922267914
1,589,0.013854937627911568,0.3484092056751251
1,590,0.5828301906585693,14.719949722290039
1,591,0.017607346177101135,0.4920822083950043
1,592,0.1874530017375946,35.560272216796875
1,593,0.021793577820062637,0.615358829498291
1,594,0.01850493997335434,0.5076134204864502
1,595,0.2764526605606079,13.152814865112305
1,596,0.015828855335712433,0.4099702835083008
1,597,0.014480303972959518,0.3646397292613983
1,598,0.6380852460861206,3.463712453842163
1,599,0.3481465280056,1.751206398010254
1,600,0.013627123087644577,0.5040408372879028
1,601,0.013971668668091297,0.33983975648880005
1,602,0.34353965520858765,2.197004795074463
1,603,0.013828841969370842,0.3270491659641266
1,604,0.014359732158482075,0.37881016731262207
1,605,0.013169417157769203,0.3105787932872772
1,606,0.012564267963171005,0.30505314469337463
1,607,0.013826917856931686,0.3622475266456604
1,608,0.31528332829475403,1.686493158340454
1,609,0.0110285934060812,0.27502143383026123
1,610,0.013518540188670158,1.2324084043502808
1,611,0.12492253631353378,31.51905632019043
1,612,0.32141315937042236,3.269318103790283
1,613,0.3154207766056061,4.003615379333496
1,614,0.3429606854915619,1.8831145763397217
1,615,0.3047283887863159,2.1415038108825684
1,616,0.5932512879371643,4.932415962219238
1,617,0.30677443742752075,1.9753972291946411
1,618,0.3217387795448303,11.131271362304688
1,619,0.03318298980593681,1.0028882026672363
2,0,0.2435051053762436,1.5626616477966309
2,1,0.055504389107227325,22.663387298583984
2,2,0.054123569279909134,16.253202438354492
2,3,0.0390508770942688,1.0399595499038696
2,4,0.0426066555082798,1.318118929862976
2,5,0.039314817637205124,1.0232818126678467
2,6,0.26399537920951843,2.8561999797821045
2,7,0.04030284285545349,16.046222686767578
2,8,0.2799566388130188,4.649649143218994
2,9,0.03667636215686798,12.930203437805176
2,10,0.2669190764427185,1.638461709022522
2,11,0.8317471146583557,4.6588006019592285
2,12,0.027039583772420883,0.636000394821167
2,13,0.021673401817679405,0.4775390326976776
2,14,0.02232624962925911,1.2265846729278564
2,15,0.16930066049098969,36.61241149902344
2,16,0.1505287140607834,112.44223022460938
2,17,0.02257990837097168,0.5257923603057861
2,18,0.018462250009179115,0.43336474895477295
2,19,0.026716483756899834,10.285794258117676
2,20,0.015032896772027016,0.3569619953632355
2,21,0.31310027837753296,1.9401417970657349
2,22,0.015386677347123623,0.3776955008506775
2,23,0.012951674871146679,0.2885203957557678
2,24,0.0110726123675704,0.24864165484905243
2,25,0.32434841990470886,1.9866195917129517
2,26,0.012346589006483555,0.33282172679901123
2,27,0.3210890591144562,2.081829309463501
2,28,0.6538270115852356,3.7670516967773438
2,29,0.3462262451648712,3.4635353088378906
2,30,0.01425206009298563,0.3691563606262207
2,31,0.014335621148347855,0.9178850054740906
2,32,0.016289860010147095,0.505726158618927
2,33,0.015753470361232758,0.4366001486778259
2,34,0.015005547553300858,0.409430593252182
2,35,0.013924732804298401,0.45054706931114197
2,36,0.36153414845466614,1.8495243787765503
2,37,0.011430591344833374,0.6104126572608948
2,38,0.017265353351831436,0.555196225643158
2,39,0.012136926874518394,0.3901525139808655
2,40,0.011956902220845222,0.31244635581970215
2,41,0.008517456240952015,0.20540080964565277
2,42,0.72607421875,3.8117668628692627
2,43,0.0074866339564323425,0.2012135237455368
2,44,0.008167404681444168,0.9903818964958191
2,45,0.12336721271276474,100.07807159423828
2,46,0.006628736853599548,0.18739953637123108
2,47,0.34607601165771484,6.097422122955322
2,48,0.0072482251562178135,0.1934296190738678
2,49,0.006243695039302111,0.1953503042459488
2,50,0.005672649014741182,0.14832833409309387
2,51,0.006479008588939905,0.46197664737701416
2,52,0.28973114490509033,7.115765571594238
2,53,0.004832791164517403,0.14176666736602783
2,54,0.00495121069252491,0.1007489264011383
2,55,0.3848784565925598,2.047210216522217
2,56,0.3415333330631256,13.600505828857422
2,57,0.7140859365463257,4.308523178100586
2,58,0.3481118977069855,2.66522216796875
2,59,0.008403059095144272,1.0826973915100098
2,60,0.6772913932800293,5.322588920593262
2,61,0.009550930000841618,0.4935215711593628
2,62,0.010146006941795349,0.349658340215683
2,63,0.01187366247177124,0.3520507514476776
2,64,0.6934131383895874,3.7278144359588623
2,65,0.27546215057373047,107.50469970703125
2,66,0.2940625846385956,9.511602401733398
2,67,0.5826807618141174,4.165119647979736
2,68,0.5882337689399719,3.0929901599884033
2,69,0.025851285085082054,0.764815092086792
2,70,0.28533387184143066,3.2308168411254883
2,71,0.8646948337554932,20.82167625427246
2,72,0.2868327498435974,1.4037424325942993
2,73,0.047053463757038116,1.580237627029419
2,74,0.5104789733886719,4.4970221519470215
2,75,0.05042090639472008,1.7021325826644897
2,76,0.2649684250354767,1.2258037328720093
2,77,0.18888689577579498,31.522306442260742
2,78,0.49641695618629456,2.4703257083892822
2,79,0.04873654991388321,1.1545443534851074
2,80,0.040915969759225845,0.9526951313018799
2,81,0.25298455357551575,1.1993554830551147
2,82,0.03819849342107773,1.0105994939804077
2,83,0.035832274705171585,0.761328399181366
2,84,0.2543450593948364,1.3512476682662964
2,85,0.022204207256436348,0.7133193016052246
2,86,0.025826750323176384,0.5899430513381958
2,87,0.38153311610221863,73.96278381347656
2,88,0.3610386252403259,1.7449666261672974
2,89,0.01896640844643116,1.2095941305160522
2,90,0.019381290301680565,0.49302414059638977
2,91,0.19990673661231995,63.841087341308594
2,92,0.012736150063574314,0.32746508717536926
2,93,0.3754969537258148,2.020904064178467
2,94,0.009638831950724125,0.278451144695282
2,95,1.0301789045333862,10.898183822631836
2,96,0.7400919198989868,4.165902137756348
2,97,0.007836930453777313,0.19457754492759705
2,98,0.3444511890411377,5.011329650878906
2,99,0.1882380247116089,47.426170349121094
2,100,0.01251161564141512,0.5514428019523621
2,101,0.9370874762535095,7.373188018798828
2,102,0.31181079149246216,1.7361687421798706
2,103,0.33971819281578064,2.372770309448242
2,104,0.5264273285865784,262.1303405761719
2,105,0.2169186919927597,116.38514709472656
2,106,0.031804051250219345,2.5154035091400146
2,107,0.051674097776412964,4.9891839027404785
2,108,0.04604390636086464,2.3583176136016846
2,109,0.05884184315800667,18.151582717895508
2,110,0.3801847994327545,84.63955688476562
2,111,0.03465139865875244,1.1621415615081787
2,112,0.032857343554496765,1.0221469402313232
2,113,0.42602697014808655,23.48910903930664
2,114,0.018675437197089195,0.5074147582054138
2,115,0.015361148864030838,0.38627225160598755
2,116,0.3213222026824951,2.0631186962127686
2,117,0.3061860203742981,2.099088191986084
2,118,0.0117374612018466,0.29338130354881287
2,119,0.011223893612623215,0.22322414815425873
2,120,0.29558083415031433,9.010820388793945
2,121,0.3231538236141205,5.482679843902588
2,122,0.01152136642485857,0.4166547358036041
2,123,0.011414849199354649,0.2710500657558441
2,124,0.012566275894641876,3.081200361251831
2,125,0.3795001804828644,1.9399460554122925
2,126,0.681098222732544,3.7296478748321533
2,127,0.6343041658401489,7.655725955963135
2,128,0.9812017679214478,6.08195161819458
2,129,0.01220322959125042,0.30772700905799866
2,130,0.02217639982700348,8.783601760864258
2,131,0.015476361848413944,0.3998391926288605
2,132,0.33271580934524536,1.6756317615509033
2,133,0.26110541820526123,6.549253940582275
2,134,0.27166980504989624,1.6832042932510376
2,135,0.031728558242321014,8.987353324890137
2,136,0.034748904407024384,0.957676351070404
2,137,0.0334034189581871,1.101859211921692
2,138,0.2987210154533386,1.4638464450836182
2,139,0.03532520309090614,1.1340752840042114
2,140,0.04043373838067055,2.404658317565918
2,141,0.763597846031189,6.5705180168151855
2,142,0.14875470101833344,78.50675964355469
2,143,0.7850002646446228,5.927789211273193
2,144,0.3082934617996216,1.6287224292755127
2,145,0.03990744799375534,1.1825950145721436
2,146,0.9261921048164368,137.42405700683594
2,147,0.03605777397751808,1.4929932355880737
2,148,0.03896800056099892,1.0312840938568115
2,149,0.03501037135720253,4.206082820892334
2,150,0.030332820490002632,0.846304714679718
2,151,0.5752792358398438,3.3749570846557617
2,152,0.5475952625274658,6.607480049133301
2,153,0.020864393562078476,0.6364982724189758
2,154,0.5942865014076233,4.9956769943237305
2,155,0.23823118209838867,8.506723403930664
2,156,0.5894821286201477,3.2775650024414062
2,157,0.2665443420410156,1.5415319204330444
2,158,0.01778193935751915,0.45538362860679626
2,159,0.28285279870033264,7.367111682891846
2,160,0.021588867530226707,0.5680406093597412
2,161,0.5814245343208313,2.9430174827575684
2,162,0.025371810421347618,0.6642539501190186
2,163,0.43396827578544617,9.87106990814209
2,164,0.4966086745262146,3.302312135696411
2,165,0.031856995075941086,0.8114224672317505
2,166,0.0378781259059906,1.3670834302902222
2,167,0.029523389413952827,0.7643736600875854
2,168,0.031573567539453506,0.7789381742477417
2,169,0.2568337321281433,21.204301834106445
2,170,0.31959739327430725,2.096587896347046
2,171,0.020888740196824074,0.48652079701423645
2,172,0.5806108117103577,4.491279602050781
2,173,0.5925593376159668,3.2364232540130615
2,174,0.8057871460914612,5.333209991455078
2,175,0.4929579198360443,71.81062316894531
2,176,0.24332833290100098,106.82942962646484
2,177,0.03625792637467384,5.238096237182617
2,178,0.03138870745897293,1.8538062572479248
2,179,0.33481577038764954,1.4106018543243408
2,180,0.29061707854270935,2.933690071105957
2,181,0.32141661643981934,1.2914156913757324
2,182,0.03824577108025551,1.0195496082305908
2,183,0.034447990357875824,0.8968873023986816
2,184,0.026939192786812782,0.6571207642555237
2,185,0.031738754361867905,0.8142374157905579
2,186,0.022820981219410896,0.5445115566253662
2,187,0.7191348075866699,36.91244125366211
2,188,0.019541924819350243,0.48778316378593445
2,189,0.01742500066757202,0.44480520486831665
2,190,0.262830913066864,11.695443153381348
2,191,0.01226111687719822,0.2879282236099243
2,192,0.7002688050270081,3.7320940494537354
2,193,0.6189976334571838,21.616971969604492
2,194,0.014164386317133904,4.633857727050781
2,195,1.075685739517212,32.400978088378906
2,196,0.008096317760646343,0.18204039335250854
2,197,0.007433903403580189,0.14756035804748535
2,198,0.3662787079811096,2.493041753768921
2,199,0.3370262682437897,2.193971633911133
2,200,0.5432203412055969,22.57512664794922
2,201,0.008822130039334297,0.20999273657798767
2,202,0.3306717276573181,2.3019120693206787
2,203,0.3248528838157654,1.8602452278137207
2,204,0.01235936675220728,0.33733242750167847
2,205,0.013296023942530155,0.35760506987571716
2,206,0.2836725115776062,7.785056114196777
2,207,0.3264490067958832,1.6999891996383667
2,208,0.31904274225234985,3.3133230209350586
2,209,0.020696884021162987,0.8781140446662903
2,210,0.06587833166122437,57.88554000854492
2,211,0.28749507665634155,1.6359834671020508
2,212,0.032920125871896744,1.1869529485702515
2,213,0.03930702432990074,12.8661527633667
2,214,0.357856422662735,130.440185546875
2,215,0.03193806856870651,0.9157323241233826
2,216,0.20991316437721252,170.71917724609375
2,217,0.04541703313589096,7.820127964019775
2,218,0.02947104349732399,1.5716347694396973
2,219,0.033761944621801376,1.503311276435852
2,220,0.021928897127509117,0.7538512349128723
2,221,0.15107020735740662,63.97989273071289
2,222,0.019625617191195488,0.4657341539859772
2,223,0.46507424116134644,36.62589645385742
2,224,0.6012174487113953,3.4246511459350586
2,225,0.017449919134378433,2.5233347415924072
2,226,0.013971739448606968,0.3389989733695984
2,227,0.013141474686563015,0.3195750117301941
2,228,0.012471276335418224,0.29062819480895996
2,229,0.01153704896569252,0.323342889547348
2,230,0.6323720812797546,3.7749736309051514
2,231,0.3531329333782196,1.9128013849258423
2,232,0.011148195713758469,3.6355438232421875
2,233,0.009055222384631634,0.2128681093454361
2,234,0.010015752166509628,0.2229018211364746
2,235,0.01048418041318655,0.25930488109588623
2,236,0.00946319755166769,0.22249647974967957
2,237,0.36152100563049316,1.8469033241271973
2,238,0.2863059341907501,29.00905990600586
2,239,0.009380986914038658,0.2352439910173416
2,240,0.640262246131897,3.3105921745300293
2,241,0.012387481518089771,0.4041663706302643
2,242,0.012570061720907688,0.3400634825229645
2,243,0.011863880790770054,0.3495067059993744
2,244,0.010255470871925354,0.26831725239753723
2,245,0.012026652693748474,0.3150874972343445
2,246,0.7958537936210632,23.29437828063965
2,247,0.01060678344219923,0.2970860004425049
2,248,0.2662794888019562,13.965309143066406
2,249,0.7021793127059937,3.7240853309631348
2,250,0.33547452092170715,1.9154704809188843
2,251,0.3138042688369751,13.502632141113281
2,252,0.010763958096504211,0.29822999238967896
2,253,0.011378413997590542,0.28573212027549744
2,254,0.011822020635008812,0.2874181866645813
2,255,0.9340612888336182,9.006942749023438
2,256,0.012531276792287827,0.3313131332397461
2,257,0.3455877900123596,1.855494737625122
2,258,0.3118245601654053,1.7852880954742432
2,259,0.016438500955700874,1.8378163576126099
2,260,0.016811421141028404,0.44901058077812195
2,261,0.018591515719890594,2.0496432781219482
2,262,0.3187651038169861,1.5061193704605103
2,263,0.02038530819118023,0.5420751571655273
2,264,0.031172823160886765,18.54729652404785
2,265,0.21185612678527832,56.85652542114258
2,266,0.2956371605396271,1.4407899379730225
2,267,0.021474968641996384,0.5585179328918457
2,268,0.3116770088672638,1.6938172578811646
2,269,0.026174938306212425,0.6776336431503296
2,270,0.025926463305950165,0.6493648290634155
2,271,0.2719223201274872,1.2642673254013062
2,272,0.2154732346534729,17.599946975708008
2,273,0.026878314092755318,0.8145021200180054
2,274,0.26696300506591797,6.1689348220825195
2,275,0.3179994821548462,1.508338451385498
2,276,0.2918494641780853,1.340796947479248
2,277,0.743344783782959,4.684398174285889
2,278,0.03545958176255226,0.8946277499198914
2,279,0.036927346140146255,0.9407580494880676
2,280,0.5435926914215088,3.0710301399230957
2,281,0.43610861897468567,30.907001495361328
2,282,0.04517199471592903,1.131974697113037
2,283,0.03599756956100464,0.8740828633308411
2,284,0.037949416786432266,0.9555172920227051
2,285,0.030364295467734337,0.7032274007797241
2,286,0.28443679213523865,1.457580327987671
2,287,0.022022582590579987,0.5150934457778931
2,288,0.01929071918129921,0.432167649269104
2,289,0.25805002450942993,11.255168914794922
2,290,0.3642352223396301,1.711297869682312
2,291,0.012123677879571915,0.2822016775608063
2,292,0.011195559985935688,0.27065712213516235
2,293,0.680487871170044,3.545231342315674
2,294,0.010843838565051556,0.6658315658569336
2,295,0.010343327187001705,0.24098695814609528
2,296,0.009159126318991184,0.19693095982074738
2,297,0.6447744369506836,3.5517232418060303
2,298,0.014946699142456055,18.870391845703125
2,299,0.008365049958229065,0.1972532719373703
2,300,0.3302607536315918,2.4835078716278076
2,301,0.00889100693166256,0.22881969809532166
2,302,0.009830862283706665,0.23906023800373077
2,303,0.7074810862541199,3.6876955032348633
2,304,0.0103039825335145,0.2713516056537628
2,305,0.011625195853412151,0.31316378712654114
2,306,0.23339636623859406,52.66609573364258
2,307,0.012408584356307983,0.32914140820503235
2,308,0.3178400695323944,1.950911045074463
2,309,0.5488879084587097,127.68724060058594
2,310,0.01565852388739586,0.5731805562973022
2,311,0.013621581718325615,0.3330173194408417
2,312,0.014525184407830238,0.3827219009399414
2,313,1.0015919208526611,5.330254077911377
2,314,0.013168152421712875,0.5351338386535645
2,315,0.4289677143096924,88.16370391845703
2,316,0.016113154590129852,0.8692135810852051
2,317,0.29444649815559387,12.394546508789062
2,318,0.013931479305028915,0.3522195518016815
2,319,0.3487575650215149,4.41460657119751
2,320,0.013731289654970169,0.3539234399795532
2,321,0.011129745282232761,0.22687089443206787
2,322,0.44118747115135193,88.16293334960938
2,323,0.011411026120185852,0.25499865412712097
2,324,0.648867130279541,3.4625048637390137
2,325,0.011050147004425526,0.26240596175193787
2,326,0.009729563258588314,0.2159414440393448
2,327,0.339163213968277,1.8516709804534912
2,328,0.010313043370842934,0.23269157111644745
2,329,0.33108916878700256,2.2209277153015137
2,330,0.012138236314058304,0.30718523263931274
2,331,0.01104238536208868,0.26058468222618103
2,332,0.3381370007991791,1.6872634887695312
2,333,0.08564912527799606,65.48009490966797
2,334,0.3287946283817291,1.6569781303405762
2,335,0.018418502062559128,0.5365658402442932
2,336,0.2684062421321869,1.7589857578277588
2,337,0.020226048305630684,0.5259129405021667
2,338,0.02168072760105133,0.57528156042099
2,339,0.022264745086431503,0.5934749841690063
2,340,0.2689209580421448,4.474494934082031
2,341,0.023998618125915527,0.6499476432800293
2,342,0.3024643063545227,2.427873134613037
2,343,0.2595342993736267,1.4153521060943604
2,344,0.3170091211795807,3.175945281982422
2,345,0.3453957140445709,1.4919638633728027
2,346,0.025699235498905182,0.6642986536026001
2,347,0.032414063811302185,0.9190253019332886
2,348,0.5430619120597839,3.024304151535034
2,349,0.029648248106241226,1.2200725078582764
2,350,0.03387366980314255,2.862314462661743
2,351,0.266060471534729,1.2138398885726929
2,352,0.029060835018754005,0.6923414468765259
2,353,0.2641439437866211,1.3846334218978882
2,354,0.02699643187224865,0.6567277312278748
2,355,0.026499589905142784,0.6404188871383667
2,356,0.5949053764343262,2.931338310241699
2,357,0.025536105036735535,0.6070318222045898
2,358,0.01972750946879387,0.4564071595668793
2,359,0.29270443320274353,1.5724608898162842
2,360,0.25980299711227417,1.4362460374832153
2,361,0.5301854610443115,2.9417169094085693
2,362,0.2452477067708969,1.3257068395614624
2,363,0.27174997329711914,1.3602811098098755
2,364,0.27688390016555786,11.242816925048828
2,365,0.32025986909866333,1.1123234033584595
2,366,0.27426281571388245,1.4104994535446167
2,367,0.07644346356391907,1.892959475517273
2,368,0.25978153944015503,71.57622528076172
2,369,0.28743600845336914,1.057260274887085
2,370,0.2843383848667145,4.697092533111572
2,371,0.23667475581169128,5.6603684425354
2,372,0.17962811887264252,40.46811294555664
2,373,0.0674550011754036,1.3437615633010864
2,374,0.05892936885356903,1.0940303802490234
2,375,0.05073154345154762,0.972331166267395
2,376,0.047958988696336746,1.129197359085083
2,377,0.03279874473810196,0.7213837504386902
2,378,0.027065590023994446,0.860903799533844
2,379,0.019739564508199692,0.5686690807342529
2,380,0.012946930713951588,0.2805801331996918
2,381,0.016290394589304924,10.224555015563965
2,382,0.9510747790336609,8.065455436706543
2,383,0.13516908884048462,87.49957275390625
2,384,0.4156404137611389,2.066434144973755
2,385,0.3700546324253082,1.8746166229248047
2,386,0.4155498743057251,56.35639190673828
2,387,0.007663862779736519,0.3208414912223816
2,388,0.4018956124782562,2.204663038253784
2,389,0.006049938499927521,0.1323135793209076
2,390,0.005798387341201305,0.14862851798534393
2,391,0.006692872382700443,0.23999328911304474
2,392,0.0070708757266402245,0.2711408734321594
2,393,0.3660816252231598,1.8593558073043823
2,394,0.007502941880375147,0.25056424736976624
2,395,0.36935484409332275,1.9759023189544678
2,396,0.008907661773264408,0.28843003511428833
2,397,0.38929271697998047,33.544010162353516
2,398,0.01163791585713625,0.4220502972602844
2,399,0.6445614695549011,4.354119777679443
2,400,0.01637907326221466,0.7557597756385803
2,401,0.013088751584291458,0.5254482626914978
2,402,0.6054912209510803,8.7307767868042
2,403,0.6388791799545288,4.400594234466553
2,404,0.6571075320243835,4.665609836578369
2,405,0.9401092529296875,76.00946044921875
2,406,0.01841944456100464,1.045975685119629
2,407,0.7056462168693542,44.18060302734375
2,408,0.021728741005063057,0.9992733001708984
2,409,0.023270823061466217,1.9949240684509277
2,410,0.22947873175144196,86.19436645507812
2,411,0.016835182905197144,0.5003406405448914
2,412,0.29737627506256104,1.7364006042480469
2,413,0.6157501935958862,3.411759853363037
2,414,0.016056854277849197,0.442221999168396
2,415,0.3107820451259613,1.717690110206604
2,416,0.32267627120018005,1.576157808303833
2,417,0.018660888075828552,0.44289353489875793
2,418,0.29928216338157654,1.4417810440063477
2,419,0.25608858466148376,1.4434654712677002
2,420,0.035007018595933914,0.9203165173530579
2,421,0.032376982271671295,0.8197912573814392
2,422,0.045279983431100845,3.123293876647949
2,423,0.3051764667034149,1.3416635990142822
2,424,0.03175441920757294,0.72340327501297
2,425,0.5456576347351074,2.9504740238189697
2,426,0.3414051830768585,57.31900405883789
2,427,0.27502065896987915,31.537141799926758
2,428,0.5160399675369263,16.525571823120117
2,429,0.28102442622184753,1.5231812000274658
2,430,0.039321184158325195,0.8863486647605896
2,431,0.3023947775363922,1.3003214597702026
2,432,0.2682444155216217,1.1365422010421753
2,433,0.25068265199661255,1.0957785844802856
2,434,0.05265974998474121,1.2995578050613403
2,435,0.0634145736694336,1.6086705923080444
2,436,0.05775292590260506,14.90109634399414
2,437,0.33331939578056335,1.2684928178787231
2,438,0.1230352595448494,51.86232376098633
2,439,0.27482783794403076,1.138397216796875
2,440,0.30730918049812317,5.54231595993042
2,441,0.04148758575320244,0.9408172965049744
2,442,0.30795353651046753,1.4055286645889282
2,443,0.25870588421821594,1.4912688732147217
2,444,0.2726697623729706,1.1049129962921143
2,445,0.03648176044225693,0.8183900713920593
2,446,0.30041560530662537,1.5606087446212769
2,447,0.5027270317077637,2.8585164546966553
2,448,0.04080012068152428,0.9836836457252502
2,449,0.30883654952049255,1.1055388450622559
2,450,0.04499958083033562,1.2186092138290405
2,451,0.04268606752157211,1.2019718885421753
2,452,0.2527749240398407,2.7226333618164062
2,453,0.4039035439491272,85.07064819335938
2,454,0.29318878054618835,1.385061264038086
2,455,0.27826792001724243,1.3963803052902222
2,456,0.029138974845409393,0.6669771671295166
2,457,0.029385723173618317,0.686492919921875
2,458,0.10420788079500198,74.14061737060547
2,459,0.02201008051633835,0.5160204172134399
2,460,0.30544283986091614,1.407567024230957
2,461,0.019984804093837738,0.47995373606681824
2,462,0.02161400206387043,0.4984884262084961
2,463,0.30026522278785706,1.648283839225769
2,464,0.28023433685302734,78.52326202392578
2,465,0.017156818881630898,0.43298953771591187
2,466,0.3261352777481079,1.647207498550415
2,467,0.3073444664478302,1.4971015453338623
2,468,0.021838776767253876,0.5397300720214844
2,469,0.541565477848053,7.48568058013916
2,470,0.02084614336490631,0.5545015931129456
2,471,0.2571883201599121,1.3654472827911377
2,472,0.024447843432426453,0.6659210324287415
2,473,0.7955954670906067,12.23340129852295
2,474,0.5965827107429504,2.897552013397217
2,475,0.5286076068878174,10.738334655761719
2,476,0.03834385797381401,1.1527318954467773
2,477,0.03933100029826164,10.147132873535156
2,478,0.25026750564575195,1.047899842262268
2,479,0.5682157278060913,2.6786692142486572
2,480,0.03543286770582199,0.9280292987823486
2,481,0.0402652882039547,1.0060487985610962
2,482,0.32037532329559326,1.3543405532836914
2,483,0.3166886270046234,1.4202795028686523
2,484,0.04110857471823692,1.1430740356445312
2,485,0.04040129482746124,0.9223244786262512
2,486,0.03761765733361244,0.8866994976997375
2,487,0.028864137828350067,0.7070894837379456
2,488,0.02591533027589321,0.6160643100738525
2,489,0.31838616728782654,1.6054527759552002
2,490,0.016343221068382263,0.40438783168792725
2,491,0.014371291734278202,0.3484067916870117
2,492,0.6633133292198181,4.094106674194336
2,493,0.011535631492733955,0.2780888080596924
2,494,0.32978495955467224,1.8812878131866455
2,495,0.010485801845788956,0.27810409665107727
2,496,0.010758534073829651,0.2757265865802765
2,497,0.011168049648404121,0.2960135340690613
2,498,0.3258015513420105,2.50911283493042
2,499,0.010925358161330223,0.3035305142402649
2,500,0.01110803335905075,0.3331267535686493
2,501,0.3629160225391388,1.883798599243164
2,502,0.3674074411392212,19.588483810424805
2,503,0.01024225726723671,0.3087652623653412
2,504,0.011355302296578884,0.3606904447078705
2,505,0.38270559906959534,1.9388093948364258
2,506,0.3759355843067169,1.8510109186172485
2,507,0.5787920951843262,6.350759029388428
2,508,0.3223005533218384,1.6752538681030273
2,509,0.01875457540154457,0.629486620426178
2,510,0.02123483456671238,0.7196844220161438
2,511,0.024078048765659332,0.7886157035827637
2,512,1.472833514213562,8.99104118347168
2,513,0.02740882895886898,0.9145746827125549
2,514,0.027785250917077065,0.9947080612182617
2,515,0.07404074817895889,91.36187744140625
2,516,0.01695336401462555,0.4477171003818512
2,517,0.01989155262708664,0.7572328448295593
2,518,0.017030905932188034,0.5814376473426819
2,519,0.31249189376831055,1.9722940921783447
2,520,0.024040721356868744,29.923744201660156
2,521,0.3326769471168518,1.8087074756622314
2,522,0.012445535510778427,0.328138142824173
2,523,0.3209454119205475,1.8456388711929321
2,524,0.013170917518436909,0.321995347738266
2,525,0.012059285305440426,0.286051481962204
2,526,0.012726644054055214,0.29815873503685
2,527,0.012504102662205696,0.301662415266037
2,528,0.011946294456720352,0.33133459091186523
2,529,0.31560763716697693,1.8297621011734009
2,530,0.012056121602654457,0.33469104766845703
2,531,0.010962904430925846,0.30094319581985474
2,532,0.6858936548233032,3.8032922744750977
2,533,0.3556867837905884,1.8374301195144653
2,534,0.3094417154788971,1.6053162813186646
2,535,0.6149866580963135,3.2903077602386475
2,536,0.2979022264480591,1.4626047611236572
2,537,0.03341767564415932,1.1563661098480225
2,538,0.25590938329696655,0.9768556356430054
2,539,0.2808700501918793,1.1179572343826294
2,540,0.4409622550010681,1.674342393875122
2,541,0.07518907636404037,2.331162691116333
2,542,0.08221442252397537,2.390211343765259
2,543,0.09241953492164612,2.40529203414917
2,544,0.48374372720718384,11.330178260803223
2,545,0.08257880806922913,1.83328115940094
2,546,0.07177083194255829,1.586889386177063
2,547,0.3287115693092346,1.3954561948776245
2,548,0.19070115685462952,72.84957122802734
2,549,0.26852530241012573,3.488067626953125
2,550,0.5679118633270264,3.1296885013580322
2,551,0.28496497869491577,1.5083236694335938
2,552,0.2866784930229187,1.347377061843872
2,553,0.24975267052650452,1.3097500801086426
2,554,0.5128890872001648,3.3962972164154053
2,555,0.044919829815626144,1.0493230819702148
2,556,0.2532040774822235,0.8798692226409912
2,557,0.0559639036655426,1.5385289192199707
2,558,0.04979044944047928,1.3704197406768799
2,559,0.23851270973682404,5.381025791168213
2,560,0.04949449375271797,1.5126426219940186
2,561,0.268876314163208,9.99482250213623
2,562,0.05454818159341812,14.959446907043457
2,563,0.03224099054932594,0.8938989043235779
2,564,0.02323707565665245,0.5480204224586487
2,565,0.2717418968677521,2.9956705570220947
2,566,0.021211722865700722,2.2496845722198486
2,567,0.01816662959754467,1.088016390800476
2,568,0.16316938400268555,127.48872375488281
2,569,0.31341874599456787,1.7196590900421143
2,570,0.012622801586985588,0.9524170756340027
2,571,0.011225929483771324,0.2988201677799225
2,572,0.008512994274497032,0.24159228801727295
2,573,0.34850746393203735,1.871399998664856
2,574,0.381240576505661,4.453372955322266
2,575,0.3334348797798157,1.9771698713302612
2,576,0.009646454825997353,0.2516009509563446
2,577,0.15943068265914917,94.3245620727539
2,578,0.3826005458831787,2.0346882343292236
2,579,0.009603247046470642,0.2394184023141861
2,580,0.33402740955352783,1.7853753566741943
2,581,0.2807885408401489,7.9026618003845215
2,582,0.019560597836971283,0.5408053398132324
2,583,0.01917353644967079,0.5396347641944885
2,584,0.28240370750427246,7.781069278717041
2,585,0.022281408309936523,0.6206495761871338
2,586,0.01866847649216652,0.5083701610565186
2,587,0.02008548565208912,0.53004390001297
2,588,0.3121115565299988,1.5127507448196411
2,589,0.5996759533882141,15.611140251159668
2,590,0.28066378831863403,1.528476595878601
2,591,0.018165839836001396,0.4766266644001007
2,592,0.018727077171206474,0.44918110966682434
2,593,0.01776130497455597,0.46699991822242737
2,594,0.015758154913783073,0.40096038579940796
2,595,0.36902669072151184,1.7917345762252808
2,596,0.2839805483818054,6.174586296081543
2,597,0.0160363856703043,0.4084259867668152
2,598,0.31876426935195923,1.6838977336883545
2,599,0.30336907505989075,1.700124740600586
2,600,0.017781469970941544,0.521607518196106
2,601,0.023322442546486855,1.9627052545547485
2,602,0.01827908866107464,0.9198375344276428
2,603,0.5442929267883301,318.00360107421875
2,604,0.5917963981628418,3.1957263946533203
2,605,0.5477491617202759,93.19208526611328
2,606,0.022892050445079803,0.6722561120986938
2,607,0.2995659112930298,1.5059304237365723
2,608,0.02183534763753414,0.6015549898147583
2,609,0.023934433236718178,0.6836086511611938
2,610,0.2747565507888794,1.4600210189819336
2,611,0.22326399385929108,24.396039962768555
2,612,0.49791601300239563,38.4767951965332
2,613,0.25856852531433105,1.4495576620101929
2,614,0.026564348489046097,0.7288114428520203
2,615,0.02836943231523037,0.7968079447746277
2,616,0.02438933029770851,0.674228310585022
2,617,0.1480281949043274,91.25988006591797
2,618,0.022289756685495377,0.5769572854042053
2,619,0.016308249905705452,0.41209614276885986
3,0,0.016193559393286705,0.475536972284317
3,1,0.6090052127838135,4.617545127868652
3,2,0.13580961525440216,156.45675659179688
3,3,0.6776732802391052,7.151985168457031
3,4,0.7223494052886963,4.0895867347717285
3,5,0.36085930466651917,1.8513288497924805
3,6,0.014341185800731182,0.47324639558792114
3,7,0.014236850664019585,0.4368797838687897
3,8,1.0076420307159424,140.9197235107422
3,9,0.012605961412191391,0.7228593230247498
3,10,0.29850533604621887,1.8185842037200928
3,11,0.27058765292167664,6.364326000213623
3,12,0.015848657116293907,0.43682554364204407
3,13,0.03575471416115761,12.690052032470703
3,14,0.3187841475009918,1.7275917530059814
3,15,0.01979788951575756,1.5304374694824219
3,16,0.01669849455356598,0.5444332957267761
3,17,0.3722204267978668,73.08234405517578
3,18,0.29197758436203003,12.495124816894531
3,19,0.020573636516928673,1.2267730236053467
3,20,0.017525551840662956,0.46546268463134766
3,21,0.33377471566200256,1.6489452123641968
3,22,0.03933262825012207,34.45745849609375
3,23,0.01793666183948517,0.4732767939567566
3,24,0.018470078706741333,0.518427848815918
3,25,0.6188069581985474,3.430769920349121
3,26,0.8601540923118591,4.909902572631836
3,27,0.30340877175331116,1.5283585786819458
3,28,0.022371526807546616,0.603881299495697
3,29,0.025579698383808136,0.6803719401359558
3,30,0.26315394043922424,1.3366144895553589
3,31,0.278550922870636,1.368715524673462
3,32,0.026036521419882774,0.6733486652374268
3,33,0.036804262548685074,0.9666838645935059
3,34,0.03032737970352173,0.8000773191452026
3,35,0.031222445890307426,0.8216850161552429
3,36,0.2949363589286804,1.3846796751022339
3,37,0.02566366083920002,0.7301283478736877
3,38,0.2534061074256897,1.222216248512268
3,39,0.30386883020401,1.6390892267227173
3,40,0.02280491776764393,0.5622733235359192
3,41,0.8473443388938904,5.14214563369751
3,42,0.2795916497707367,1.9442498683929443
3,43,0.021636534482240677,0.5632401704788208
3,44,0.2618260085582733,1.5499186515808105
3,45,0.26160237193107605,1.3061327934265137
3,46,0.528959333896637,3.321537494659424
3,47,0.03439776599407196,0.8889361023902893
3,48,0.2642398178577423,1.5362216234207153
3,49,0.04536735266447067,1.4851995706558228
3,50,0.0491056889295578,1.4071215391159058
3,51,0.047913726419210434,1.3060046434402466
3,52,0.4513317048549652,9.661545753479004
3,53,0.2562723755836487,1.5851306915283203
3,54,0.4312255382537842,4.109488487243652
3,55,0.05055759847164154,6.2366485595703125
3,56,0.04338861256837845,1.9390045404434204
3,57,0.043795395642519,1.370273470878601
3,58,0.26557472348213196,1.7648385763168335
3,59,0.23000890016555786,2.3502047061920166
3,60,0.3446338176727295,1.8656954765319824
3,61,0.03465856984257698,1.0948914289474487
3,62,0.033625345677137375,1.3362916707992554
3,63,0.028501184657216072,0.7582671642303467
3,64,0.3179476857185364,5.977409362792969
3,65,0.3190809488296509,1.919670581817627
3,66,0.3100607991218567,27.703807830810547
3,67,0.019103115424513817,0.503123939037323
3,68,0.35984551906585693,1.8149173259735107
3,69,0.01487664319574833,0.38335591554641724
3,70,0.014272326603531837,0.39238566160202026
3,71,0.015693096444010735,1.4713200330734253
3,72,0.011346080340445042,0.3054162263870239
3,73,0.30781567096710205,6.876396179199219
3,74,0.3158589005470276,1.775114893913269
3,75,0.5727233290672302,3.9025299549102783
3,76,0.01124426256865263,0.3773312270641327
3,77,0.2881949245929718,1.7797355651855469
3,78,0.012321529909968376,0.6339353322982788
3,79,0.5835537910461426,11.944342613220215
3,80,0.30716755986213684,1.8738523721694946
3,81,0.01943218521773815,0.5973578095436096
3,82,0.017241820693016052,0.5564558506011963
3,83,0.2605533003807068,17.24970054626465
3,84,0.31043925881385803,1.5275694131851196
3,85,0.028609609231352806,1.045764684677124
3,86,0.025656208395957947,0.7640812397003174
3,87,0.019598159939050674,0.5654967427253723
3,88,0.037131112068891525,9.716383934020996
3,89,0.8794922828674316,6.230579376220703
3,90,0.01804340071976185,0.6028684377670288
3,91,0.5087480545043945,35.25920486450195
3,92,0.018125049769878387,0.5116428732872009
3,93,0.6069356203079224,4.826170444488525
3,94,0.01502273604273796,0.4307018220424652
3,95,0.020161472260951996,0.6540056467056274
3,96,0.39038941264152527,115.86551666259766
3,97,0.30197852849960327,5.951572418212891
3,98,0.013768764212727547,0.5972397923469543
3,99,0.01773308590054512,0.6798811554908752
3,100,0.010276353918015957,0.24243119359016418
3,101,0.3190315365791321,3.162886381149292
3,102,0.009635062888264656,0.2195555418729782
3,103,0.36316847801208496,2.9564433097839355
3,104,0.3241305947303772,10.274333000183105
3,105,0.34839946031570435,4.643030643463135
3,106,0.009863493032753468,0.3288877010345459
3,107,0.35412850975990295,2.099679946899414
3,108,0.3417873978614807,2.158414840698242
3,109,0.011149904690682888,0.31176331639289856
3,110,0.01249908097088337,0.34731751680374146
3,111,0.04865973815321922,43.7165641784668
3,112,0.018042175099253654,3.0196521282196045
3,113,0.017697157338261604,0.7226674556732178
3,114,0.011902118101716042,0.30560025572776794
3,115,0.013205238617956638,0.43310490250587463
3,116,0.013700051233172417,0.44212135672569275
3,117,0.011156871914863586,0.3359849154949188
3,118,0.3893619477748871,1.9252182245254517
3,119,0.009749066084623337,0.24580411612987518
3,120,0.2998642921447754,18.643815994262695
3,121,0.008588525466620922,0.2369970977306366
3,122,0.008355650119483471,0.23368790745735168
3,123,0.6527417898178101,3.782670259475708
3,124,0.35628944635391235,2.146061897277832
3,125,0.008768872357904911,0.2139941304922104
3,126,0.6447122693061829,3.5136401653289795
3,127,0.26771286129951477,39.142459869384766
3,128,0.010839778929948807,0.27994880080223083
3,129,0.33182570338249207,1.8924617767333984
3,130,0.32397136092185974,1.7173595428466797
3,131,0.015654444694519043,0.42900922894477844
3,132,0.32839757204055786,1.5475634336471558
3,133,0.025539670139551163,0.7287033200263977
3,134,0.024636056274175644,0.7056707143783569
3,135,0.03933735936880112,82.9607162475586
3,136,0.5233883857727051,2.826730489730835
3,137,0.029680386185646057,0.8193004727363586
3,138,0.02962065301835537,1.4992036819458008
3,139,0.31554538011550903,44.86946487426758
3,140,0.25761738419532776,1.1816706657409668
3,141,0.032467763870954514,0.8222945332527161
3,142,0.029842661693692207,0.7382218837738037
3,143,0.5453234314918518,2.831334352493286
3,144,0.09088996052742004,52.30714797973633
3,145,0.027206825092434883,0.6412495374679565
3,146,0.031018873676657677,0.7776678204536438
3,147,0.2721586525440216,1.500718355178833
3,148,0.02412847802042961,0.5343259572982788
3,149,0.2854991555213928,1.3931020498275757
3,150,0.3010011613368988,1.4541258811950684
3,151,0.022629933431744576,0.5346893668174744
3,152,0.029814396053552628,0.7092007994651794
3,153,0.28454145789146423,1.3691253662109375
3,154,0.231452077627182,2.146071434020996
3,155,0.025368576869368553,0.6426781415939331
3,156,0.029876144602894783,0.7652523517608643
3,157,0.2825107276439667,1.1613340377807617
3,158,0.02881387621164322,16.97819709777832
3,159,0.025725122541189194,0.6723451614379883
3,160,0.02294318936765194,0.6216082572937012
3,161,0.020666001364588737,0.5981926321983337
3,162,0.019147131592035294,0.4899241328239441
3,163,0.016890540719032288,1.5541627407073975
3,164,0.30142083764076233,1.8094624280929565
3,165,0.36109402775764465,2.0154263973236084
3,166,0.011532502248883247,0.30092284083366394
3,167,0.011344476602971554,0.27966251969337463
3,168,0.3288274109363556,1.8552827835083008
3,169,0.30177807807922363,4.571445941925049
3,170,0.34694546461105347,1.892390489578247
3,171,0.01158768031746149,0.2819843292236328
3,172,0.0333874449133873,15.247868537902832
3,173,0.01350596733391285,0.7505512833595276
3,174,0.3120157718658447,1.8500224351882935
3,175,0.01667611114680767,0.4526902139186859
3,176,0.32513147592544556,15.670696258544922
3,177,0.46455883979797363,38.662071228027344
3,178,0.015747832134366035,0.39734581112861633
3,179,0.3182605803012848,191.63165283203125
3,180,0.2759071886539459,16.313901901245117
3,181,0.5333545207977295,4.813165187835693
3,182,0.24039801955223083,21.04246711730957
3,183,0.32149538397789,1.7072088718414307
3,184,0.24309904873371124,1.4065479040145874
3,185,0.02125132642686367,0.613162636756897
3,186,0.02852218598127365,0.796239972114563
3,187,0.07017464190721512,60.51040267944336
3,188,0.029282476752996445,0.792715847492218
3,189,0.061845943331718445,18.7611083984375
3,190,0.021191423758864403,0.5180907249450684
3,191,0.01937755197286606,0.45750781893730164
3,192,0.23620016872882843,1.7672737836837769
3,193,0.26912230253219604,24.340641021728516
3,194,0.023694651201367378,4.978851795196533
3,195,0.017142247408628464,0.4002748429775238
3,196,0.018879974260926247,0.4776213765144348
3,197,0.3350030183792114,5.711702823638916
3,198,0.34223511815071106,1.841713786125183
3,199,0.0170535147190094,0.5899231433868408
3,200,0.021293485537171364,4.830128192901611
3,201,0.5760754942893982,3.5798003673553467
3,202,0.6104922890663147,3.5377604961395264
3,203,0.022209713235497475,6.458247661590576
3,204,0.37016531825065613,230.2584686279297
3,205,0.01505661103874445,0.3769870698451996
3,206,0.02249390073120594,0.7358473539352417
3,207,0.019165901467204094,0.4836399555206299
3,208,0.6346278190612793,3.4431614875793457
3,209,0.020963085815310478,0.541555643081665
3,210,0.6429475545883179,3.6974613666534424
3,211,0.6657933592796326,3.5877866744995117
3,212,0.29872044920921326,1.7060452699661255
3,213,0.018296927213668823,0.46243417263031006
3,214,0.3034098446369171,1.605761170387268
3,215,0.03008083626627922,0.8120498061180115
3,216,0.03475197032094002,4.585351943969727
3,217,0.036493539810180664,0.9839085936546326
3,218,0.2864595949649811,1.4428598880767822
3,219,0.2622327506542206,1.3165150880813599
3,220,0.5711352825164795,2.8890159130096436
3,221,0.2784639000892639,1.303331971168518
3,222,0.27222076058387756,1.4243385791778564
3,223,0.26867029070854187,1.233102560043335
3,224,0.4549677073955536,2.194732904434204
3,225,0.07380685210227966,1.845890760421753
3,226,0.46368342638015747,1.786406397819519
3,227,0.2516143321990967,13.540550231933594
3,228,0.2444130927324295,1.6773215532302856
3,229,0.31786608695983887,6.983919620513916
3,230,0.09490733593702316,2.1330761909484863
3,231,0.12387071549892426,2.5913548469543457
3,232,0.09942591935396194,2.101428747177124
3,233,0.10212519764900208,1.8809889554977417
3,234,0.25641492009162903,1.1553159952163696
3,235,0.053379520773887634,1.041273832321167
3,236,0.25053754448890686,19.632997512817383
3,237,0.039513107389211655,0.8570544719696045
3,238,0.5346686840057373,3.3344509601593018
3,239,0.27074679732322693,3.6049957275390625
3,240,0.12529733777046204,85.57018280029297
3,241,0.3095158040523529,2.804185152053833
3,242,0.33965617418289185,6.646277904510498
3,243,0.01980314962565899,0.6980391144752502
3,244,0.016964834183454514,0.39782512187957764
3,245,0.014723103493452072,0.3659488558769226
3,246,0.3018699288368225,1.7437279224395752
3,247,0.6548186540603638,3.6363015174865723
3,248,0.014295472763478756,0.671259880065918
3,249,0.6140173673629761,4.8493571281433105
3,250,0.013575366698205471,0.33486226201057434
3,251,0.013858107849955559,0.39034634828567505
3,252,0.013842599466443062,0.40844282507896423
3,253,0.01193203404545784,0.3127770721912384
3,254,0.01235472597181797,0.32576698064804077
3,255,0.6013163924217224,16.252826690673828
3,256,0.6844553351402283,3.7998721599578857
3,257,0.012225870974361897,0.4099479913711548
3,258,0.010928652249276638,0.3029671311378479
3,259,0.009794462472200394,0.2462352067232132
3,260,0.320332795381546,3.798089027404785
3,261,0.010661904700100422,0.2962858974933624
3,262,0.361124187707901,1.8185290098190308
3,263,0.010784990154206753,0.3186675012111664
3,264,0.010356058366596699,0.3026873469352722
3,265,0.012080729007720947,0.39724037051200867
3,266,0.009832187555730343,0.27365896105766296
3,267,0.31852659583091736,1.60287344455719
3,268,0.7108688950538635,3.80886173248291
3,269,0.3175867199897766,2.203634738922119
3,270,0.011439042165875435,0.2885127663612366
3,271,0.2993605136871338,3.2574245929718018
3,272,0.4202808737754822,162.55731201171875
3,273,0.6316330432891846,3.945516586303711
3,274,0.016340959817171097,0.41879338026046753
3,275,0.6003175377845764,12.040199279785156
3,276,0.020688578486442566,0.5662566423416138
3,277,0.02186204306781292,0.5813647508621216
3,278,0.02117280475795269,1.3996695280075073
3,279,0.3359077274799347,1.5538445711135864
3,280,0.0225234292447567,0.5755553245544434
3,281,0.3749675154685974,73.72610473632812
3,282,0.01854945346713066,0.4919375777244568
3,283,0.5435424447059631,16.694652557373047
3,284,0.18376319110393524,20.881465911865234
3,285,0.02020960859954357,0.5973344445228577
3,286,0.019979894161224365,0.5181162357330322
3,287,0.3203461766242981,1.7380106449127197
3,288,0.01755956932902336,1.2352349758148193
3,289,0.014266939833760262,0.32966941595077515
3,290,0.15261366963386536,79.19281005859375
3,291,0.014660161919891834,0.8751932382583618
3,292,0.013365386053919792,0.3433458209037781
3,293,0.010817836970090866,0.2635166049003601
3,294,0.011206675320863724,0.36740782856941223
3,295,0.01042149867862463,0.25676319003105164
3,296,0.34826797246932983,1.9550446271896362
3,297,0.3726593852043152,1.8838951587677002
3,298,0.008403669111430645,0.20681853592395782
3,299,0.008883533999323845,0.22991514205932617
3,300,0.011305561289191246,2.519862651824951
3,301,0.34062305092811584,1.8782997131347656
3,302,0.36353710293769836,2.0061933994293213
3,303,0.009313128888607025,0.24860529601573944
3,304,0.3515874743461609,1.9742467403411865
3,305,0.01194851752370596,0.3583782911300659
3,306,0.32324498891830444,1.7512633800506592
3,307,0.01454203762114048,0.7575097680091858
3,308,0.01635691709816456,0.5174108743667603
3,309,0.6232732534408569,3.1783738136291504
3,310,0.018857384100556374,0.5468873977661133
3,311,0.020128145813941956,1.4737801551818848
3,312,0.2752627730369568,1.5967892408370972
3,313,0.3023398816585541,1.5030124187469482
3,314,0.022368337959051132,0.6006626486778259
3,315,0.29404622316360474,1.2174853086471558
3,316,0.029678573831915855,0.8104563355445862
3,317,0.024147680029273033,0.5963925719261169
3,318,0.27218392491340637,1.4159704446792603
3,319,0.24988771975040436,1.4255040884017944
3,320,0.02838354930281639,0.6851076483726501
3,321,0.24875886738300323,1.2869685888290405
3,322,0.2749510705471039,2.631713390350342
3,323,0.07740435749292374,78.0533447265625
3,324,0.03660737723112106,0.8428173065185547
3,325,0.3000327944755554,1.3973723649978638
3,326,0.5005248188972473,2.994594097137451
3,327,0.02615729160606861,0.8361076712608337
3,328,0.029798146337270737,2.680368423461914
3,329,0.04048933833837509,1.8013819456100464
3,330,0.38343217968940735,1.6287308931350708
3,331,0.21333804726600647,1.391921043395996
3,332,0.028464464470744133,0.8981705904006958
3,333,0.02701963670551777,0.6170788407325745
3,334,0.028489142656326294,0.6436954736709595
3,335,0.04344271495938301,58.430355072021484
3,336,0.2176683247089386,1.7260318994522095
3,337,0.2716189920902252,4.376523017883301
3,338,0.01621522754430771,0.3873401880264282
3,339,0.01707001030445099,0.3985561728477478
3,340,0.36132895946502686,2.0470783710479736
3,341,0.3527531325817108,1.8895171880722046
3,342,0.3718714714050293,1.7777196168899536
3,343,0.04172740504145622,55.1080207824707
3,344,0.019918471574783325,0.45766282081604004
3,345,0.019807470962405205,0.49059727787971497
3,346,0.31050819158554077,2.076218843460083
3,347,0.3491438925266266,1.6666654348373413
3,348,0.5729798078536987,4.004861354827881
3,349,0.02551245503127575,0.655239462852478
3,350,0.031003307551145554,0.789357602596283
3,351,0.5471305847167969,3.0208468437194824
3,352,0.29044124484062195,1.2370128631591797
3,353,0.04323315992951393,8.311972618103027
3,354,0.04385653883218765,1.349981427192688
3,355,0.044310908764600754,1.0951697826385498
3,356,0.04502929747104645,1.4165688753128052
3,357,0.29650843143463135,1.3945567607879639
3,358,0.5651585459709167,5.156857013702393
3,359,0.04590320959687233,6.872735023498535
3,360,0.03517705202102661,0.9053031206130981
3,361,0.2726861536502838,1.73348069190979
3,362,0.033156029880046844,0.8308972716331482
3,363,0.029519693925976753,0.8948184847831726
3,364,0.32681384682655334,23.786325454711914
3,365,0.023793349042534828,0.6597064137458801
3,366,0.020395489409565926,0.5357035994529724
3,367,0.01584540493786335,0.47564101219177246
3,368,0.014832276850938797,0.4036594033241272
3,369,0.010562201030552387,0.2637738585472107
3,370,0.008894040249288082,0.246421217918396
3,371,0.3038721978664398,4.463642597198486
3,372,0.00685690063983202,0.14720255136489868
3,373,0.39471638202667236,2.0215888023376465
3,374,0.38377854228019714,3.8297085762023926
3,375,0.00527710048481822,0.14380505681037903
3,376,0.26517847180366516,15.622593879699707
3,377,0.18242070078849792,116.22460174560547
3,378,0.7434032559394836,7.568418025970459
3,379,0.05350552126765251,51.1708984375
3,380,0.0056666717864573,0.18940363824367523
3,381,0.01184298936277628,2.183323621749878
3,382,0.6398800015449524,4.2525177001953125
3,383,0.3115313947200775,9.681554794311523
3,384,0.007104651071131229,0.28599098324775696
3,385,0.34390586614608765,9.642184257507324
3,386,0.06705376505851746,154.4311065673828
3,387,2.0984623432159424,418.9136657714844
3,388,0.01704918034374714,4.9939961433410645
3,389,1.4849073886871338,383.4638977050781
3,390,0.02847021445631981,15.255622863769531
3,391,0.36763495206832886,269.0313415527344
3,392,1.3701698780059814,226.36830139160156
3,393,0.7196604609489441,65.23046112060547
3,394,0.01616956666111946,5.155203342437744
3,395,0.014642111957073212,0.8584008812904358
3,396,0.6451115608215332,3.9096152782440186
3,397,0.009275652468204498,0.3433341383934021
3,398,0.3567083179950714,3.384387731552124
3,399,0.010783183388411999,0.33509519696235657
3,400,0.35476553440093994,1.8257741928100586
3,401,0.011359919793903828,0.31970080733299255
3,402,0.011523515917360783,0.3241040110588074
3,403,0.3387555778026581,2.302816390991211
3,404,0.011523518711328506,0.3076953589916229
3,405,0.012170041911303997,0.3348306119441986
3,406,0.3196430504322052,2.2225115299224854
3,407,0.012102657929062843,0.33881208300590515
3,408,0.3972504436969757,60.73649597167969
3,409,0.01318697165697813,0.35674458742141724
3,410,0.01275781262665987,0.32394054532051086
3,411,0.33018702268600464,1.6580711603164673
3,412,0.6067033410072327,8.525089263916016
3,413,0.015581256709992886,0.42001262307167053
3,414,0.01576799526810646,0.3916185200214386
3,415,0.3178304433822632,1.608140468597412
3,416,0.305182546377182,1.704937219619751
3,417,0.017761873081326485,0.47217443585395813
3,418,0.018968891352415085,0.49890226125717163
3,419,0.29884764552116394,1.4256982803344727
3,420,0.5029336810112,15.958051681518555
3,421,0.02307257056236267,0.6159335374832153
3,422,0.26809534430503845,2.295654296875
3,423,0.5473029613494873,3.2888026237487793
3,424,0.027113033458590508,0.7261792421340942
3,425,0.028129849582910538,0.773975670337677
3,426,0.04534933716058731,16.896833419799805
3,427,0.034509915858507156,0.9468829035758972
3,428,0.10598654299974442,89.69383239746094
3,429,0.02328472211956978,0.5748144388198853
3,430,0.029003677889704704,10.6774263381958
3,431,0.022976743057370186,0.661220908164978
3,432,0.3560541272163391,1.6817468404769897
3,433,0.0213369969278574,2.266012668609619
3,434,0.3374948501586914,29.0699462890625
3,435,0.016577474772930145,0.4256763756275177
3,436,0.5949215292930603,3.9416921138763428
3,437,0.2930726408958435,1.754712700843811
3,438,0.014705494046211243,0.35959890484809875
3,439,0.01451899018138647,0.3484514355659485
3,440,0.014474838972091675,0.3380219638347626
3,441,0.013208683580160141,0.34715282917022705
3,442,0.2789296507835388,2.4193055629730225
3,443,0.33218270540237427,1.714444637298584
3,444,0.39339810609817505,91.88758087158203
3,445,0.26266908645629883,5.467989921569824
3,446,0.015920327976346016,0.4201110899448395
3,447,0.13278403878211975,111.94986724853516
3,448,0.2895185649394989,1.5697875022888184
3,449,0.020716384053230286,0.5408850312232971
3,450,0.027023257687687874,0.8139427900314331
3,451,0.023344215005636215,0.693864107131958
3,452,0.021809635683894157,0.6172592043876648
3,453,0.32169654965400696,1.7557371854782104
3,454,0.01577724702656269,0.39957576990127563
3,455,0.017163189128041267,0.48187968134880066
3,456,0.5751581192016602,3.319136619567871
3,457,0.3294031322002411,1.8545215129852295
3,458,0.01395806111395359,0.35428059101104736
3,459,0.01420961320400238,0.33536988496780396
3,460,0.013220677152276039,0.3044114410877228
3,461,0.020890235900878906,3.284865617752075
3,462,0.2653610408306122,41.354469299316406
3,463,0.330428808927536,1.705991268157959
3,464,0.35839179158210754,1.821759819984436
3,465,0.29746389389038086,1.7635459899902344
3,466,0.6914955377578735,87.82443237304688
3,467,0.01650073193013668,0.48907580971717834
3,468,0.016717620193958282,0.42376279830932617
3,469,0.016559995710849762,0.3950769603252411
3,470,0.5898855924606323,3.472033977508545
3,471,0.018879283219575882,0.4737914502620697
3,472,0.022574763745069504,0.5917527675628662
3,473,0.28337064385414124,1.6547114849090576
3,474,0.020619230344891548,0.5175766944885254
3,475,0.02254236675798893,0.5962867140769958
3,476,0.3740615248680115,32.70240020751953
3,477,0.021273173391819,0.5547012090682983
3,478,0.020963193848729134,0.5571388006210327
3,479,0.015681471675634384,0.3820495009422302
3,480,0.6157771348953247,3.814849853515625
3,481,0.015876824036240578,0.38249197602272034
3,482,0.013666349463164806,0.3664894998073578
3,483,0.013381075114011765,0.33575236797332764
3,484,0.010612033307552338,0.26393863558769226
3,485,0.3476882874965668,1.8796589374542236
3,486,0.3393937945365906,2.004971742630005
3,487,0.009827043861150742,0.21346749365329742
3,488,0.35771873593330383,1.8061355352401733
3,489,0.010331735014915466,0.24240882694721222
3,490,0.010893299244344234,0.25364911556243896
3,491,0.011629781685769558,0.27401241660118103
3,492,0.3436807692050934,2.1039555072784424
3,493,0.37522274255752563,1.7195348739624023
3,494,0.2843891978263855,1.808928370475769
3,495,0.3380016088485718,1.6473664045333862
3,496,0.018858077004551888,0.518777072429657
3,497,0.023053685203194618,0.6452982425689697
3,498,0.2938956618309021,1.3125544786453247
3,499,0.028716884553432465,0.8117831945419312
3,500,0.26582542061805725,1.314062237739563
3,501,0.03153840824961662,0.9138060212135315
3,502,0.03138372674584389,0.8339015245437622
3,503,0.02891061082482338,0.7742164134979248
3,504,0.026132743805646896,0.6569783687591553
3,505,0.5015882253646851,22.288074493408203
3,506,0.281223326921463,2.4741051197052
3,507,0.022887278348207474,0.5292888283729553
3,508,0.01819860003888607,0.39665845036506653
3,509,0.3049245774745941,2.0885801315307617
3,510,0.014610610902309418,0.3439294397830963
3,511,0.01574312523007393,0.37623119354248047
3,512,0.015508795157074928,0.40850281715393066
3,513,0.011740987189114094,0.25429362058639526
3,514,0.010478389449417591,0.2757303714752197
3,515,0.32382932305336,1.8879287242889404
3,516,0.3737717866897583,1.8715767860412598
3,517,1.0313210487365723,12.267691612243652
3,518,0.3308197259902954,2.0848543643951416
3,519,0.010636120103299618,0.2761876583099365
3,520,0.011075407266616821,0.30522429943084717
3,521,1.18710458278656,8.68935775756836
3,522,0.011726034805178642,0.35510995984077454
3,523,0.19571715593338013,7.157327175140381
3,524,0.01663169451057911,1.336715817451477
3,525,0.025518398731946945,7.090948104858398
3,526,0.017458252608776093,0.9628009796142578
3,527,0.35928860306739807,1.755547046661377
3,528,0.33388611674308777,1.7300496101379395
3,529,0.01651083491742611,0.5620504021644592
3,530,0.019169867038726807,0.6119080185890198
3,531,0.019613631069660187,0.5691326260566711
3,532,0.0216000284999609,0.7318105697631836
3,533,0.2741207480430603,1.9630720615386963
3,534,0.013540400192141533,0.37427443265914917
3,535,0.013796750456094742,0.35428518056869507
3,536,0.013745681382715702,0.34964776039123535
3,537,0.2842322289943695,2.1416029930114746
3,538,0.0123746944591403,0.3229452073574066
3,539,0.31354087591171265,1.7268273830413818
3,540,0.09553834050893784,135.54200744628906
3,541,0.30584287643432617,1.6835633516311646
3,542,0.012948713265359402,0.33258581161499023
3,543,0.2392444610595703,9.117591857910156
3,544,0.5885063409805298,3.4122769832611084
3,545,0.01963638886809349,2.8223953247070312
3,546,0.021273009479045868,0.5303731560707092
3,547,0.021808432415127754,0.5288567543029785
3,548,0.3392055928707123,1.648410677909851
3,549,0.49994370341300964,64.375
3,550,0.10177439451217651,50.10127639770508
3,551,0.02485317550599575,0.595370352268219
3,552,0.32214289903640747,1.3549647331237793
3,553,0.01949421502649784,0.4653204381465912
3,554,0.02332044392824173,0.5806052088737488
3,555,0.02436564490199089,0.5874139070510864
3,556,0.018938014283776283,0.43539291620254517
3,557,0.3131897747516632,1.603664517402649
3,558,0.017632141709327698,0.5096016526222229
3,559,0.3118721544742584,7.892705917358398
3,560,0.2770252227783203,5.001584529876709
3,561,0.018072986975312233,0.44065648317337036
3,562,0.015425140038132668,0.3648790717124939
3,563,0.01269887387752533,0.27754491567611694
3,564,0.34170255064964294,1.7619761228561401
3,565,0.011449850164353848,0.27204757928848267
3,566,0.3194473087787628,1.8021632432937622
3,567,0.013129517436027527,0.5673751831054688
3,568,0.012487275525927544,0.3135974705219269
3,569,0.012052018195390701,0.28809815645217896
3,570,0.011064339429140091,0.2662809491157532
3,571,0.34615445137023926,1.7038865089416504
3,572,0.01143651083111763,0.2899089455604553
3,573,0.353608638048172,2.084172487258911
3,574,0.010034180246293545,0.26192596554756165
3,575,0.010997272096574306,0.30153876543045044
3,576,0.5813882350921631,3.293257713317871
3,577,0.012894908897578716,0.35184329748153687
3,578,0.2998385429382324,1.4932373762130737
3,579,0.014548007398843765,0.3909752070903778
3,580,0.29641592502593994,1.5557470321655273
3,581,0.3281407356262207,1.6121717691421509
3,582,0.5906011462211609,3.1471424102783203
3,583,0.28572511672973633,1.34671151638031
3,584,0.026883143931627274,0.7537973523139954
3,585,0.28584426641464233,1.2403978109359741
3,586,0.3079027235507965,97.83472442626953
3,587,0.04845750331878662,1.3877559900283813
3,588,0.25370123982429504,1.0499279499053955
3,589,0.0549965538084507,1.4899905920028687
3,590,0.2612844705581665,0.9563331007957458
3,591,0.05250376835465431,1.1976592540740967
3,592,0.046722669154405594,1.0130006074905396
3,593,0.27344924211502075,1.2139930725097656
3,594,0.041242215782403946,0.8692356944084167
3,595,0.33521223068237305,1.4436734914779663
3,596,0.041409365832805634,1.2183541059494019
3,597,0.03340134024620056,0.7551560997962952
3,598,0.13357013463974,122.6297836303711
3,599,0.021112952381372452,0.42728933691978455
3,600,0.29082658886909485,1.4156370162963867
3,601,0.3455066382884979,1.604262113571167
3,602,0.01746717467904091,0.4152803122997284
3,603,0.5232312083244324,5.696495532989502
3,604,0.01581050641834736,0.44011595845222473
3,605,0.8412679433822632,4.899194240570068
3,606,0.01786944456398487,1.0400547981262207
3,607,0.015832366421818733,2.353180408477783
3,608,0.9027388691902161,5.3698835372924805
3,609,0.3317748010158539,1.6930034160614014
3,610,0.02062772773206234,0.6389880776405334
3,611,0.020194601267576218,0.5890862345695496
3,612,0.29334601759910583,1.4310585260391235
3,613,0.019558126106858253,0.5564875602722168
3,614,0.27715393900871277,1.3853516578674316
3,615,0.2897118926048279,1.4590905904769897
3,616,0.5757072567939758,3.042344093322754
3,617,0.6639735102653503,133.38165283203125
3,618,0.2951463758945465,1.0836193561553955
3,619,0.04629454389214516,1.4295774698257446
4,0,0.048488862812519073,1.3878493309020996
4,1,0.04868267849087715,1.349624752998352
4,2,0.048984088003635406,1.237856149673462
4,3,0.2686478793621063,1.1260014772415161
4,4,0.03710349276661873,0.8659662008285522
4,5,0.03335832431912422,0.7260938286781311
4,6,0.028876181691884995,0.6514289379119873
4,7,0.27924686670303345,1.9452879428863525
4,8,0.01981554552912712,0.4705149233341217
4,9,0.27938562631607056,25.164417266845703
4,10,0.3455008566379547,1.8048899173736572
4,11,0.30380159616470337,1.7190901041030884
4,12,0.6256949305534363,3.1886539459228516
4,13,0.25600433349609375,15.458276748657227
4,14,0.31619665026664734,1.640203833580017
4,15,0.29219308495521545,1.799992322921753
4,16,0.02595103532075882,0.6129630208015442
4,17,0.0203587356954813,0.4761073887348175
4,18,0.024143029004335403,0.6884413361549377
4,19,0.25370165705680847,1.4426792860031128
4,20,0.2457984834909439,238.5712432861328
4,21,0.0258527472615242,0.6440398097038269
4,22,0.26364174485206604,1.4205387830734253
4,23,0.030845794826745987,1.0891902446746826
4,24,0.3012710511684418,1.4763191938400269
4,25,0.0316973514854908,0.7946789264678955
4,26,0.2722316384315491,3.4346840381622314
4,27,0.03696580231189728,11.96663761138916
4,28,0.3419579863548279,50.77020263671875
4,29,0.02860894426703453,0.7471869587898254
4,30,0.02044026553630829,0.5171603560447693
4,31,0.026370519772171974,0.6585862040519714
4,32,0.018985651433467865,0.4638198912143707
4,33,0.02017265185713768,0.4864378273487091
4,34,0.014216545037925243,0.3282459080219269
4,35,0.011811794713139534,0.27085021138191223
4,36,0.011618398129940033,0.2821834981441498
4,37,0.008310829289257526,0.20733962953090668
4,38,0.007321791723370552,0.15610940754413605
4,39,0.0063044242560863495,0.15426680445671082
4,40,0.3564874231815338,2.3632373809814453
4,41,0.004690673667937517,0.1482781171798706
4,42,0.38999587297439575,2.2614526748657227
4,43,0.0051159970462322235,0.0758373811841011
4,44,0.25979405641555786,44.98944854736328
4,45,0.32817327976226807,4.061371803283691
4,46,0.004083894193172455,0.09493129700422287
4,47,0.367073118686676,2.084223508834839
4,48,0.38953131437301636,2.3695387840270996
4,49,0.00508660264313221,0.13553591072559357
4,50,0.7033098340034485,8.506281852722168
4,51,0.0059385523200035095,0.1506178230047226
4,52,1.0380910634994507,17.148618698120117
4,53,0.012918224558234215,12.597121238708496
4,54,0.0070999437011778355,0.18047700822353363
4,55,0.008345390670001507,0.2967967391014099
4,56,0.009005309082567692,0.2496161311864853
4,57,0.3832528293132782,102.87853240966797
4,58,0.2635554075241089,38.44916534423828
4,59,0.010269436053931713,0.3298342823982239
4,60,0.6596124172210693,3.4630863666534424
4,61,0.010915768332779408,0.3426191806793213
4,62,0.30319449305534363,2.2779667377471924
4,63,0.012840739451348782,0.3403119742870331
4,64,0.5390115976333618,220.28562927246094
4,65,0.017099229618906975,1.520890235900879
4,66,0.3932250738143921,208.65846252441406
4,67,0.5056027173995972,4.1056084632873535
4,68,0.01437291968613863,0.47843852639198303
4,69,0.017695464193820953,0.4553529918193817
4,70,0.014023439958691597,0.41820666193962097
4,71,0.5393192172050476,9.011329650878906
4,72,0.30632200837135315,2.034465789794922
4,73,0.35759851336479187,111.69336700439453
4,74,0.34261998534202576,2.68501877784729
4,75,0.2878762185573578,1.8896968364715576
4,76,0.01728241890668869,0.4498377740383148
4,77,0.2871544659137726,1.7136691808700562
4,78,0.02406361699104309,0.6841200590133667
4,79,0.6103000640869141,3.3789494037628174
4,80,1.1119821071624756,13.554017066955566
4,81,0.026322223246097565,0.6569703221321106
4,82,0.2919314503669739,2.308523654937744
4,83,0.4336065948009491,21.86840057373047
4,84,0.029836371541023254,1.809401035308838
4,85,0.056142669171094894,19.34685707092285
4,86,0.03339057043194771,0.8497703075408936
4,87,0.029949262738227844,0.7316666841506958
4,88,0.03912680968642235,1.0225483179092407
4,89,0.20780037343502045,2.6706478595733643
4,90,0.028280798345804214,0.6935703158378601
4,91,0.2619485855102539,10.478507995605469
4,92,0.019394604489207268,0.4560365080833435
4,93,0.01671556755900383,0.5991005301475525
4,94,0.28934046626091003,3.1383440494537354
4,95,0.33344265818595886,1.9408483505249023
4,96,0.014912090264260769,0.45727211236953735
4,97,0.012462840415537357,0.3540979027748108
4,98,0.013584062457084656,0.3943076729774475
4,99,0.011063952930271626,0.24408341944217682
4,100,0.27006328105926514,2.600778818130493
4,101,0.4247962236404419,73.25891876220703
4,102,0.008719072677195072,0.2158447653055191
4,103,0.00917760469019413,0.24476267397403717
4,104,0.008789269253611565,0.21541856229305267
4,105,0.008677879348397255,0.3219699561595917
4,106,0.4348454177379608,61.72615051269531
4,107,0.366395503282547,2.183657646179199
4,108,0.0063173514790833,0.19848179817199707
4,109,0.007981033995747566,0.3959469497203827
4,110,0.00663314014673233,0.15541963279247284
4,111,0.3655773401260376,3.4776573181152344
4,112,0.40502309799194336,2.088670492172241
4,113,0.31789031624794006,3.15006947517395
4,114,0.2918955981731415,2.584705352783203
4,115,0.009319759905338287,0.29120075702667236
4,116,0.30232715606689453,12.558476448059082
4,117,0.00937426183372736,0.23810088634490967
4,118,0.011963436380028725,0.32674089074134827
4,119,0.0116293178871274,0.3965736925601959
4,120,0.3687088191509247,1.907625436782837
4,121,0.6947076916694641,3.621267080307007
4,122,0.11278556287288666,34.43687438964844
4,123,0.279834508895874,2.3310091495513916
4,124,0.2984285354614258,1.6253701448440552
4,125,0.020041044801473618,0.5731272101402283
4,126,0.019828690215945244,0.5132792592048645
4,127,0.3088048994541168,1.6015305519104004
4,128,0.28726962208747864,2.030634641647339
4,129,0.20853203535079956,8.298686027526855
4,130,0.7177125215530396,98.83759307861328
4,131,0.09745575487613678,45.72273254394531
4,132,0.22981730103492737,1.7540943622589111
4,133,0.7434156537055969,53.1682014465332
4,134,0.3162023425102234,7.764411926269531
4,135,0.6940407156944275,107.89450073242188
4,136,0.10300707817077637,16.953805923461914
4,137,0.0732133537530899,2.2729549407958984
4,138,0.6229383945465088,27.764867782592773
4,139,0.06257887184619904,1.374009370803833
4,140,0.0592174306511879,2.0252492427825928
4,141,0.056214187294244766,2.18084454536438
4,142,0.04235232621431351,0.8820559978485107
4,143,0.029266027733683586,0.6068001389503479
4,144,0.52840256690979,2.8057010173797607
4,145,0.02444995753467083,0.5634969472885132
4,146,0.017176717519760132,0.38299843668937683
4,147,0.01890450529754162,0.3931977450847626
4,148,0.31737416982650757,1.6346802711486816
4,149,0.01614680513739586,0.3496434986591339
4,150,0.01377058494836092,0.2952536940574646
4,151,0.010425646789371967,0.24942617118358612
4,152,0.3134627938270569,1.9662542343139648
4,153,0.00971885398030281,0.22092318534851074
4,154,0.3271818459033966,2.2418787479400635
4,155,0.18673928081989288,70.540771484375
4,156,0.3235074281692505,1.999703049659729
4,157,0.009665987454354763,0.2252379059791565
4,158,0.010953639633953571,0.25092530250549316
4,159,0.010111316107213497,0.34825339913368225
4,160,0.33768031001091003,1.9367986917495728
4,161,0.5358102321624756,3.5757834911346436
4,162,0.010999569669365883,0.28010129928588867
4,163,0.5593090653419495,4.03588342666626
4,164,0.4726926386356354,45.31448745727539
4,165,0.2283104956150055,2.0217127799987793
4,166,0.6727544665336609,3.4284780025482178
4,167,0.18387675285339355,65.08442687988281
4,168,0.2739890515804291,5.783761978149414
4,169,0.2506709694862366,5.983541965484619
4,170,0.054634906351566315,3.950993776321411
4,171,0.05798059701919556,1.9800547361373901
4,172,0.3103677034378052,1.9456876516342163
4,173,0.04110926017165184,1.1182061433792114
4,174,0.072904571890831,8.372543334960938
4,175,0.051094453781843185,1.2491172552108765
4,176,0.25459226965904236,12.057268142700195
4,177,0.21186327934265137,30.639097213745117
4,178,0.5681485533714294,54.31804275512695
4,179,0.0267406664788723,0.5726701617240906
4,180,0.30372825264930725,1.5246455669403076
4,181,0.026190735399723053,0.5655495524406433
4,182,0.02324114367365837,0.5187341570854187
4,183,0.020832497626543045,0.6035802364349365
4,184,0.610552966594696,3.7965078353881836
4,185,0.01725645177066326,0.3693009614944458
4,186,0.016018103808164597,0.3616962432861328
4,187,0.5343335270881653,35.4440803527832
4,188,0.013339781202375889,0.29029977321624756
4,189,0.012852368876338005,0.2827026844024658
4,190,0.3290107846260071,1.721328616142273
4,191,0.01082280557602644,0.23991619050502777
4,192,0.3107701539993286,1.7598810195922852
4,193,0.36000677943229675,1.7871490716934204
4,194,0.011437677778303623,0.2833108901977539
4,195,0.6179915070533752,3.4496264457702637
4,196,0.30755048990249634,1.690384030342102
4,197,0.013102589175105095,0.3073960542678833
4,198,0.014726066030561924,0.3817276954650879
4,199,0.018588004633784294,0.518886387348175
4,200,0.01738891191780567,0.44106996059417725
4,201,0.018214832991361618,0.4959764778614044
4,202,0.6150748133659363,4.0555925369262695
4,203,0.015751466155052185,0.41674667596817017
4,204,0.5097621083259583,23.441499710083008
4,205,0.014758924953639507,0.3653792142868042
4,206,0.0151753518730402,0.41661375761032104
4,207,0.3097808063030243,4.427889823913574
4,208,0.01509781926870346,0.3893589377403259
4,209,0.014739233069121838,0.353302001953125
4,210,0.013516811653971672,0.3407719135284424
4,211,0.26499703526496887,20.926095962524414
4,212,0.012516697868704796,0.4686511158943176
4,213,0.011435608379542828,0.32677242159843445
4,214,0.009399905800819397,0.5274284482002258
4,215,0.009427640587091446,0.21937915682792664
4,216,0.008733708411455154,0.2715339660644531
4,217,0.9541897177696228,6.906960487365723
4,218,0.18278756737709045,140.42596435546875
4,219,0.4051837623119354,66.90411376953125
4,220,0.3288421332836151,5.52948522567749
4,221,0.3597889244556427,1.9619466066360474
4,222,0.359723299741745,32.30892562866211
4,223,0.007196829654276371,0.18422946333885193
4,224,0.008022274821996689,0.2424028515815735
4,225,0.34990355372428894,2.001394748687744
4,226,0.009024479426443577,0.22756995260715485
4,227,0.008497136645019054,0.24765117466449738
4,228,0.00949152372777462,0.26473864912986755
4,229,0.34309133887290955,2.050584077835083
4,230,0.3351686894893646,1.8010197877883911
4,231,0.465533584356308,119.44473266601562
4,232,0.012589718215167522,0.3152408003807068
4,233,0.01251482218503952,0.3141115605831146
4,234,0.28519129753112793,6.324283123016357
4,235,0.014209335669875145,0.40310603380203247
4,236,0.014750269241631031,0.4048974812030792
4,237,0.3052898943424225,1.6618051528930664
4,238,0.2910400331020355,1.6549593210220337
4,239,0.016315985471010208,0.4260874092578888
4,240,0.017851509153842926,0.47088325023651123
4,241,0.33878788352012634,13.515812873840332
4,242,1.180086374282837,17.218338012695312
4,243,0.32998770475387573,2.90809965133667
4,244,0.019349535927176476,0.46410471200942993
4,245,0.019588341936469078,0.49863725900650024
4,246,0.01944977231323719,0.48217451572418213
4,247,0.2909671366214752,1.7882105112075806
4,248,0.017763040959835052,0.41969436407089233
4,249,0.27650126814842224,1.933647632598877
4,250,0.2898962199687958,1.6591347455978394
4,251,0.26067692041397095,2.3700027465820312
4,252,0.2720732092857361,1.3941484689712524
4,253,0.5267835855484009,3.159111976623535
4,254,0.03521882742643356,7.779330730438232
4,255,0.030761975795030594,0.8109720945358276
4,256,0.035595644265413284,1.0563397407531738
4,257,0.027303209528326988,0.6492645740509033
4,258,0.032657332718372345,1.6053483486175537
4,259,0.18935473263263702,16.532270431518555
4,260,0.026787735521793365,0.6546326875686646
4,261,0.02897198684513569,0.723630428314209
4,262,0.2676869332790375,1.6558623313903809
4,263,0.5069881677627563,30.79583740234375
4,264,0.024679945781826973,3.3422467708587646
4,265,0.015193494036793709,0.35804665088653564
4,266,0.3374023139476776,1.8562979698181152
4,267,0.376598596572876,1.8137668371200562
4,268,0.013497259467840195,0.2867961525917053
4,269,0.015200048685073853,0.35440245270729065
4,270,0.03134975954890251,7.629688739776611
4,271,0.013904902152717113,0.31122809648513794
4,272,0.01271478645503521,0.29795578122138977
4,273,0.013325140811502934,0.35020944476127625
4,274,0.013972345739603043,0.33034247159957886
4,275,0.011850704438984394,0.2902597486972809
4,276,0.31582406163215637,1.8535068035125732
4,277,0.010965042747557163,0.28056731820106506
4,278,0.008687869645655155,0.2090565264225006
4,279,0.38325080275535583,1.924365758895874
4,280,0.009663248434662819,0.22555574774742126
4,281,0.35021018981933594,2.0879809856414795
4,282,0.008525531738996506,0.21287448704242706
4,283,0.010421441867947578,0.26218825578689575
4,284,0.008510946296155453,0.23075595498085022
4,285,0.22672075033187866,141.7800750732422
4,286,0.010380318388342857,0.29429706931114197
4,287,0.3082888424396515,2.6395058631896973
4,288,0.008741914294660091,0.2192695438861847
4,289,0.00850740261375904,0.20295292139053345
4,290,0.007582436315715313,0.1716931164264679
4,291,0.6782287955284119,4.438640117645264
4,292,0.6608411073684692,3.9378421306610107
4,293,0.009544795379042625,0.2218407392501831
4,294,0.009211407043039799,0.26599806547164917
4,295,0.010437442921102047,0.2796156704425812
4,296,0.010593879967927933,0.2942008972167969
4,297,0.009474859572947025,0.2542927861213684
4,298,0.010731169953942299,0.2855619490146637
4,299,0.009885571897029877,0.2658049762248993
4,300,0.00839236844331026,0.23578490316867828
4,301,0.007551596034318209,0.18233129382133484
4,302,0.00805744994431734,0.2166863977909088
4,303,0.3477313816547394,2.432157278060913
4,304,0.6351099610328674,4.5331621170043945
4,305,0.6526123881340027,8.049795150756836
4,306,0.008077679201960564,0.21171750128269196
4,307,0.008596689440310001,0.23636721074581146
4,308,0.010988110676407814,0.753836452960968
4,309,0.35821178555488586,2.289562702178955
4,310,0.6267195343971252,3.7069623470306396
4,311,0.26934894919395447,15.27646541595459
4,312,0.3673402965068817,1.9153169393539429
4,313,0.29810628294944763,1.8240958452224731
4,314,0.020936327055096626,10.210461616516113
4,315,0.11496718227863312,218.79200744628906
4,316,0.01662202924489975,0.5510686635971069
4,317,0.274549663066864,2.0042502880096436
4,318,0.257377952337265,6.695943832397461
4,319,0.02119331620633602,0.5086774230003357
4,320,0.2885045111179352,1.4381744861602783
4,321,0.03262903913855553,1.1227613687515259
4,322,0.2352457344532013,2.183838367462158
4,323,0.7242223620414734,7.398994445800781
4,324,0.19226881861686707,242.09169006347656
4,325,0.1694571077823639,66.55748748779297
4,326,0.8596300482749939,93.63994598388672
4,327,0.29154860973358154,2.185429811477661
4,328,0.30693042278289795,53.66560363769531
4,329,0.5096971988677979,5.289367198944092
4,330,0.3607334792613983,2.4437155723571777
4,331,0.27406203746795654,1.315458059310913
4,332,0.05339791625738144,1.2149884700775146
4,333,0.06604904681444168,1.522605538368225
4,334,0.27610865235328674,4.608881950378418
4,335,0.06848672777414322,1.4315001964569092
4,336,0.057295478880405426,1.1891751289367676
4,337,0.05165587738156319,1.1342567205429077
4,338,0.24940522015094757,3.7217044830322266
4,339,0.29730141162872314,1.7759162187576294
4,340,0.09253299981355667,78.45777893066406
4,341,0.257407009601593,1.620123267173767
4,342,0.022011805325746536,0.4811455011367798
4,343,0.3381364643573761,1.4925367832183838
4,344,0.020563587546348572,0.45454198122024536
4,345,0.3232017159461975,1.975239872932434
4,346,0.022321712225675583,0.48646843433380127
4,347,0.016738083213567734,0.39885443449020386
4,348,0.5866117477416992,3.994706392288208
4,349,0.016681008040905,0.3688671290874481
4,350,0.016466211527585983,0.4284026622772217
4,351,0.013367378152906895,0.3269842267036438
4,352,0.03385187312960625,25.649507522583008
4,353,0.013937883079051971,0.3375170826911926
4,354,0.01645161770284176,0.4258100092411041
4,355,0.02840244024991989,12.718485832214355
4,356,0.010578244924545288,0.26725271344184875
4,357,0.31088772416114807,2.191342830657959
4,358,0.2433510571718216,30.653501510620117
4,359,0.18835794925689697,27.859933853149414
4,360,0.37498238682746887,48.25324630737305
4,361,0.009259693324565887,0.2475484162569046
4,362,0.010614494793117046,0.296845942735672
4,363,0.2725176215171814,23.68872833251953
4,364,0.3056845963001251,5.213298320770264
4,365,0.3602086007595062,2.506369113922119
4,366,0.011023988015949726,0.529729425907135
4,367,0.32660332322120667,2.1993863582611084
4,368,0.6485176086425781,59.06092071533203
4,369,0.012025587260723114,0.8904064893722534
4,370,0.011070964857935905,0.5820757150650024
4,371,0.009744452312588692,0.2326515167951584
4,372,0.6391374468803406,5.087299823760986
4,373,0.008906749077141285,0.23279352486133575
4,374,0.010649735108017921,1.187119483947754
4,375,0.024334825575351715,10.518302917480469
4,376,0.6673985123634338,3.5936262607574463
4,377,0.008272831328213215,0.2875579297542572
4,378,0.00873282179236412,0.23721635341644287
4,379,0.008415432646870613,0.19062404334545135
4,380,0.009072134271264076,0.24154962599277496
4,381,0.009928234852850437,0.40022721886634827
4,382,0.007127800956368446,0.1788061112165451
4,383,0.3916849195957184,1.9518235921859741
4,384,0.008059441111981869,0.19548670947551727
4,385,0.007289829198271036,0.18453116714954376
4,386,0.32442960143089294,7.962454795837402
4,387,0.3468218743801117,2.444282293319702
4,388,0.007135547697544098,0.1784513145685196
4,389,0.5623513460159302,7.028122901916504
4,390,0.00872264988720417,0.20267590880393982
4,391,0.009947877377271652,0.235275000333786
4,392,0.3477925658226013,75.16911315917969
4,393,0.3092191219329834,23.68428611755371
4,394,0.011644866317510605,0.30866092443466187
4,395,0.012683209963142872,4.530698299407959
4,396,0.00972460675984621,0.24696020781993866
4,397,0.010131132788956165,0.24557405710220337
4,398,0.009646431542932987,0.2449779063463211
4,399,1.0529152154922485,5.481802940368652
4,400,0.011034006252884865,0.319201797246933
4,401,0.0127573786303401,0.3286786377429962
4,402,0.009905538521707058,0.25517070293426514
4,403,0.6403415203094482,7.670368194580078
4,404,0.5284327864646912,27.206872940063477
4,405,0.5050744414329529,156.3690948486328
4,406,0.29213961958885193,5.381293296813965
4,407,0.605985164642334,14.352909088134766
4,408,0.01804712414741516,3.2077863216400146
4,409,0.40504780411720276,129.27171325683594
4,410,0.009241806343197823,0.2690964639186859
4,411,0.011541109532117844,0.45195403695106506
4,412,0.007923921570181847,0.1683988720178604
4,413,0.01861705258488655,3.567023992538452
4,414,0.008914075791835785,0.3238295316696167
4,415,0.3052155375480652,4.283088684082031
4,416,0.007980827242136002,0.1814172863960266
4,417,0.007758768741041422,0.23510418832302094
4,418,0.3211580514907837,4.838973522186279
4,419,0.7379547357559204,9.322834968566895
4,420,0.010949303396046162,0.8904505372047424
4,421,0.3975575566291809,2.0411813259124756
4,422,0.5953309535980225,3.4077508449554443
4,423,0.008878108114004135,0.24673311412334442
4,424,0.3181639313697815,6.218016624450684
4,425,0.013074043206870556,0.37181398272514343
4,426,0.3181273639202118,3.5496232509613037
4,427,0.31403106451034546,2.1200239658355713
4,428,0.3617932200431824,1.7105858325958252
4,429,0.01313955057412386,0.357090562582016
4,430,0.017732735723257065,2.5181989669799805
4,431,0.02325301617383957,0.798215925693512
4,432,0.24682651460170746,3.3452181816101074
4,433,0.02516188658773899,0.7775756120681763
4,434,0.02278331108391285,0.6125792264938354
4,435,0.02528689242899418,0.7217477560043335
4,436,0.017459243535995483,0.43639349937438965
4,437,0.8305298089981079,10.090232849121094
4,438,0.01688223145902157,0.4047718644142151
4,439,0.01635078899562359,0.41276830434799194
4,440,0.01450489740818739,0.39585763216018677
4,441,0.32366690039634705,2.0586869716644287
4,442,0.28922972083091736,1.9734883308410645
4,443,0.1598997265100479,43.64815139770508
4,444,0.011955104768276215,0.278680682182312
4,445,0.012247104197740555,0.29959163069725037
4,446,0.012681817635893822,0.2865714132785797
4,447,0.33824101090431213,1.6867587566375732
4,448,0.1583155244588852,42.34952926635742
4,449,0.01347973383963108,0.35179296135902405
4,450,0.012018321081995964,0.32432684302330017
4,451,0.011271676979959011,0.27102094888687134
4,452,0.5184211730957031,104.8133316040039
4,453,0.010933762416243553,0.26847875118255615
4,454,0.3213441073894501,133.37017822265625
4,455,0.3623619079589844,2.6504199504852295
4,456,0.5739576816558838,8.206480026245117
4,457,0.011628379113972187,0.3194633722305298
4,458,0.33796170353889465,1.9892387390136719
4,459,0.31061846017837524,2.6506540775299072
4,460,0.557961106300354,3.2165780067443848
4,461,0.5806064009666443,87.63489532470703
4,462,0.3019166588783264,2.25911545753479
4,463,0.21987587213516235,16.74911880493164
4,464,0.971733808517456,138.7583465576172
4,465,0.026289260014891624,1.24142587184906
4,466,0.028691301122307777,5.035963535308838
4,467,0.03577684611082077,3.2857155799865723
4,468,0.02563364990055561,0.780928909778595
4,469,0.038085948675870895,4.040914535522461
4,470,0.26508963108062744,6.506875514984131
4,471,0.3206140995025635,1.5974383354187012
4,472,0.31791800260543823,1.5462960004806519
4,473,0.23915772140026093,1.774851679801941
4,474,0.02482796274125576,0.5856439471244812
4,475,0.21997560560703278,30.567020416259766
4,476,0.557746410369873,3.10831618309021
4,477,0.288119375705719,1.4989097118377686
4,478,0.04306318238377571,0.9740298986434937
4,479,0.043355703353881836,5.087510585784912
4,480,0.6205065250396729,28.16909408569336
4,481,0.03613331913948059,0.7909413576126099
4,482,0.04197179153561592,0.9121834635734558
4,483,0.041714780032634735,0.9647210836410522
4,484,0.029502786695957184,0.6311606764793396
4,485,0.024561017751693726,0.5434682369232178
4,486,0.24970313906669617,22.31902313232422
4,487,0.017022686079144478,0.4099787771701813
4,488,0.35112711787223816,1.8231955766677856
4,489,0.014320905320346355,0.30907145142555237
4,490,0.3150203824043274,4.742343902587891
4,491,0.012026996351778507,0.27732884883880615
4,492,0.3280380070209503,1.6965008974075317
4,493,0.011554350145161152,0.5425942540168762
4,494,0.009941399097442627,0.22455495595932007
4,495,0.328858882188797,2.219870090484619
4,496,0.2733825147151947,6.274202823638916
4,497,0.008464600890874863,0.19344674050807953
4,498,0.3485252559185028,2.000666379928589
4,499,0.02970350906252861,49.97393035888672
4,500,0.009535190649330616,0.21063575148582458
4,501,0.009170074947178364,0.21680358052253723
4,502,0.6467623114585876,3.731231927871704
4,503,0.3381969630718231,1.815765380859375
4,504,0.3351314961910248,2.9210124015808105
4,505,0.013495597057044506,0.35221636295318604
4,506,0.015803394839167595,0.4496336579322815
4,507,0.6101903319358826,80.65081024169922
4,508,0.01749342493712902,0.4594126045703888
4,509,0.2578229010105133,1.6018478870391846
4,510,0.01474783569574356,0.36776068806648254
4,511,0.32550954818725586,1.6331443786621094
4,512,0.020269928500056267,0.5870984196662903
4,513,0.02094610594213009,0.6030551791191101
4,514,0.0226496160030365,0.6002230644226074
4,515,0.6013584733009338,3.418829917907715
4,516,0.020477257668972015,0.5123379826545715
4,517,0.016207808628678322,0.3619595468044281
4,518,0.2834577262401581,1.6201103925704956
4,519,0.01744871214032173,0.40979546308517456
4,520,0.016467072069644928,0.40685808658599854
4,521,0.018148284405469894,0.4318326413631439
4,522,0.015550701878964901,0.34262382984161377
4,523,0.2975030243396759,1.7966443300247192
4,524,0.014697782695293427,0.3393534719944
4,525,0.2697300314903259,1.9019957780838013
4,526,0.013444655574858189,0.32404717803001404
4,527,0.6344611644744873,7.417905807495117
4,528,0.3316130042076111,1.7193838357925415
4,529,0.28519997000694275,1.6049929857254028
4,530,0.01529679074883461,0.33569836616516113
4,531,0.31772157549858093,1.6709953546524048
4,532,0.27527323365211487,1.364453673362732
4,533,0.29962366819381714,1.4062516689300537
4,534,0.0305072832852602,0.7438138127326965
4,535,0.033175449818372726,0.7274616360664368
4,536,0.7572299838066101,14.805180549621582
4,537,0.03490409255027771,0.8209478855133057
4,538,0.20620842278003693,1.5105814933776855
4,539,0.033723559230566025,0.8073233366012573
4,540,0.3236891031265259,1.351787805557251
4,541,0.03119036555290222,0.6916483640670776
4,542,0.02517368271946907,0.5659866333007812
4,543,0.26442813873291016,1.2288947105407715
4,544,0.02704034000635147,0.596602201461792
4,545,0.02494971454143524,0.585595428943634
4,546,0.30315566062927246,1.6817585229873657
4,547,0.3010537922382355,3.1174821853637695
4,548,0.24895724654197693,2.517404794692993
4,549,0.022998562082648277,0.4845602810382843
4,550,0.32053184509277344,1.6774547100067139
4,551,0.017892953008413315,0.3953268826007843
4,552,0.25901907682418823,3.142076253890991
4,553,0.5601707100868225,3.233891487121582
4,554,0.2525917589664459,1.67792546749115
4,555,0.34394052624702454,1.6723344326019287
4,556,0.2693352699279785,136.48489379882812
4,557,0.03858043625950813,0.8729476928710938
4,558,0.03595438599586487,0.8572075963020325
4,559,0.4827444553375244,4.3270158767700195
4,560,0.033823661506175995,0.8066995143890381
4,561,0.5730730295181274,3.2831711769104004
4,562,0.07264705747365952,134.6435089111328
4,563,0.030376093462109566,0.7042659521102905
4,564,0.029440484941005707,0.6747637391090393
4,565,0.5119054317474365,2.98162579536438
4,566,0.33206087350845337,1.5956530570983887
4,567,0.26797571778297424,2.55263090133667
4,568,0.0349697470664978,0.8531003594398499
4,569,0.30523762106895447,1.742752194404602
4,570,0.3050731122493744,1.9669318199157715
4,571,0.030017882585525513,0.6979438066482544
4,572,0.02830532006919384,0.6960690021514893
4,573,0.4896400272846222,3.259772539138794
4,574,0.030341999605298042,0.6811875104904175
4,575,0.030866995453834534,0.6685632467269897
4,576,0.3042666018009186,4.777871608734131
4,577,0.5743998289108276,2.9746525287628174
4,578,0.022510970011353493,0.5289698839187622
4,579,0.2987646162509918,1.5318150520324707
4,580,0.2872554063796997,1.4979453086853027
4,581,0.030177677050232887,0.806103527545929
4,582,0.023771794512867928,0.5200663208961487
4,583,0.7979443073272705,5.2536444664001465
4,584,0.02579045668244362,0.8618467450141907
4,585,0.5394119024276733,2.745774030685425
4,586,0.5400643944740295,4.186926364898682
4,587,0.1421951949596405,51.20917510986328
4,588,0.027530742809176445,0.6735498309135437
4,589,0.023417223244905472,0.5694019198417664
4,590,0.028236545622348785,0.7409542798995972
4,591,0.3021171987056732,124.11070251464844
4,592,0.022522753104567528,0.5447365641593933
4,593,0.022259093821048737,0.5455461144447327
4,594,0.32676786184310913,1.5581450462341309
4,595,0.3153410851955414,1.6989469528198242
4,596,0.01900325156748295,0.43863317370414734
4,597,0.019701296463608742,0.6043330430984497
4,598,0.01569075509905815,0.36896541714668274
4,599,0.015742558985948563,0.37242743372917175
4,600,0.016330959275364876,0.47157391905784607
4,601,0.013692062348127365,0.3598437011241913
4,602,0.011857151985168457,0.26052820682525635
4,603,0.2997978925704956,2.7888455390930176
4,604,0.010836209170520306,0.2727176249027252
4,605,0.3385564684867859,1.7568364143371582
4,606,0.28038012981414795,2.0451486110687256
4,607,0.009497682563960552,0.2181321531534195
4,608,0.3288615643978119,3.4822709560394287
4,609,0.009875668212771416,0.23773525655269623
4,610,0.35111063718795776,1.8271046876907349
4,611,0.01071319729089737,0.2662540674209595
4,612,0.011081120930612087,0.2879801392555237
4,613,0.011552298441529274,0.31623369455337524
4,614,0.6441072225570679,3.6637837886810303
4,615,0.013991331681609154,0.3816075921058655
4,616,0.938559353351593,4.760738849639893
4,617,0.015493690967559814,0.46647027134895325
4,618,0.25728464126586914,97.67125701904297
4,619,0.020110609009861946,0.7062214612960815
