epoch,batch,loss,grad_norm
0,0,1.7188018560409546,6.83246374130249
0,1,1.6795235872268677,6.638841152191162
0,2,1.5555267333984375,5.377780914306641
0,3,1.6142690181732178,6.708175182342529
0,4,1.508942723274231,5.203117370605469
0,5,1.499541997909546,5.44408655166626
0,6,1.4231332540512085,4.2853851318359375
0,7,1.413610816001892,4.600221157073975
0,8,1.307414174079895,4.274499416351318
0,9,1.286028504371643,3.80202054977417
0,10,1.2608319520950317,4.012872219085693
0,11,1.1908581256866455,3.433328866958618
0,12,1.2228707075119019,2.7946465015411377
0,13,1.1815159320831299,2.8023996353149414
0,14,1.1818428039550781,2.4802651405334473
0,15,1.054587483406067,2.8122828006744385
0,16,1.1029999256134033,2.3455612659454346
0,17,1.0692243576049805,2.514554023742676
0,18,1.1497414112091064,2.0147759914398193
0,19,1.0533784627914429,2.1154537200927734
0,20,1.0467102527618408,1.97047758102417
0,21,0.9493027329444885,2.5716540813446045
0,22,0.9965630173683167,1.8085991144180298
0,23,1.0301737785339355,1.9673023223876953
0,24,1.0504251718521118,1.8067268133163452
0,25,0.8483598232269287,2.1641693115234375
0,26,1.1823451519012451,2.1196889877319336
0,27,0.9888046383857727,1.5517343282699585
0,28,0.7612785696983337,2.116018295288086
0,29,1.1041661500930786,1.9073269367218018
0,30,1.0278348922729492,1.859475016593933
0,31,0.8945783972740173,1.8919652700424194
0,32,0.9450874924659729,1.7757611274719238
0,33,1.0344760417938232,1.9096620082855225
0,34,0.6365092992782593,2.298612117767334
0,35,0.8637138605117798,1.7986879348754883
0,36,0.9492844343185425,1.6050716638565063
0,37,0.7965891361236572,1.5511575937271118
0,38,0.8639014959335327,1.8950715065002441
0,39,1.0885953903198242,1.9646610021591187
0,40,0.6447210311889648,1.8662759065628052
0,41,0.6417108774185181,1.7615002393722534
0,42,0.6989098191261292,1.6038427352905273
0,43,0.9932972192764282,1.738340139389038
0,44,1.123980164527893,2.0404529571533203
0,45,0.4884161949157715,2.051095724105835
0,46,1.1472400426864624,2.50447416305542
0,47,0.9919798374176025,1.6798670291900635
0,48,0.7713865637779236,1.442550778388977
0,49,0.9657094478607178,1.9655067920684814
0,50,0.573179304599762,1.758196234703064
0,51,0.9058144092559814,1.700956106185913
0,52,0.8709831833839417,1.357410192489624
0,53,0.672518789768219,1.404446005821228
0,54,0.7930672764778137,1.5551258325576782
0,55,0.8647826313972473,1.4748741388320923
0,56,0.7802693843841553,1.2460578680038452
0,57,0.7637040019035339,1.3441416025161743
0,58,1.2208915948867798,2.5273730754852295
0,59,0.5367609262466431,1.9589369297027588
0,60,1.0726584196090698,1.9272398948669434
0,61,1.3112616539001465,3.1574549674987793
0,62,0.777902364730835,1.2516984939575195
0,63,0.6272936463356018,1.363495111465454
0,64,0.7739405035972595,1.1578911542892456
0,65,1.3877747058868408,3.8429250717163086
0,66,0.9341100454330444,1.6955814361572266
0,67,0.676378607749939,1.4871162176132202
0,68,0.9599230289459229,1.5247113704681396
0,69,1.2553068399429321,2.9021878242492676
0,70,0.9472543001174927,1.696506142616272
0,71,0.9540697932243347,1.7407406568527222
0,72,0.8848670721054077,1.4127697944641113
0,73,0.9836686253547668,1.5326476097106934
0,74,1.056491494178772,2.007697582244873
0,75,0.7323493957519531,1.6579004526138306
0,76,0.7731105089187622,1.490860939025879
0,77,1.1048367023468018,2.1099002361297607
0,78,0.7096384763717651,1.5297926664352417
0,79,0.9204356670379639,1.456099510192871
0,80,0.6798074245452881,1.9820213317871094
0,81,0.5543652772903442,2.044896364212036
0,82,0.7908830642700195,1.7726720571517944
0,83,0.956777811050415,1.6251789331436157
0,84,0.8753089904785156,1.2866207361221313
0,85,0.7872809767723083,1.6084558963775635
0,86,0.6580418944358826,1.8942307233810425
0,87,0.7087063789367676,1.4654083251953125
0,88,0.4467723071575165,2.4665348529815674
0,89,0.7473995089530945,1.3165262937545776
0,90,0.7678614854812622,1.2284770011901855
0,91,1.0274648666381836,1.7603561878204346
0,92,0.9867179989814758,1.5990204811096191
0,93,1.1553282737731934,2.6349411010742188
0,94,0.7231203317642212,1.3971264362335205
0,95,0.755488395690918,1.295263648033142
0,96,0.9043344855308533,1.915696382522583
0,97,1.0992196798324585,2.195122241973877
0,98,0.5887622833251953,1.4162204265594482
0,99,1.130043864250183,2.3521170616149902
0,100,1.5069464445114136,4.317934513092041
0,101,0.28128254413604736,2.320077896118164
0,102,1.0520144701004028,2.3164079189300537
0,103,0.6332871317863464,1.260178565979004
0,104,1.008569359779358,1.971026062965393
0,105,0.888442873954773,1.4462767839431763
0,106,0.8174380660057068,1.3649965524673462
0,107,0.5468233227729797,1.6109211444854736
0,108,1.0857517719268799,2.8070068359375
0,109,0.7190850377082825,1.3318229913711548
0,110,1.134149193763733,2.493624210357666
0,111,0.9546645879745483,1.5420149564743042
0,112,0.5970749855041504,1.4117988348007202
0,113,0.6545307636260986,1.445239782333374
0,114,0.6159327030181885,1.791124939918518
0,115,0.7122483253479004,1.4254783391952515
0,116,0.8326879739761353,1.5795656442642212
0,117,0.7163102030754089,1.289916753768921
0,118,0.7159992456436157,1.437467336654663
0,119,0.6837695240974426,1.7537213563919067
0,120,0.8756111264228821,1.8239001035690308
0,121,1.1780860424041748,2.5230274200439453
0,122,0.9127914905548096,1.7975119352340698
0,123,0.763694703578949,1.2775434255599976
0,124,0.6565895676612854,1.5742697715759277
0,125,0.7843201160430908,1.5181103944778442
0,126,1.2027525901794434,3.497446298599243
0,127,0.8465635776519775,1.745576024055481
0,128,0.966271162033081,1.9686199426651
0,129,0.8195009231567383,1.3460345268249512
0,130,0.9249635338783264,1.8340308666229248
0,131,0.7343857884407043,1.513286828994751
0,132,0.749095618724823,1.3305456638336182
0,133,0.9199433326721191,2.001215934753418
0,134,0.6586928367614746,1.7375656366348267
0,135,1.3402031660079956,3.597003936767578
0,136,0.6865397095680237,1.6171289682388306
0,137,0.7503476142883301,1.5431535243988037
0,138,0.6958397626876831,1.5057017803192139
0,139,0.9704534411430359,1.8064554929733276
0,140,0.8509730696678162,1.4882302284240723
0,141,0.8495456576347351,1.7162377834320068
0,142,0.9924255013465881,1.9943970441818237
0,143,0.7269961833953857,1.6939953565597534
0,144,0.7289214730262756,1.5183930397033691
0,145,0.6524387001991272,1.6202572584152222
0,146,0.961452841758728,1.958162546157837
0,147,1.1664477586746216,2.655796766281128
0,148,1.068077564239502,2.8040857315063477
0,149,0.9724432229995728,2.2916135787963867
0,150,0.7721821069717407,1.438818335533142
0,151,0.5273484587669373,2.6199560165405273
0,152,0.5151160955429077,2.3834619522094727
0,153,0.5272382497787476,2.504533052444458
0,154,0.7249886989593506,1.5226517915725708
0,155,0.8769909143447876,1.6877830028533936
0,156,0.8235146403312683,1.382918357849121
0,157,0.9384112358093262,1.9488102197647095
0,158,0.7958129048347473,2.01395320892334
0,159,0.5994188189506531,1.7619340419769287
0,160,0.5830649137496948,1.7785676717758179
0,161,0.688926100730896,1.4178189039230347
0,162,0.695148229598999,1.6262178421020508
0,163,0.8193990588188171,2.0143465995788574
0,164,0.6949289441108704,1.6048107147216797
0,165,0.5885046124458313,1.9094575643539429
0,166,1.0835371017456055,2.712604522705078
0,167,0.8492543697357178,1.7778254747390747
0,168,0.7647435069084167,1.2585314512252808
0,169,0.8062371611595154,1.9600824117660522
0,170,0.7806940078735352,2.2140934467315674
0,171,1.2753089666366577,4.251565456390381
0,172,0.973726749420166,2.4236373901367188
0,173,1.396101951599121,5.040463447570801
0,174,0.6674138903617859,1.5807723999023438
0,175,0.8025433421134949,1.8105220794677734
0,176,0.7634283900260925,1.9850232601165771
0,177,0.48436951637268066,2.0550918579101562
0,178,0.6518509984016418,1.8490992784500122
0,179,0.6406766772270203,1.9050437211990356
0,180,0.4915258288383484,2.4168078899383545
0,181,0.5900388956069946,1.5827833414077759
0,182,0.8794432878494263,2.317094326019287
0,183,0.9632206559181213,2.366180419921875
0,184,1.0810762643814087,2.9896156787872314
0,185,0.6058599948883057,1.5646827220916748
0,186,0.9901403784751892,2.2397327423095703
0,187,0.813709557056427,2.086484909057617
0,188,0.7797916531562805,1.8900678157806396
0,189,0.6399213075637817,1.8202500343322754
0,190,0.6033360362052917,2.171459197998047
0,191,0.8332250118255615,1.8820946216583252
0,192,0.37316471338272095,2.9096386432647705
0,193,0.9106345176696777,1.898655891418457
0,194,0.5646615624427795,1.524868130683899
0,195,0.8743786215782166,2.2213351726531982
0,196,0.5846555829048157,1.6776143312454224
0,197,0.7884773015975952,2.4445269107818604
0,198,0.8511338829994202,2.3547756671905518
0,199,0.9374569058418274,2.4134135246276855
0,200,0.79320228099823,2.32712721824646
0,201,1.1465431451797485,3.323633909225464
0,202,0.6730409860610962,1.7816513776779175
0,203,0.7012649774551392,2.0434048175811768
0,204,0.7674551010131836,2.639557361602783
0,205,0.6683260202407837,2.0147647857666016
0,206,0.635103702545166,2.2609033584594727
0,207,0.6925684213638306,1.899402141571045
0,208,0.7968271970748901,2.3377740383148193
0,209,0.9122498631477356,2.545846939086914
0,210,0.9375906586647034,2.2115917205810547
0,211,0.8575043082237244,2.030203342437744
0,212,1.133362889289856,3.3772506713867188
0,213,0.4956105947494507,3.5179121494293213
0,214,0.5054773092269897,3.226794481277466
0,215,1.1813322305679321,3.9954018592834473
0,216,1.091797947883606,3.084746837615967
0,217,0.7403590083122253,2.1758320331573486
0,218,0.7566409111022949,2.6011228561401367
0,219,1.0805118083953857,3.3184311389923096
0,220,0.6317043900489807,2.655149221420288
0,221,0.5269965529441833,3.6247451305389404
0,222,0.5601256489753723,3.23321795463562
0,223,0.6326903700828552,2.0263655185699463
0,224,0.7901113033294678,2.278531312942505
0,225,0.858845055103302,2.767796516418457
0,226,0.5716449022293091,2.6345694065093994
0,227,0.973358690738678,3.26924729347229
0,228,0.8473077416419983,3.098588705062866
0,229,0.528279185295105,2.7088863849639893
0,230,0.7108078002929688,2.1318769454956055
0,231,0.5638952255249023,2.1400139331817627
0,232,0.5853396654129028,2.6798088550567627
0,233,0.5849007964134216,1.8873592615127563
0,234,0.4633203148841858,2.762472629547119
0,235,0.5912293791770935,2.0168960094451904
0,236,0.5916541814804077,2.2256693840026855
0,237,1.1735384464263916,6.151203155517578
0,238,0.811913788318634,3.951453924179077
0,239,0.9161809682846069,3.5503392219543457
0,240,0.29154279828071594,2.6333343982696533
0,241,0.841005265712738,3.8852763175964355
0,242,0.7849849462509155,2.519374132156372
0,243,0.5238966941833496,2.09333872795105
0,244,0.9488536715507507,2.7481586933135986
0,245,0.5878216028213501,3.1127007007598877
0,246,0.6555618643760681,2.1233301162719727
0,247,0.36406299471855164,2.4183125495910645
0,248,0.8363527655601501,2.5691239833831787
0,249,0.438059002161026,1.8405728340148926
0,250,0.9148504734039307,3.9075005054473877
0,251,0.3921210467815399,2.5346245765686035
0,252,0.9421108365058899,4.068504333496094
0,253,1.1011141538619995,5.871063709259033
0,254,0.6925228238105774,3.4107470512390137
0,255,1.2154194116592407,4.808030128479004
0,256,0.806443989276886,2.2212295532226562
0,257,1.0584949254989624,4.3957719802856445
0,258,0.6277669668197632,2.17997145652771
0,259,1.1192197799682617,6.380920886993408
0,260,0.6901028752326965,2.8511669635772705
0,261,0.7861472368240356,2.5921761989593506
0,262,0.5794968008995056,3.050072431564331
0,263,0.7293541431427002,3.319509506225586
0,264,0.6399425864219666,2.598039388656616
0,265,0.6594204902648926,2.538963556289673
0,266,0.3736623525619507,4.827402114868164
0,267,0.7929463982582092,3.0681827068328857
0,268,0.6748680472373962,2.9353575706481934
0,269,0.7567272782325745,2.409226179122925
0,270,0.5607360601425171,2.797100782394409
0,271,0.5725815892219543,3.024609088897705
0,272,0.9667732119560242,4.8068366050720215
0,273,0.5653862953186035,3.9714853763580322
0,274,1.0557628870010376,5.8831071853637695
0,275,0.5464041829109192,4.625514507293701
0,276,0.716439962387085,3.20995831489563
0,277,0.4092337191104889,4.895174026489258
0,278,0.678196907043457,3.34304141998291
0,279,0.613059937953949,3.747887134552002
0,280,0.661188006401062,3.6399521827697754
0,281,0.7599314451217651,3.9697155952453613
0,282,1.1696375608444214,7.826344966888428
0,283,0.6719117760658264,3.040109395980835
0,284,0.8654502034187317,6.337368011474609
0,285,0.8877034187316895,6.772848606109619
0,286,0.7483674883842468,3.2698261737823486
0,287,0.7947232127189636,2.476877212524414
0,288,0.736318051815033,4.303832054138184
0,289,0.45464640855789185,6.429337501525879
0,290,0.5427654981613159,5.07852029800415
0,291,0.6274174451828003,3.21562123298645
0,292,0.6282456517219543,5.629786968231201
0,293,0.4745925962924957,5.223610877990723
0,294,0.7462195754051208,3.679340124130249
0,295,0.6789815425872803,2.6744909286499023
0,296,0.48312216997146606,4.030162811279297
0,297,0.4236075282096863,6.118729591369629
0,298,0.4216432571411133,3.5685718059539795
0,299,0.4663323760032654,3.373316526412964
0,300,0.6087758541107178,2.571410655975342
0,301,0.48220890760421753,3.7444088459014893
0,302,0.6145464777946472,3.7794106006622314
0,303,0.4929324686527252,3.348027229309082
0,304,0.3913201093673706,3.386134147644043
0,305,0.6025461554527283,3.1961147785186768
0,306,0.5922481417655945,2.869320869445801
0,307,0.4689190685749054,4.007060527801514
0,308,0.4273291826248169,3.346255302429199
0,309,0.4303399622440338,2.9814348220825195
0,310,0.6367682218551636,2.6262660026550293
0,311,0.6292043924331665,4.855002403259277
0,312,0.5513354539871216,3.2934536933898926
0,313,0.8046104907989502,7.713620185852051
0,314,0.8233471512794495,6.596950531005859
0,315,0.9532294869422913,5.601385593414307
0,316,0.7665560841560364,7.721943378448486
0,317,0.5426634550094604,2.8843204975128174
0,318,0.5588609576225281,3.3418233394622803
0,319,0.5158507227897644,4.349297046661377
0,320,0.6898504495620728,4.767139434814453
0,321,0.692427396774292,3.8567023277282715
0,322,0.8966783881187439,4.5595855712890625
0,323,0.9809703230857849,7.499590873718262
0,324,0.5676900744438171,4.680288314819336
0,325,0.5587236881256104,3.7717015743255615
0,326,0.6597614288330078,8.230142593383789
0,327,0.688049852848053,4.564311981201172
0,328,0.7661488056182861,6.163625717163086
0,329,0.6713510751724243,7.6541571617126465
0,330,0.5174987316131592,5.886608123779297
0,331,0.4558910131454468,8.465592384338379
0,332,0.730709969997406,4.694536209106445
0,333,0.6040859818458557,7.864221096038818
0,334,0.6684539914131165,6.523815155029297
0,335,0.6943519711494446,5.170497417449951
0,336,0.769338071346283,6.784221172332764
0,337,0.5185233354568481,6.565725803375244
0,338,0.619806706905365,3.601973533630371
0,339,0.5502746105194092,5.630340576171875
0,340,0.42904648184776306,6.482337474822998
0,341,0.6652942895889282,5.075329780578613
0,342,0.7207866311073303,8.397397994995117
0,343,0.6134887337684631,6.3064703941345215
0,344,0.605894923210144,5.516458988189697
0,345,0.4535151720046997,4.430284023284912
0,346,0.3873242735862732,3.456796646118164
0,347,0.4298897683620453,4.016900539398193
0,348,0.6994568109512329,4.019773960113525
0,349,0.4987589120864868,6.291810989379883
0,350,0.18296606838703156,4.868279933929443
0,351,1.1777684688568115,12.75401496887207
0,352,0.5573641657829285,5.068465709686279
0,353,0.5406022071838379,6.6178879737854
0,354,0.6068315505981445,4.2456488609313965
0,355,0.34957191348075867,3.6998767852783203
0,356,0.996112585067749,8.033482551574707
0,357,0.2703353464603424,2.43078875541687
0,358,0.6241375207901001,5.271140098571777
0,359,0.2130429446697235,5.024620532989502
0,360,0.5828591585159302,4.395891189575195
0,361,0.3820008933544159,5.299615859985352
0,362,0.41436880826950073,6.1129350662231445
0,363,0.432615727186203,6.328965187072754
0,364,0.5142866969108582,5.298689842224121
0,365,0.6523148417472839,5.25672721862793
0,366,0.5563384890556335,3.919736862182617
0,367,0.9022818803787231,9.455810546875
0,368,0.27255409955978394,4.466621398925781
0,369,0.2093326598405838,7.62333869934082
0,370,0.7549399137496948,10.934015274047852
0,371,0.2871570289134979,8.628875732421875
0,372,0.8334355354309082,7.783124923706055
0,373,0.6222453117370605,7.169798851013184
0,374,0.657852053642273,10.877117156982422
0,375,0.8238809108734131,10.5126953125
0,376,0.7000716328620911,10.517935752868652
0,377,0.43582767248153687,5.165726184844971
0,378,0.420617014169693,5.248453617095947
0,379,0.44470417499542236,7.156149387359619
0,380,0.19410863518714905,9.935497283935547
0,381,0.5618379712104797,4.012304306030273
0,382,0.3938487470149994,5.222135066986084
0,383,0.429937481880188,8.09911060333252
0,384,0.36157843470573425,5.22260856628418
0,385,0.6804418563842773,6.167494297027588
0,386,0.4389432966709137,6.313969612121582
0,387,0.22622130811214447,6.8697686195373535
0,388,0.5616835355758667,7.62983512878418
0,389,0.4693482220172882,4.872453689575195
0,390,0.8249967694282532,8.700515747070312
0,391,0.504219114780426,7.677035808563232
0,392,0.7001258730888367,8.484312057495117
0,393,0.7754614949226379,7.458835124969482
0,394,0.2777741253376007,4.797606945037842
0,395,0.5852785110473633,6.275832176208496
0,396,0.8879855871200562,5.078090667724609
0,397,0.6609403491020203,7.867650985717773
0,398,0.590224027633667,6.155916690826416
0,399,0.6499961018562317,10.69857406616211
0,400,0.32700875401496887,5.513800144195557
0,401,0.2671731412410736,5.5452775955200195
0,402,0.5740002393722534,7.463002681732178
0,403,0.39881449937820435,8.50291633605957
0,404,0.5893592834472656,6.968987464904785
0,405,0.968571662902832,12.352912902832031
0,406,0.6351202130317688,9.18110179901123
0,407,0.8746095299720764,14.095378875732422
0,408,0.5091078877449036,11.772231101989746
0,409,0.8463941216468811,9.88691234588623
0,410,0.46482664346694946,8.030899047851562
0,411,0.36646363139152527,6.035817623138428
0,412,0.4168224334716797,4.031760215759277
0,413,0.5207544565200806,15.815842628479004
0,414,0.562941312789917,5.018800735473633
0,415,0.7749051451683044,11.154647827148438
0,416,0.49429014325141907,6.74223518371582
0,417,0.3837750256061554,16.324655532836914
0,418,0.2759641706943512,11.670675277709961
0,419,0.27246570587158203,5.448041915893555
0,420,0.6144904494285583,8.031086921691895
0,421,0.5602855682373047,6.774799823760986
0,422,0.17990542948246002,3.3124358654022217
0,423,0.3732491731643677,7.901769161224365
0,424,0.5872610807418823,8.065345764160156
0,425,0.5105054974555969,6.135561943054199
0,426,0.5302909016609192,6.596212863922119
0,427,0.24582932889461517,4.884341716766357
0,428,0.8324131965637207,12.687257766723633
0,429,0.5795515775680542,4.919735431671143
0,430,0.38766998052597046,8.410735130310059
0,431,0.2855098843574524,3.2576918601989746
0,432,0.5111368894577026,5.976809978485107
0,433,0.7923151850700378,14.602291107177734
0,434,1.1711604595184326,12.533197402954102
0,435,0.5292118787765503,4.383340358734131
0,436,0.17437295615673065,9.433361053466797
0,437,0.19437465071678162,3.9716358184814453
0,438,0.1685131937265396,4.307636260986328
0,439,0.5098198652267456,10.33444881439209
0,440,0.430061936378479,5.625255584716797
0,441,0.5173627138137817,9.135540962219238
0,442,0.5746939778327942,8.941862106323242
0,443,0.26534557342529297,3.9688446521759033
0,444,0.17734913527965546,6.340555191040039
0,445,0.5433593392372131,7.927771091461182
0,446,0.5149075388908386,13.364794731140137
0,447,0.3426300287246704,4.789712429046631
0,448,0.8429172039031982,10.127220153808594
0,449,0.43766525387763977,7.250904560089111
0,450,0.2631630599498749,5.627695560455322
0,451,0.3868090510368347,9.974863052368164
0,452,0.511122465133667,4.646064281463623
0,453,0.3396752178668976,9.749141693115234
0,454,0.49103835225105286,6.689438343048096
0,455,0.2592206299304962,9.186915397644043
0,456,0.4903087615966797,13.750483512878418
0,457,0.7007469534873962,10.535679817199707
0,458,0.19420847296714783,5.845749378204346
0,459,0.3614937961101532,6.38686466217041
0,460,0.4352319836616516,5.014481544494629
0,461,0.46022462844848633,8.755791664123535
0,462,0.12588147819042206,4.696840763092041
0,463,0.12441329658031464,6.652227878570557
0,464,0.7654725909233093,12.196869850158691
0,465,0.8759429454803467,12.86341667175293
0,466,0.8578980565071106,13.491300582885742
0,467,0.35866236686706543,7.182394504547119
0,468,0.32762569189071655,5.342686176300049
0,469,0.33122408390045166,7.245022296905518
0,470,0.8744087815284729,11.650338172912598
0,471,0.13010314106941223,3.3562440872192383
0,472,0.6249301433563232,6.4688639640808105
0,473,0.12287469953298569,4.035274982452393
0,474,0.15801426768302917,7.649744510650635
0,475,0.36131614446640015,3.511874198913574
0,476,0.35723212361335754,8.061930656433105
0,477,0.5105273127555847,12.06718635559082
0,478,0.6066726446151733,5.839318752288818
0,479,0.5620039701461792,14.19127368927002
0,480,0.3511296212673187,6.693148136138916
0,481,0.5986185669898987,9.124763488769531
0,482,0.3624235987663269,5.671518802642822
0,483,0.17862871289253235,6.685004711151123
0,484,1.1352777481079102,14.041169166564941
0,485,0.3865319490432739,5.895053386688232
0,486,0.2775527238845825,7.2451372146606445
0,487,0.642201840877533,14.809558868408203
0,488,0.2031467705965042,7.533336639404297
0,489,0.6064339280128479,6.341015338897705
0,490,0.2729854881763458,16.739255905151367
0,491,0.5350199341773987,12.355752944946289
0,492,0.21062779426574707,6.207815647125244
0,493,0.2379961609840393,3.8507144451141357
0,494,0.5160510540008545,7.400627136230469
0,495,0.4690333902835846,9.173605918884277
0,496,0.3688242435455322,6.902763366699219
0,497,0.44542044401168823,8.236841201782227
0,498,0.38186928629875183,5.898830890655518
0,499,0.10835318267345428,4.708975791931152
0,500,0.5282450914382935,12.20779037475586
0,501,0.45329615473747253,3.7945148944854736
0,502,0.2639918923377991,9.811442375183105
0,503,0.6180852651596069,10.577290534973145
0,504,0.328470915555954,3.731956720352173
0,505,0.40683725476264954,9.529031753540039
0,506,0.2472364455461502,7.586746692657471
0,507,0.31783977150917053,5.072085857391357
0,508,0.17561881244182587,2.868333578109741
0,509,0.335010826587677,5.1618475914001465
0,510,0.24547657370567322,4.587762355804443
0,511,0.4879693388938904,5.772459506988525
0,512,0.5191907286643982,13.883925437927246
0,513,0.36079835891723633,5.8286542892456055
0,514,0.5287883877754211,7.56822395324707
0,515,0.40584614872932434,6.794475078582764
0,516,0.13435202836990356,3.7890522480010986
0,517,0.3944897949695587,5.225372791290283
0,518,0.4494277536869049,8.888185501098633
0,519,0.45598363876342773,8.249183654785156
0,520,0.4547405540943146,5.377070426940918
0,521,0.15368492901325226,5.09442663192749
0,522,0.30282050371170044,10.308271408081055
0,523,0.7952350974082947,12.427507400512695
0,524,0.29327285289764404,9.430469512939453
0,525,0.3348316252231598,12.327345848083496
0,526,0.3917224109172821,11.336495399475098
0,527,0.16736441850662231,12.684276580810547
0,528,0.48112890124320984,11.9197416305542
0,529,0.3027852773666382,34.32036209106445
0,530,0.40355414152145386,15.065762519836426
0,531,0.10954294353723526,6.302313804626465
0,532,0.2024640142917633,6.498391628265381
0,533,0.19137528538703918,16.691635131835938
0,534,0.25431427359580994,11.199481964111328
0,535,0.38069555163383484,4.822732448577881
0,536,0.17199930548667908,6.653537750244141
0,537,0.49349546432495117,20.79702377319336
0,538,0.4706086814403534,11.20394229888916
0,539,0.4333069622516632,6.149316787719727
0,540,0.799437403678894,11.833844184875488
0,541,0.3320907950401306,4.161574363708496
0,542,0.08842313289642334,4.396049499511719
0,543,0.22142720222473145,4.803407669067383
0,544,0.961920976638794,8.705402374267578
0,545,0.10490887612104416,5.074203968048096
0,546,0.5072742700576782,14.185001373291016
0,547,0.3651730418205261,9.879827499389648
0,548,0.5061472654342651,4.268892288208008
0,549,0.4680505692958832,6.702282428741455
0,550,0.09819820523262024,2.7976458072662354
0,551,0.8119024634361267,19.933813095092773
0,552,0.09093450754880905,6.214477062225342
0,553,0.10827174782752991,4.081570148468018
0,554,0.3138134181499481,11.865315437316895
0,555,0.3221348822116852,9.966898918151855
0,556,0.3335932195186615,5.699610710144043
0,557,0.5420123934745789,10.291259765625
0,558,0.08145517110824585,1.8168656826019287
0,559,0.4849623143672943,17.431045532226562
0,560,0.3584555387496948,4.410603046417236
0,561,0.264369398355484,14.133269309997559
0,562,0.2531052827835083,6.6058526039123535
0,563,0.8175046443939209,12.105487823486328
0,564,0.326823890209198,2.4720425605773926
0,565,0.09061398357152939,4.620486736297607
0,566,0.3432035744190216,6.04984712600708
0,567,0.2559300363063812,5.607499599456787
0,568,0.11063764989376068,12.259461402893066
0,569,0.6781589984893799,10.581074714660645
0,570,0.2788752317428589,7.645415306091309
0,571,0.5362200140953064,5.212984085083008
0,572,0.1233353242278099,9.081459999084473
0,573,0.34655293822288513,9.842531204223633
0,574,0.4439505338668823,6.012331485748291
0,575,0.0869908332824707,5.31700325012207
0,576,0.10516855865716934,4.627579689025879
0,577,0.15782879292964935,8.593396186828613
0,578,0.566422164440155,6.72983980178833
0,579,0.3446353077888489,9.474257469177246
0,580,0.28630176186561584,7.346165657043457
0,581,0.22435444593429565,15.232850074768066
0,582,0.55650395154953,16.47795867919922
0,583,0.41409510374069214,6.394007682800293
0,584,0.1521872580051422,10.561561584472656
0,585,0.3350321352481842,4.171935081481934
0,586,0.6402521729469299,8.489036560058594
0,587,0.6676719784736633,9.832840919494629
0,588,0.17823269963264465,7.95308256149292
0,589,0.09397408366203308,9.48089599609375
0,590,0.3425750136375427,4.081794738769531
0,591,0.37124237418174744,8.819323539733887
0,592,0.27054208517074585,5.497436046600342
0,593,0.626137912273407,12.391500473022461
0,594,0.3963010907173157,10.746136665344238
0,595,0.12447669357061386,8.421067237854004
0,596,0.09946202486753464,7.967841625213623
0,597,0.18794740736484528,15.55868911743164
0,598,0.3183263838291168,8.136199951171875
0,599,0.745740532875061,12.160385131835938
0,600,0.44887277483940125,8.919588088989258
0,601,0.2754938006401062,6.364489555358887
0,602,0.3013494908809662,19.222084045410156
0,603,0.5381186008453369,6.243165969848633
0,604,0.4800684154033661,17.828632354736328
0,605,0.2993043065071106,5.011023044586182
0,606,0.2622956931591034,9.364472389221191
0,607,0.09138234704732895,4.738348484039307
0,608,0.8081870675086975,10.910069465637207
0,609,0.1586274802684784,18.97492218017578
0,610,0.8731614351272583,8.974218368530273
0,611,0.33547353744506836,6.249549865722656
0,612,0.404443621635437,7.099653244018555
0,613,0.6212769150733948,19.76626968383789
0,614,0.9669483304023743,8.5316743850708
0,615,0.11164473742246628,6.03180456161499
0,616,1.050146222114563,14.700047492980957
0,617,0.13191412389278412,8.761178970336914
0,618,0.39368677139282227,9.65691089630127
0,619,0.29660362005233765,37.74335479736328
1,0,0.13044868409633636,8.01104736328125
1,1,0.3196355104446411,4.858048439025879
1,2,0.06584064662456512,2.292330741882324
1,3,0.15050727128982544,5.6809773445129395
1,4,0.48419448733329773,12.159236907958984
1,5,0.11501985043287277,5.320107460021973
1,6,0.2398843914270401,10.012411117553711
1,7,0.11578027158975601,5.9409003257751465
1,8,0.13646267354488373,8.9794282913208
1,9,0.06929245591163635,3.017395496368408
1,10,0.0587916299700737,1.4992731809616089
1,11,0.24433661997318268,5.72737979888916
1,12,0.28007715940475464,3.6029679775238037
1,13,0.21240004897117615,4.652265548706055
1,14,0.7300963997840881,7.167259693145752
1,15,0.35153552889823914,9.383365631103516
1,16,0.2473992109298706,7.0160088539123535
1,17,0.434174120426178,9.100698471069336
1,18,0.06198903173208237,3.421116352081299
1,19,0.44410938024520874,4.954397678375244
1,20,0.07403527945280075,3.9407689571380615
1,21,0.24408574402332306,7.627810001373291
1,22,0.31249135732650757,6.114509105682373
1,23,0.33609622716903687,2.808748722076416
1,24,0.29104676842689514,5.764105796813965
1,25,0.6217454671859741,10.478611946105957
1,26,0.11216749250888824,8.027995109558105
1,27,0.08950503170490265,6.338520526885986
1,28,0.40738117694854736,9.12557315826416
1,29,0.3136846721172333,4.569945812225342
1,30,0.33625906705856323,10.370210647583008
1,31,0.32553336024284363,4.751440048217773
1,32,0.20525605976581573,9.821070671081543
1,33,0.2648422122001648,6.24897575378418
1,34,0.32251879572868347,9.630166053771973
1,35,0.3567374348640442,2.579604148864746
1,36,0.3420771062374115,6.012749671936035
1,37,0.049335915595293045,1.4321156740188599
1,38,0.06454306095838547,5.232546806335449
1,39,0.1953287124633789,7.517826557159424
1,40,0.42763587832450867,7.312267780303955
1,41,0.7798484563827515,18.438199996948242
1,42,0.03637436404824257,1.067975401878357
1,43,0.1945311576128006,7.529476642608643
1,44,0.15964369475841522,11.801669120788574
1,45,0.08047086000442505,6.117179870605469
1,46,0.31978175044059753,3.5374271869659424
1,47,0.25650814175605774,3.2132503986358643
1,48,0.24226970970630646,2.806041717529297
1,49,0.41446250677108765,15.70143985748291
1,50,0.0570540614426136,3.295626640319824
1,51,0.16702455282211304,10.151285171508789
1,52,0.32839229702949524,3.2471776008605957
1,53,0.08562721312046051,6.813932418823242
1,54,0.5533246397972107,13.1799955368042
1,55,0.5525524020195007,5.656665802001953
1,56,0.05629738047719002,3.424851894378662
1,57,0.32251250743865967,4.442974090576172
1,58,0.36915892362594604,28.589567184448242
1,59,0.24771033227443695,8.763702392578125
1,60,0.15506872534751892,11.330389976501465
1,61,0.1321583241224289,14.103960037231445
1,62,0.07689248025417328,4.875988960266113
1,63,0.37648552656173706,9.927481651306152
1,64,0.05271279066801071,2.139575719833374
1,65,0.4793380796909332,5.589663028717041
1,66,0.4366704821586609,8.544743537902832
1,67,0.8098393082618713,14.007264137268066
1,68,0.2306443452835083,10.510150909423828
1,69,0.09972337633371353,7.152822971343994
1,70,0.42567065358161926,10.096149444580078
1,71,0.06927432119846344,5.626026153564453
1,72,0.05215172469615936,3.655682325363159
1,73,0.36490243673324585,9.977113723754883
1,74,0.10801457613706589,5.869861125946045
1,75,0.3070341944694519,16.206932067871094
1,76,0.18274618685245514,11.991215705871582
1,77,0.04950661212205887,2.218817949295044
1,78,0.15686039626598358,9.093476295471191
1,79,0.47076064348220825,11.955363273620605
1,80,0.05377160385251045,1.8333463668823242
1,81,0.5493440628051758,14.016060829162598
1,82,0.2737821936607361,6.162293434143066
1,83,0.8556962609291077,12.032221794128418
1,84,0.5462759137153625,7.039162635803223
1,85,0.05987018346786499,2.85221004486084
1,86,0.31543412804603577,3.045698881149292
1,87,0.10218356549739838,5.471050262451172
1,88,0.8009167313575745,12.350646018981934
1,89,0.2934669852256775,3.886312961578369
1,90,0.3456777036190033,5.1441969871521
1,91,0.14133934676647186,10.380182266235352
1,92,0.1968986839056015,15.985095024108887
1,93,0.06790825724601746,6.645933151245117
1,94,0.24232147634029388,5.193597316741943
1,95,0.6172316670417786,26.354267120361328
1,96,0.29090559482574463,12.408343315124512
1,97,0.3552098870277405,8.610353469848633
1,98,0.5868039727210999,30.43698501586914
1,99,0.5294421315193176,25.581707000732422
1,100,0.18223917484283447,17.8791561126709
1,101,0.46973925828933716,8.849495887756348
1,102,0.5457863807678223,5.288110256195068
1,103,0.4878028929233551,9.323739051818848
1,104,0.32464322447776794,7.194046497344971
1,105,0.6341007947921753,8.026762962341309
1,106,0.08769994974136353,10.304747581481934
1,107,0.3357433080673218,11.399754524230957
1,108,0.25478681921958923,5.921828269958496
1,109,0.2571002244949341,13.36255168914795
1,110,0.3596809506416321,12.885403633117676
1,111,0.5312698483467102,13.582984924316406
1,112,0.1082744300365448,13.660008430480957
1,113,0.0925457701086998,7.155420303344727
1,114,0.22605635225772858,12.05712604522705
1,115,0.10423621535301208,11.659222602844238
1,116,0.10823492705821991,7.276408672332764
1,117,0.5596391558647156,15.995122909545898
1,118,0.35599038004875183,12.246588706970215
1,119,0.460586816072464,15.179816246032715
1,120,0.1448054164648056,16.006715774536133
1,121,0.14572188258171082,14.799522399902344
1,122,0.27442729473114014,30.425247192382812
1,123,0.07270554453134537,6.226607799530029
1,124,0.05375857651233673,3.053475856781006
1,125,0.06497602164745331,5.584234237670898
1,126,0.08113504946231842,9.974455833435059
1,127,0.2435363233089447,9.656648635864258
1,128,0.6060718297958374,4.126626968383789
1,129,0.05183286964893341,3.4262208938598633
1,130,0.45863988995552063,10.195927619934082
1,131,0.26799964904785156,3.395015239715576
1,132,0.34320610761642456,2.2009336948394775
1,133,0.2955559492111206,2.4361584186553955
1,134,0.04173576459288597,3.06486177444458
1,135,0.46458113193511963,11.002715110778809
1,136,0.29547539353370667,3.7655513286590576
1,137,0.5089842081069946,6.406913757324219
1,138,0.06806904822587967,4.993670463562012
1,139,0.5045707821846008,6.178253173828125
1,140,0.04332754760980606,1.8196358680725098
1,141,0.5545935034751892,13.006989479064941
1,142,0.032897792756557465,0.953488826751709
1,143,0.31474319100379944,1.8644657135009766
1,144,0.7753839492797852,7.851271629333496
1,145,0.3051025867462158,7.871777534484863
1,146,0.19022537767887115,5.831632137298584
1,147,0.2525893449783325,10.756518363952637
1,148,0.4041095972061157,17.304426193237305
1,149,0.3506474196910858,9.124635696411133
1,150,0.20655027031898499,22.038097381591797
1,151,0.1215352863073349,5.3879594802856445
1,152,0.16328094899654388,11.222270011901855
1,153,0.29623717069625854,2.681950092315674
1,154,0.44175904989242554,17.22823715209961
1,155,0.09061149507761002,6.824213027954102
1,156,0.0767391249537468,4.064404010772705
1,157,0.363706111907959,15.99610710144043
1,158,0.2866975665092468,4.328320026397705
1,159,0.06014663353562355,2.915665864944458
1,160,0.07660147547721863,5.351803779602051
1,161,0.07156122475862503,7.839208602905273
1,162,0.0627446323633194,2.9492814540863037
1,163,0.04213026911020279,1.589564323425293
1,164,0.4048537611961365,13.372268676757812
1,165,0.33169063925743103,6.1991353034973145
1,166,0.5407394170761108,9.830948829650879
1,167,0.34384438395500183,9.203042030334473
1,168,0.029125645756721497,0.6551529765129089
1,169,0.06898895651102066,8.53353500366211
1,170,0.9386359453201294,4.152277946472168
1,171,0.25915926694869995,3.5296125411987305
1,172,0.03528772294521332,1.128397822380066
1,173,0.03552998974919319,1.4746054410934448
1,174,0.1925908327102661,5.3198347091674805
1,175,0.047897662967443466,5.218700408935547
1,176,0.5529574751853943,8.911635398864746
1,177,0.11463330686092377,8.986239433288574
1,178,0.11141645163297653,6.753151893615723
1,179,0.02890685945749283,0.7398082613945007
1,180,0.08801297098398209,5.889577865600586
1,181,0.030216898769140244,1.476540446281433
1,182,0.061466388404369354,7.53066349029541
1,183,0.1401544213294983,8.571375846862793
1,184,0.03164239972829819,0.8372340202331543
1,185,0.11178264766931534,13.18336009979248
1,186,0.03507015109062195,1.0837581157684326
1,187,0.5014737248420715,9.119096755981445
1,188,0.029003160074353218,0.915162205696106
1,189,0.7363960146903992,18.18832015991211
1,190,0.02162255346775055,0.5532746315002441
1,191,0.6216219067573547,4.534704208374023
1,192,0.0387088805437088,5.198064804077148
1,193,0.031065559014678,1.4786893129348755
1,194,0.0292342621833086,1.1632592678070068
1,195,0.029309235513210297,6.5677032470703125
1,196,0.4496023654937744,30.20237159729004
1,197,0.7327473163604736,4.660329818725586
1,198,0.8180906176567078,15.013643264770508
1,199,0.03043929859995842,1.9059494733810425
1,200,0.3443849980831146,2.0800230503082275
1,201,0.24397946894168854,11.26622486114502
1,202,0.6995059251785278,4.833359241485596
1,203,1.0363608598709106,4.267600059509277
1,204,0.3582036793231964,2.486044406890869
1,205,0.5889248847961426,5.703567981719971
1,206,0.39894548058509827,3.9155609607696533
1,207,0.29173097014427185,3.148735523223877
1,208,0.03939875215291977,1.782841444015503
1,209,0.14037597179412842,34.33547592163086
1,210,0.5810084342956543,11.719829559326172
1,211,0.038953106850385666,5.1096415519714355
1,212,0.03904954716563225,3.2434024810791016
1,213,0.21985933184623718,10.007024765014648
1,214,0.3200487792491913,5.243653774261475
1,215,0.051243651658296585,2.9278154373168945
1,216,0.05108929052948952,2.8795716762542725
1,217,0.03789320960640907,2.093950033187866
1,218,0.5807004570960999,25.822904586791992
1,219,0.05453857406973839,12.068999290466309
1,220,0.15972518920898438,9.288177490234375
1,221,0.046735506504774094,6.734921455383301
1,222,0.06242702528834343,3.822699785232544
1,223,0.3125043511390686,7.1343278884887695
1,224,0.540249228477478,13.495281219482422
1,225,0.3068605363368988,9.678234100341797
1,226,0.3416632115840912,16.96254539489746
1,227,0.046906109899282455,5.076131343841553
1,228,0.06853926926851273,11.505884170532227
1,229,0.2775922417640686,2.8929004669189453
1,230,0.12209286540746689,12.68256950378418
1,231,0.2002941220998764,5.991702556610107
1,232,0.5167213678359985,16.87047576904297
1,233,0.04354443401098251,2.8222758769989014
1,234,0.30442243814468384,2.7846109867095947
1,235,0.04759597405791283,7.231277942657471
1,236,0.24044737219810486,9.446228981018066
1,237,0.03601183369755745,1.2311255931854248
1,238,0.3203120231628418,2.0347681045532227
1,239,0.6906028985977173,21.168106079101562
1,240,0.14882665872573853,12.816503524780273
1,241,0.03135263919830322,1.1546891927719116
1,242,0.22658081352710724,8.917420387268066
1,243,0.49912381172180176,16.734060287475586
1,244,0.14674094319343567,23.12510108947754
1,245,0.03443408012390137,1.399564504623413
1,246,0.4265150725841522,24.19317626953125
1,247,0.039922699332237244,2.2178423404693604
1,248,0.028602560982108116,1.0027092695236206
1,249,0.02893737703561783,0.8741248250007629
1,250,0.3721127212047577,15.906698226928711
1,251,0.5443160533905029,15.33864688873291
1,252,0.2169986069202423,24.240440368652344
1,253,0.0224301740527153,0.7307609915733337
1,254,0.030481379479169846,1.593397855758667
1,255,0.34339669346809387,2.534501314163208
1,256,0.30570903420448303,5.144613742828369
1,257,0.028368521481752396,1.1878149509429932
1,258,0.022760486230254173,0.8967345952987671
1,259,0.03702651709318161,2.2061734199523926
1,260,0.10204613208770752,24.547504425048828
1,261,0.027127977460622787,2.280341386795044
1,262,0.19041460752487183,10.929573059082031
1,263,0.014947605319321156,0.35049188137054443
1,264,0.015893299132585526,0.44794008135795593
1,265,0.0402645617723465,15.058796882629395
1,266,0.3855678141117096,2.911515235900879
1,267,0.016646206378936768,0.4734073877334595
1,268,0.013172789476811886,0.25783470273017883
1,269,0.010865461081266403,0.2748022973537445
1,270,0.6044409871101379,9.53821086883545
1,271,0.8743714690208435,11.448372840881348
1,272,0.2558082342147827,17.12448501586914
1,273,0.012952708639204502,0.27982887625694275
1,274,0.01107853651046753,0.2798210680484772
1,275,0.7141042351722717,6.8687520027160645
1,276,0.6766402721405029,3.542011022567749
1,277,0.3271245062351227,2.2979185581207275
1,278,0.010473429225385189,0.1945011466741562
1,279,0.12450740486383438,17.848609924316406
1,280,0.013339599594473839,0.43951478600502014
1,281,0.4050903022289276,22.354759216308594
1,282,0.5447179079055786,10.40256118774414
1,283,0.1404949426651001,26.117704391479492
1,284,0.025804994627833366,2.5770418643951416
1,285,0.021958081051707268,0.6666286587715149
1,286,0.2965255677700043,8.457749366760254
1,287,0.11977274715900421,21.856470108032227
1,288,0.01986396126449108,0.6985405683517456
1,289,0.028766337782144547,2.53078556060791
1,290,0.025425715371966362,3.6649515628814697
1,291,0.032699182629585266,3.2552151679992676
1,292,0.7212764024734497,3.121716022491455
1,293,0.023018620908260345,2.172487497329712
1,294,0.2943061888217926,3.6351306438446045
1,295,0.017776096239686012,1.735653042793274
1,296,0.027255918830633163,3.6863620281219482
1,297,0.01889592409133911,0.6362943053245544
1,298,0.1383098065853119,33.19319152832031
1,299,0.4316348433494568,12.565149307250977
1,300,0.37733393907546997,2.507941246032715
1,301,0.7220770120620728,8.30321216583252
1,302,0.02112473174929619,1.8497074842453003
1,303,0.3312167227268219,3.2220993041992188
1,304,0.39854753017425537,2.030334711074829
1,305,0.13063907623291016,12.205987930297852
1,306,0.08886902779340744,15.162162780761719
1,307,0.28862327337265015,6.778510093688965
1,308,0.295083612203598,5.1203508377075195
1,309,0.03767400234937668,7.5081586837768555
1,310,0.2928304374217987,21.475757598876953
1,311,0.23429909348487854,7.8080244064331055
1,312,0.6532503962516785,41.455345153808594
1,313,0.654094934463501,9.329042434692383
1,314,0.041933462023735046,3.9246561527252197
1,315,0.18027473986148834,16.425554275512695
1,316,0.48149093985557556,38.36541748046875
1,317,0.06243846192955971,6.235936641693115
1,318,0.0381399542093277,3.220480442047119
1,319,0.3170739710330963,10.451951026916504
1,320,0.28625819087028503,7.9702558517456055
1,321,0.028480160981416702,1.892837643623352
1,322,0.7904019355773926,4.977641582489014
1,323,0.3130451738834381,3.1832613945007324
1,324,0.7125934958457947,36.49726104736328
1,325,0.3172471821308136,2.6859548091888428
1,326,0.7113965153694153,26.662811279296875
1,327,0.02603796310722828,0.8621537089347839
1,328,0.023824214935302734,0.9228981137275696
1,329,0.32804521918296814,2.227477788925171
1,330,0.021101443096995354,0.9974662065505981
1,331,0.3019070327281952,3.0880324840545654
1,332,0.3314242660999298,1.9558769464492798
1,333,0.021162450313568115,0.656818151473999
1,334,0.6558758616447449,3.95733642578125
1,335,0.48743921518325806,8.808698654174805
1,336,0.3013378083705902,2.1463115215301514
1,337,0.3632467985153198,12.152481079101562
1,338,0.24416711926460266,9.192110061645508
1,339,0.03649161756038666,3.0634102821350098
1,340,0.5875980257987976,7.453741073608398
1,341,0.0440371111035347,2.8729305267333984
1,342,0.026760313659906387,0.5917560458183289
1,343,0.03407478705048561,1.2770439386367798
1,344,0.3526027500629425,3.441418409347534
1,345,0.3333093225955963,3.2210121154785156
1,346,0.8918599486351013,10.554594039916992
1,347,0.1668371558189392,18.744949340820312
1,348,0.02521056868135929,0.6345783472061157
1,349,0.8675981163978577,4.9595746994018555
1,350,0.03763066232204437,1.4142745733261108
1,351,0.3880125880241394,1.9000444412231445
1,352,0.6229406595230103,6.558069229125977
1,353,0.6596174240112305,27.396312713623047
1,354,0.034175146371126175,1.2993217706680298
1,355,0.0904080718755722,6.753845691680908
1,356,0.027004344388842583,0.8456365466117859
1,357,0.12275663763284683,12.296346664428711
1,358,0.04146331548690796,5.601755142211914
1,359,0.13863426446914673,10.191527366638184
1,360,0.024107791483402252,0.6086076498031616
1,361,0.026259159669280052,1.2315096855163574
1,362,0.5066675543785095,6.566558361053467
1,363,0.2504294216632843,7.046597957611084
1,364,0.029460083693265915,1.3586480617523193
1,365,0.02935626171529293,1.8767069578170776
1,366,0.3351985216140747,1.4567337036132812
1,367,0.7765123248100281,7.681253910064697
1,368,0.31653839349746704,4.463769435882568
1,369,0.020467806607484818,0.4710223972797394
1,370,0.020128414034843445,0.4617290496826172
1,371,0.022746151313185692,0.5947093963623047
1,372,0.04091313108801842,6.0014495849609375
1,373,0.36432039737701416,25.635848999023438
1,374,0.27575433254241943,2.8107738494873047
1,375,0.10905442386865616,17.193115234375
1,376,0.4445033073425293,10.936114311218262
1,377,0.37900328636169434,17.62946128845215
1,378,0.48910459876060486,5.40934419631958
1,379,0.02102682553231716,0.5574386715888977
1,380,0.5570349097251892,4.315156936645508
1,381,0.6231577396392822,3.4962666034698486
1,382,0.021460337564349174,0.4604703187942505
1,383,0.7946528792381287,21.323888778686523
1,384,0.2660749852657318,4.807748317718506
1,385,0.3617625832557678,1.4480527639389038
1,386,0.020963286980986595,0.47327423095703125
1,387,0.30162569880485535,2.777168035507202
1,388,0.023300785571336746,0.4983353316783905
1,389,0.3333498239517212,3.7626729011535645
1,390,0.2538512349128723,3.2037346363067627
1,391,0.08200206607580185,18.39548683166504
1,392,0.6231100559234619,3.3903791904449463
1,393,0.027418535202741623,1.3418560028076172
1,394,0.531822919845581,3.6263232231140137
1,395,0.2821492552757263,8.661190032958984
1,396,0.30467090010643005,2.206063985824585
1,397,0.45149797201156616,7.283425807952881
1,398,0.18765786290168762,15.722597122192383
1,399,0.6505947709083557,12.840240478515625
1,400,0.5140875577926636,3.6462972164154053
1,401,0.05528554320335388,2.3272287845611572
1,402,0.0772414579987526,5.699037075042725
1,403,0.4004206657409668,20.703298568725586
1,404,0.1129705086350441,13.419750213623047
1,405,0.26399508118629456,5.903664588928223
1,406,0.29879456758499146,14.118704795837402
1,407,0.46988576650619507,26.82943344116211
1,408,0.34688782691955566,6.385915279388428
1,409,0.06256630271673203,3.3177926540374756
1,410,0.30713310837745667,15.532310485839844
1,411,0.05825177580118179,2.919337272644043
1,412,0.37636908888816833,6.3882060050964355
1,413,0.04562290757894516,2.1311557292938232
1,414,0.06386865675449371,19.933765411376953
1,415,0.03623238578438759,1.1059784889221191
1,416,0.27617505192756653,2.8196418285369873
1,417,0.38141176104545593,27.187135696411133
1,418,0.03874785453081131,1.6393556594848633
1,419,0.027752231806516647,0.6187739372253418
1,420,0.29834774136543274,1.749513030052185
1,421,0.2758931815624237,2.741925001144409
1,422,0.315000981092453,2.5117695331573486
1,423,0.6506611108779907,2.9890358448028564
1,424,0.9479681849479675,4.417567253112793
1,425,0.48109933733940125,6.069418430328369
1,426,0.12259218096733093,12.176070213317871
1,427,0.5426348447799683,2.689063549041748
1,428,0.02730904519557953,0.5018527507781982
1,429,0.35409530997276306,9.869587898254395
1,430,0.04121214523911476,4.430327892303467
1,431,0.5257240533828735,5.488317012786865
1,432,0.3059144616127014,2.1314284801483154
1,433,0.0320977121591568,0.9256820678710938
1,434,0.3057255446910858,1.614866018295288
1,435,0.2762245237827301,10.361871719360352
1,436,0.29564961791038513,1.595234751701355
1,437,0.5388962030410767,4.162344932556152
1,438,0.2319239377975464,33.54917526245117
1,439,0.048592459410429,1.081192135810852
1,440,0.2854689359664917,2.647027015686035
1,441,0.07437491416931152,13.918728828430176
1,442,0.31891950964927673,6.161871433258057
1,443,0.3701900243759155,27.848485946655273
1,444,0.058848779648542404,1.925275206565857
1,445,0.5519295334815979,23.69635772705078
1,446,0.05490836501121521,1.7920023202896118
1,447,0.05254468694329262,1.371909499168396
1,448,0.04313143715262413,0.8795308470726013
1,449,0.31405866146087646,5.099461078643799
1,450,0.3053117096424103,1.668562889099121
1,451,0.1969468891620636,12.305089950561523
1,452,0.03878308832645416,0.8241912126541138
1,453,0.24353285133838654,4.468398094177246
1,454,0.11924291402101517,13.864886283874512
1,455,0.03567613661289215,0.748502254486084
1,456,0.20782135426998138,21.40561294555664
1,457,0.028589146211743355,0.48574599623680115
1,458,0.02746330015361309,0.4842930734157562
1,459,0.02606765367090702,0.5044170022010803
1,460,0.631742537021637,2.4494903087615967
1,461,0.021435946226119995,0.3870578706264496
1,462,0.5599286556243896,5.195568084716797
1,463,0.33387207984924316,4.1245269775390625
1,464,0.02422870695590973,0.5531257390975952
1,465,0.3467157781124115,6.547232151031494
1,466,0.021857529878616333,0.33238446712493896
1,467,0.020484769716858864,0.443708211183548
1,468,0.5015897154808044,9.168484687805176
1,469,0.25583845376968384,7.4517669677734375
1,470,0.735704779624939,9.783071517944336
1,471,0.2773137390613556,4.88956356048584
1,472,0.08801435679197311,8.65604019165039
1,473,0.916921079158783,4.617151737213135
1,474,0.2833091616630554,3.829864501953125
1,475,0.025711536407470703,0.6964644193649292
1,476,0.15317277610301971,12.439863204956055
1,477,0.7301248908042908,14.755552291870117
1,478,0.029261508956551552,0.8980207443237305
1,479,0.02900124341249466,0.8912153840065002
1,480,0.025233326479792595,0.6466025710105896
1,481,0.022690564393997192,0.5188992023468018
1,482,0.31196504831314087,1.8059687614440918
1,483,0.530990719795227,5.653120040893555
1,484,0.02439884841442108,0.7952459454536438
1,485,0.06265155971050262,9.354466438293457
1,486,0.27688243985176086,2.2743823528289795
1,487,1.0365208387374878,15.403989791870117
1,488,0.3619081377983093,1.4043599367141724
1,489,0.023976735770702362,0.6278724670410156
1,490,0.370087593793869,42.60304641723633
1,491,0.022014210000634193,0.4862299859523773
1,492,0.30816420912742615,3.338176965713501
1,493,0.020503729581832886,0.7085102200508118
1,494,0.9316844940185547,23.27072525024414
1,495,0.0255745779722929,1.3400688171386719
1,496,0.3488646447658539,1.838675856590271
1,497,0.0184670127928257,0.42279747128486633
1,498,0.2959677577018738,1.8069900274276733
1,499,0.32079967856407166,1.9522888660430908
1,500,0.03520426154136658,2.1368818283081055
1,501,0.032941773533821106,2.013648748397827
1,502,0.7307449579238892,27.382566452026367
1,503,0.29689133167266846,1.5263431072235107
1,504,0.5519799590110779,7.3098955154418945
1,505,0.02735111117362976,1.424116611480713
1,506,0.025272056460380554,0.7851105332374573
1,507,0.2924962043762207,21.779199600219727
1,508,0.36509180068969727,2.1495590209960938
1,509,0.02425244450569153,0.663794219493866
1,510,0.03635803610086441,4.341675758361816
1,511,0.13691632449626923,13.840253829956055
1,512,0.2280566692352295,6.224569320678711
1,513,0.031551361083984375,1.4680029153823853
1,514,0.2405635565519333,4.791515827178955
1,515,0.2798806428909302,16.095054626464844
1,516,0.33493271470069885,1.2242720127105713
1,517,0.2614009380340576,6.807265281677246
1,518,0.29114973545074463,1.5507214069366455
1,519,0.30732396245002747,2.9806127548217773
1,520,0.23889321088790894,6.274396896362305
1,521,0.29357239603996277,3.223973035812378
1,522,0.6074094176292419,4.208154201507568
1,523,0.030688278377056122,0.9925617575645447
1,524,0.30420467257499695,1.860306978225708
1,525,0.3115709125995636,2.0968549251556396
1,526,0.31884798407554626,3.8318591117858887
1,527,0.3690055012702942,1.465715765953064
1,528,0.38276833295822144,1.6613709926605225
1,529,0.043008118867874146,1.977675437927246
1,530,0.04306437820196152,1.0933189392089844
1,531,0.3061645030975342,3.152069568634033
1,532,0.27553197741508484,1.42331063747406
1,533,0.3022260367870331,2.397893190383911
1,534,1.0257790088653564,5.652754783630371
1,535,0.5381497740745544,4.212581634521484
1,536,0.31505268812179565,3.5945215225219727
1,537,0.313869446516037,1.1430671215057373
1,538,0.24096259474754333,2.9463517665863037
1,539,0.04390760883688927,0.7644724249839783
1,540,0.0480571985244751,0.9312060475349426
1,541,0.29580289125442505,1.2090164422988892
1,542,0.3784629702568054,16.244237899780273
1,543,0.4914255738258362,28.329980850219727
1,544,0.05242457985877991,1.093689203262329
1,545,0.04286482557654381,0.715514063835144
1,546,0.2721153497695923,2.8193652629852295
1,547,0.3114427924156189,22.55891990661621
1,548,0.27640053629875183,1.8152780532836914
1,549,0.6650682687759399,11.818931579589844
1,550,0.27774861454963684,2.2564284801483154
1,551,0.7333118915557861,18.654525756835938
1,552,0.042791057378053665,1.1739751100540161
1,553,0.45272865891456604,24.428903579711914
1,554,0.25672629475593567,1.891304850578308
1,555,0.06563238799571991,9.609609603881836
1,556,0.4982738494873047,9.526167869567871
1,557,0.04474692791700363,0.9099552035331726
1,558,0.15421947836875916,10.447715759277344
1,559,0.03690133988857269,0.6972978711128235
1,560,0.2338332235813141,2.801016330718994
1,561,0.45092418789863586,16.797494888305664
1,562,0.03880647197365761,0.7310959100723267
1,563,0.04004226252436638,1.0095282793045044
1,564,0.4473414421081543,22.636571884155273
1,565,0.0461084358394146,1.0127915143966675
1,566,0.4280155301094055,14.461382865905762
1,567,0.6879094243049622,6.42038106918335
1,568,0.03292547166347504,0.6064209342002869
1,569,0.03611110523343086,0.7945294380187988
1,570,0.25342732667922974,4.037428855895996
1,571,0.029000066220760345,0.5420633554458618
1,572,0.17109042406082153,20.408872604370117
1,573,0.3136407434940338,1.5948734283447266
1,574,0.02412411943078041,0.4840542674064636
1,575,0.023855242878198624,0.5642098188400269
1,576,0.020156865939497948,0.5487808585166931
1,577,0.8023609519004822,4.183817386627197
1,578,0.0199495330452919,0.37607455253601074
1,579,0.019402725622057915,0.4581088721752167
1,580,0.02149350382387638,0.5777051448822021
1,581,0.3388254642486572,21.680131912231445
1,582,0.4331553280353546,5.071946144104004
1,583,0.304911732673645,3.7772278785705566
1,584,0.013050166890025139,0.21836677193641663
1,585,0.37851855158805847,11.738929748535156
1,586,0.3290630578994751,1.9905755519866943
1,587,0.012544797733426094,0.2620159089565277
1,588,0.07719305902719498,23.204195022583008
1,589,0.672519862651825,2.7292284965515137
1,590,0.5517008304595947,12.444151878356934
1,591,0.3588559627532959,1.4759856462478638
1,592,0.2661179304122925,6.7656097412109375
1,593,0.33959436416625977,1.8332443237304688
1,594,0.015710951760411263,0.37663352489471436
1,595,0.02048841491341591,0.4512314200401306
1,596,0.2487059086561203,3.6348049640655518
1,597,0.018259761855006218,0.3889923095703125
1,598,0.47611498832702637,28.752033233642578
1,599,0.7291836142539978,27.014986038208008
1,600,0.3835798501968384,14.536505699157715
1,601,0.33972102403640747,1.5587800741195679
1,602,0.2673492729663849,3.3141093254089355
1,603,0.026777569204568863,1.1737920045852661
1,604,0.024779124185442924,0.9552190899848938
1,605,0.32722362875938416,2.95471453666687
1,606,0.3272382318973541,2.204674482345581
1,607,0.03962228074669838,4.471626281738281
1,608,0.41860198974609375,8.657388687133789
1,609,0.04072421416640282,7.973211288452148
1,610,0.3227877914905548,2.0880329608917236
1,611,0.45112013816833496,19.493331909179688
1,612,0.02553456462919712,0.6150155067443848
1,613,0.29380321502685547,2.2182247638702393
1,614,0.24761660397052765,13.58543586730957
1,615,0.2720505893230438,2.3915631771087646
1,616,0.08738935738801956,16.51821517944336
1,617,0.3046916723251343,1.8586291074752808
1,618,0.31224820017814636,7.4520039558410645
1,619,0.030243659391999245,0.6845808029174805
2,0,0.29758521914482117,1.3183987140655518
2,1,0.28722625970840454,25.924713134765625
2,2,0.2948131263256073,1.596145510673523
2,3,0.02820657007396221,0.598259687423706
2,4,0.11993900686502457,17.002031326293945
2,5,0.29906603693962097,2.980630397796631
2,6,0.04308094456791878,1.1644978523254395
2,7,0.163618803024292,11.081506729125977
2,8,0.04236401244997978,7.897856712341309
2,9,0.034135907888412476,0.9392375946044922
2,10,0.03023819625377655,1.0693961381912231
2,11,0.45520830154418945,16.72260093688965
2,12,0.04157968983054161,3.91278076171875
2,13,0.3344893157482147,8.3035888671875
2,14,0.02887774258852005,1.3745068311691284
2,15,0.0337175577878952,2.7749438285827637
2,16,0.29460689425468445,4.112673282623291
2,17,0.2739790081977844,11.013615608215332
2,18,0.19874654710292816,32.519439697265625
2,19,0.36048755049705505,13.502264976501465
2,20,0.4864829480648041,9.915629386901855
2,21,0.2466738224029541,5.017510414123535
2,22,0.31016936898231506,1.7674587965011597
2,23,0.315174400806427,1.7738600969314575
2,24,0.02341340482234955,0.6752316951751709
2,25,0.33120355010032654,1.6984623670578003
2,26,0.022336022928357124,0.5294551849365234
2,27,0.024446625262498856,0.4390556216239929
2,28,0.022484496235847473,0.4605434238910675
2,29,0.022972095757722855,0.45934516191482544
2,30,0.024238575249910355,1.1490743160247803
2,31,0.02617260254919529,0.9909899830818176
2,32,0.5583457946777344,4.442198276519775
2,33,0.6584736108779907,10.290605545043945
2,34,0.019065862521529198,0.37422841787338257
2,35,0.2018076479434967,13.056723594665527
2,36,0.01990232616662979,0.5369802117347717
2,37,0.6039127111434937,3.1956138610839844
2,38,0.8764175176620483,5.848084926605225
2,39,0.016128459945321083,0.3154534697532654
2,40,0.019927583634853363,0.3635074198246002
2,41,0.017092300578951836,0.35238882899284363
2,42,0.7061108946800232,30.827423095703125
2,43,0.017146648839116096,0.279257595539093
2,44,0.01657046563923359,0.3931328058242798
2,45,0.01639326848089695,0.3287702202796936
2,46,0.3546017110347748,6.62865686416626
2,47,0.21602249145507812,18.841650009155273
2,48,0.027670247480273247,8.495362281799316
2,49,0.01934094913303852,0.4876008629798889
2,50,0.27761995792388916,6.715786933898926
2,51,0.018786871805787086,0.44065189361572266
2,52,0.35097044706344604,1.6362031698226929
2,53,0.04113183915615082,8.245831489562988
2,54,0.018950603902339935,1.0680065155029297
2,55,0.2998041808605194,3.6265861988067627
2,56,0.01911884918808937,0.6084867119789124
2,57,0.6581220626831055,3.0534961223602295
2,58,0.019654542207717896,0.7346805930137634
2,59,0.01763705350458622,0.44262897968292236
2,60,0.018066633492708206,0.9847588539123535
2,61,0.013264477252960205,0.2848392128944397
2,62,0.29858866333961487,2.938408613204956
2,63,0.24388235807418823,7.878267288208008
2,64,0.015616499818861485,0.4936104416847229
2,65,0.3881171643733978,1.5723503828048706
2,66,0.34942108392715454,1.5484907627105713
2,67,0.024773407727479935,1.7142003774642944
2,68,0.06280656903982162,12.468055725097656
2,69,0.6366614699363708,3.5562729835510254
2,70,0.017587486654520035,0.5100528001785278
2,71,0.017716165632009506,1.1855579614639282
2,72,0.8953864574432373,4.1823954582214355
2,73,0.020336374640464783,0.8249182105064392
2,74,0.21115057170391083,27.579648971557617
2,75,0.354267954826355,1.6390043497085571
2,76,0.2926810085773468,3.2396864891052246
2,77,0.024065185338258743,0.8473492860794067
2,78,0.3148607611656189,1.565995454788208
2,79,0.5895111560821533,3.427020311355591
2,80,0.025515710934996605,0.9575586318969727
2,81,0.6308686137199402,3.959770441055298
2,82,0.3237035870552063,1.451558232307434
2,83,0.2989036440849304,1.687009334564209
2,84,0.3160734176635742,2.9226181507110596
2,85,0.03622442111372948,1.8413575887680054
2,86,0.027929916977882385,0.7829828858375549
2,87,0.03405484929680824,2.6448655128479004
2,88,0.3055706024169922,1.574861764907837
2,89,0.5067635178565979,17.752182006835938
2,90,0.5261040925979614,5.830775260925293
2,91,0.026216743513941765,0.7626200914382935
2,92,0.31039345264434814,1.0896252393722534
2,93,0.3245890140533447,1.9571267366409302
2,94,0.03307536244392395,1.1396085023880005
2,95,0.26506349444389343,5.816019058227539
2,96,0.2912103235721588,1.5545291900634766
2,97,0.028484152629971504,0.5861749649047852
2,98,0.3189462423324585,1.163922905921936
2,99,0.5401161909103394,5.157084941864014
2,100,0.3631521463394165,8.470256805419922
2,101,0.10519246757030487,15.453615188598633
2,102,0.036010973155498505,0.9145286083221436
2,103,0.03489217907190323,0.90192049741745
2,104,0.0387268103659153,0.9605638980865479
2,105,0.04054734855890274,0.8921895027160645
2,106,0.02962786704301834,0.5626922249794006
2,107,0.028944144025444984,0.6286046504974365
2,108,0.026023315265774727,0.42464426159858704
2,109,0.024769900366663933,0.49134930968284607
2,110,0.026839599013328552,1.7756248712539673
2,111,0.34530407190322876,1.9612294435501099
2,112,0.022626426070928574,0.4090992212295532
2,113,0.01819327287375927,0.3037300705909729
2,114,0.01895073428750038,0.3600137531757355
2,115,0.26533716917037964,4.729188919067383
2,116,0.01779443770647049,0.3203517198562622
2,117,0.03674108907580376,14.697452545166016
2,118,0.015324686653912067,0.27377766370773315
2,119,0.34637582302093506,2.068960189819336
2,120,0.12235062569379807,8.146437644958496
2,121,0.3080182671546936,5.268393516540527
2,122,0.3517780005931854,12.054647445678711
2,123,0.9919894337654114,3.7242746353149414
2,124,0.015380019322037697,0.8096717596054077
2,125,0.3498895764350891,1.3782334327697754
2,126,0.014842564240098,0.29014620184898376
2,127,0.6344906091690063,3.567664384841919
2,128,0.020412888377904892,0.5072996020317078
2,129,0.015732189640402794,0.3504505455493927
2,130,0.1339065283536911,32.180084228515625
2,131,0.3012796938419342,1.623528003692627
2,132,0.29313910007476807,1.5667121410369873
2,133,0.020298512652516365,0.4512269198894501
2,134,0.033555321395397186,7.932988166809082
2,135,0.018379593268036842,0.3663886487483978
2,136,0.02564092166721821,1.0709503889083862
2,137,0.019167635589838028,0.4362327456474304
2,138,0.019608743488788605,0.4970337450504303
2,139,0.23576462268829346,21.307212829589844
2,140,0.5514481663703918,40.095462799072266
2,141,0.45615655183792114,28.415159225463867
2,142,0.017880015075206757,0.43299567699432373
2,143,0.018486082553863525,0.4586445987224579
2,144,0.019151786342263222,0.3964177668094635
2,145,0.35320672392845154,3.6528470516204834
2,146,0.34059178829193115,1.6327769756317139
2,147,0.01684081368148327,0.35530248284339905
2,148,0.35304105281829834,1.9471467733383179
2,149,0.6584587693214417,3.2720589637756348
2,150,0.35921984910964966,1.2205190658569336
2,151,0.015452390536665916,0.2525891661643982
2,152,0.016770297661423683,0.3686341643333435
2,153,0.022522419691085815,1.440454125404358
2,154,0.4345810115337372,27.97504425048828
2,155,0.018334005028009415,0.35024750232696533
2,156,0.017568033188581467,0.3354615867137909
2,157,0.018598830327391624,0.42775416374206543
2,158,0.07017230987548828,24.750755310058594
2,159,0.017009131610393524,0.3026784360408783
2,160,0.017593542113900185,0.3326099216938019
2,161,0.27075472474098206,7.974042892456055
2,162,0.486145555973053,11.997041702270508
2,163,0.3178846836090088,4.586780071258545
2,164,0.5586323738098145,3.678129196166992
2,165,0.017317939549684525,0.42619001865386963
2,166,0.3116407096385956,1.6517019271850586
2,167,0.23553650081157684,13.046636581420898
2,168,0.14143112301826477,48.209930419921875
2,169,0.30360323190689087,1.602941870689392
2,170,0.8719186186790466,12.508698463439941
2,171,0.298311710357666,5.124304294586182
2,172,0.02777501381933689,3.0764851570129395
2,173,0.022859780117869377,1.3076326847076416
2,174,0.32897454500198364,2.6680524349212646
2,175,0.026982685551047325,1.2172459363937378
2,176,0.03536494821310043,3.2161293029785156
2,177,0.10047219693660736,61.63249588012695
2,178,0.02396499365568161,1.3026741743087769
2,179,0.027180511504411697,2.582230567932129
2,180,0.0222431942820549,0.6187522411346436
2,181,0.6013508439064026,2.2481091022491455
2,182,0.2971755862236023,2.328535556793213
2,183,0.021097680553793907,0.6003453135490417
2,184,0.4341612458229065,37.15928649902344
2,185,0.01710231602191925,0.3187820315361023
2,186,0.5672795176506042,3.991814613342285
2,187,0.5893292427062988,4.3058953285217285
2,188,0.5754080414772034,4.065370082855225
2,189,0.29632237553596497,4.309278964996338
2,190,0.506836473941803,7.687680721282959
2,191,0.43443018198013306,18.196247100830078
2,192,0.2969740331172943,1.7791813611984253
2,193,0.02837851643562317,0.8445717096328735
2,194,0.2800794839859009,3.3656413555145264
2,195,0.038121603429317474,12.33961296081543
2,196,0.03230897709727287,0.795184850692749
2,197,0.043281231075525284,11.399343490600586
2,198,0.20779189467430115,16.828994750976562
2,199,0.6232076287269592,39.56965637207031
2,200,0.036382272839546204,1.7329469919204712
2,201,0.32373329997062683,6.53240442276001
2,202,1.0879018306732178,4.444587230682373
2,203,0.02622523158788681,0.5229800939559937
2,204,0.026803266257047653,0.509922206401825
2,205,0.02348482422530651,0.45989152789115906
2,206,0.02827191911637783,0.5641298890113831
2,207,0.1865459382534027,12.73637866973877
2,208,0.31593722105026245,2.6978795528411865
2,209,0.27166104316711426,7.068721294403076
2,210,0.5868682265281677,4.942316055297852
2,211,0.0277339406311512,1.179949402809143
2,212,0.3372137248516083,17.180034637451172
2,213,0.02314583584666252,0.4906860291957855
2,214,0.659319281578064,47.70258712768555
2,215,0.02871079370379448,0.925571084022522
2,216,0.027076127007603645,0.7376941442489624
2,217,0.30557382106781006,1.0516538619995117
2,218,0.24214006960391998,1.5682647228240967
2,219,0.02243082784116268,0.5453053712844849
2,220,0.3065592348575592,1.5797048807144165
2,221,0.5508899688720703,4.070619106292725
2,222,0.02438674122095108,0.5577232241630554
2,223,0.03439347445964813,9.64003849029541
2,224,0.5622513890266418,3.1003000736236572
2,225,0.025249358266592026,0.5951024293899536
2,226,0.5741391181945801,2.4239144325256348
2,227,0.7394676804542542,23.18390464782715
2,228,0.3259507715702057,1.330474853515625
2,229,0.2572742700576782,1.288442850112915
2,230,0.02720567025244236,0.8898827433586121
2,231,0.03547011688351631,1.0396124124526978
2,232,0.028485992923378944,0.5366487503051758
2,233,0.03024553507566452,0.6456517577171326
2,234,0.025059178471565247,0.505027174949646
2,235,0.023281505331397057,0.44765061140060425
2,236,0.03075006976723671,1.0415716171264648
2,237,0.2635255455970764,9.175813674926758
2,238,0.21401892602443695,11.919594764709473
2,239,0.27651721239089966,1.2973235845565796
2,240,0.19948263466358185,13.889817237854004
2,241,0.02327858842909336,0.5662947297096252
2,242,0.3105235695838928,3.067681074142456
2,243,0.023308364674448967,0.5546620488166809
2,244,0.3326682150363922,1.1838208436965942
2,245,0.343469500541687,1.230167031288147
2,246,0.30857253074645996,3.1429293155670166
2,247,0.021009285002946854,0.40601426362991333
2,248,0.02340347319841385,0.486876517534256
2,249,0.60712069272995,2.1959896087646484
2,250,0.24923598766326904,3.598888635635376
2,251,0.597485363483429,5.076567649841309
2,252,0.037809450179338455,15.115238189697266
2,253,0.28624844551086426,1.3836169242858887
2,254,0.028630441054701805,0.594898521900177
2,255,0.2809946537017822,2.163961887359619
2,256,0.02551022730767727,0.5103623270988464
2,257,0.5790620446205139,2.2370567321777344
2,258,0.030645878985524178,0.9062545299530029
2,259,0.030629169195890427,0.6380327343940735
2,260,0.2872045934200287,1.1563023328781128
2,261,0.3115897476673126,11.064339637756348
2,262,0.5445853471755981,2.46630859375
2,263,0.03133383020758629,3.0100138187408447
2,264,0.5088669061660767,3.440906047821045
2,265,0.5393850207328796,2.2039523124694824
2,266,0.03319898992776871,0.7732612490653992
2,267,0.5271769762039185,14.611372947692871
2,268,0.2808898687362671,1.1230114698410034
2,269,0.5560258030891418,2.119791269302368
2,270,0.29108133912086487,1.427988052368164
2,271,0.29071083664894104,1.3439571857452393
2,272,0.04478874430060387,0.8811613917350769
2,273,0.6502665877342224,65.1089096069336
2,274,0.06687801331281662,4.726826190948486
2,275,0.051207493990659714,1.0394232273101807
2,276,0.05063416808843613,1.665742039680481
2,277,0.047399360686540604,0.9577574133872986
2,278,0.04727761447429657,1.0302942991256714
2,279,0.04415377601981163,0.8029307723045349
2,280,0.27932506799697876,0.8790420293807983
2,281,0.23157067596912384,1.9022464752197266
2,282,0.5374029278755188,3.9483587741851807
2,283,0.03200879693031311,0.47761020064353943
2,284,0.22296242415905,18.4207763671875
2,285,0.7969492077827454,13.55157470703125
2,286,0.24949133396148682,1.4760907888412476
2,287,0.5751097202301025,2.3162736892700195
2,288,0.5374225378036499,3.135953187942505
2,289,0.03421282395720482,0.5937204360961914
2,290,0.03919309005141258,12.991032600402832
2,291,0.46921148896217346,7.001161575317383
2,292,0.030105581507086754,0.5514693260192871
2,293,0.024518053978681564,0.42922279238700867
2,294,0.030869735404849052,0.5743188858032227
2,295,0.029352864250540733,0.5430006980895996
2,296,0.03190333768725395,0.5625345706939697
2,297,0.0362527035176754,4.921738147735596
2,298,0.09647224098443985,42.30842590332031
2,299,0.027767924591898918,0.49132558703422546
2,300,0.02469646744430065,0.4221366345882416
2,301,0.0275199506431818,0.6752724051475525
2,302,0.020764442160725594,0.416586309671402
2,303,0.5551985502243042,5.713090419769287
2,304,0.01848178543150425,0.35343408584594727
2,305,0.015157483518123627,0.2742490768432617
2,306,0.2224900722503662,5.293135643005371
2,307,0.6366506814956665,2.0210800170898438
2,308,0.7186397910118103,27.67148208618164
2,309,0.017040235921740532,0.31716686487197876
2,310,0.3719414174556732,45.05805587768555
2,311,0.29879119992256165,1.2532728910446167
2,312,0.36116889119148254,1.6297292709350586
2,313,0.09013208001852036,55.57804870605469
2,314,0.27244335412979126,3.2118589878082275
2,315,0.021354548633098602,1.282137393951416
2,316,0.29055583477020264,3.1389622688293457
2,317,0.13334348797798157,29.508602142333984
2,318,0.6161969900131226,5.385814666748047
2,319,0.6069789528846741,3.478710889816284
2,320,0.02258867397904396,1.8493294715881348
2,321,0.0252756979316473,0.8088340759277344
2,322,0.3099384009838104,2.7956247329711914
2,323,0.22272221744060516,11.906728744506836
2,324,0.031087057664990425,1.7051838636398315
2,325,0.20924702286720276,33.92937469482422
2,326,0.02622116543352604,1.2850284576416016
2,327,0.029593560844659805,1.4380238056182861
2,328,0.03408334404230118,2.1784536838531494
2,329,0.28450602293014526,7.59914493560791
2,330,0.27534884214401245,1.5046511888504028
2,331,0.13645975291728973,48.800018310546875
2,332,0.023248426616191864,0.9371410608291626
2,333,0.8063225150108337,71.42622375488281
2,334,0.027292216196656227,1.7016443014144897
2,335,0.025744231417775154,3.891655206680298
2,336,0.024048123508691788,0.790886402130127
2,337,0.30139216780662537,1.963798999786377
2,338,0.03650881350040436,10.60952091217041
2,339,0.28208717703819275,1.3620481491088867
2,340,0.01813693717122078,0.3486024737358093
2,341,0.10482440143823624,49.1146240234375
2,342,0.02142341248691082,0.45866650342941284
2,343,0.01991812139749527,0.39298543334007263
2,344,0.6056545972824097,2.4795212745666504
2,345,0.9614682793617249,15.473902702331543
2,346,0.3085833787918091,1.041535496711731
2,347,0.3324815630912781,1.2306714057922363
2,348,0.02246253937482834,0.6727582812309265
2,349,0.272269070148468,4.483584403991699
2,350,0.3065209984779358,1.2063446044921875
2,351,0.021728109568357468,0.4105518162250519
2,352,0.023859059438109398,0.4690852761268616
2,353,0.036917977035045624,7.592070579528809
2,354,0.024123849347233772,0.43338435888290405
2,355,0.29937300086021423,2.118544340133667
2,356,0.024685323238372803,0.42123687267303467
2,357,0.029192516580224037,2.205601215362549
2,358,0.2465737760066986,2.547818183898926
2,359,0.024235324934124947,0.47752586007118225
2,360,0.02761676348745823,0.6296302080154419
2,361,0.02349507436156273,0.6243494749069214
2,362,0.2994655966758728,1.1282726526260376
2,363,0.028066877275705338,0.6755295395851135
2,364,0.020872589200735092,0.3650078773498535
2,365,0.16975609958171844,20.859485626220703
2,366,0.5259317755699158,3.350860357284546
2,367,0.019064558669924736,0.2882102429866791
2,368,0.592883825302124,5.1855998039245605
2,369,0.30699577927589417,1.1122349500656128
2,370,0.444122314453125,43.57786178588867
2,371,0.022830411791801453,0.4299148917198181
2,372,0.021562092006206512,0.382397323846817
2,373,0.3689005672931671,31.772615432739258
2,374,0.35506629943847656,7.792819499969482
2,375,0.024934589862823486,0.5739911794662476
2,376,0.021863434463739395,0.5870087742805481
2,377,0.02376585453748703,0.5143752098083496
2,378,0.31591877341270447,1.690112829208374
2,379,0.3169654905796051,1.77041757106781
2,380,0.02151750773191452,0.6565477252006531
2,381,0.020121432840824127,0.4406622052192688
2,382,0.40226706862449646,63.73356628417969
2,383,0.300055593252182,2.161160707473755
2,384,0.3040303885936737,1.5100682973861694
2,385,0.023648615926504135,0.47031331062316895
2,386,0.02024923823773861,0.39636656641960144
2,387,0.27553093433380127,1.7145134210586548
2,388,0.01983574964106083,0.41385117173194885
2,389,0.6274617314338684,2.209885597229004
2,390,0.1332027018070221,26.4307918548584
2,391,1.1205430030822754,11.932210922241211
2,392,0.3059876263141632,1.1563133001327515
2,393,0.022362522780895233,0.44907674193382263
2,394,0.021312281489372253,0.37726160883903503
2,395,0.572746992111206,2.5360517501831055
2,396,0.6095519661903381,3.786539316177368
2,397,0.8772401809692383,3.3346259593963623
2,398,0.2932102382183075,1.7871092557907104
2,399,0.028296396136283875,0.5385491847991943
2,400,0.02814667858183384,0.5701628923416138
2,401,0.03421402722597122,0.7965443134307861
2,402,0.03016558475792408,0.4985988438129425
2,403,0.030900361016392708,0.7206710577011108
2,404,0.034131232649087906,0.7572958469390869
2,405,0.0309284757822752,0.6410998702049255
2,406,0.03520122915506363,0.8639406561851501
2,407,0.02820102497935295,0.4852069616317749
2,408,0.02588273584842682,0.45738792419433594
2,409,0.024513596668839455,0.45198947191238403
2,410,0.28932273387908936,1.2242457866668701
2,411,0.23240777850151062,5.428878307342529
2,412,0.018758980557322502,0.31335940957069397
2,413,0.020689617842435837,0.38219648599624634
2,414,0.01815226674079895,0.3075653612613678
2,415,0.018383704125881195,0.30106499791145325
2,416,0.016106141731142998,0.2348298728466034
2,417,0.015214725397527218,0.24095311760902405
2,418,0.5507965683937073,15.64299488067627
2,419,0.30546268820762634,1.3463181257247925
2,420,0.013811228796839714,0.2118901163339615
2,421,0.6019506454467773,6.23129940032959
2,422,0.012823899276554585,0.20996034145355225
2,423,0.014558199793100357,0.25438418984413147
2,424,0.25542858242988586,3.2237327098846436
2,425,0.34367600083351135,1.545393943786621
2,426,0.012423638254404068,0.18932142853736877
2,427,0.5517134070396423,8.648360252380371
2,428,0.015113822184503078,0.2458616942167282
2,429,0.6225487589836121,8.215652465820312
2,430,0.6141905188560486,6.907157897949219
2,431,0.06911355257034302,33.73270797729492
2,432,0.013234973885118961,0.22159381210803986
2,433,0.018637659028172493,0.7613791227340698
2,434,0.01286486629396677,0.21272283792495728
2,435,0.6752727627754211,2.5856242179870605
2,436,0.014324814081192017,0.2868541181087494
2,437,0.013851063326001167,0.9580289125442505
2,438,0.017613912001252174,0.3155193328857422
2,439,0.021937517449259758,1.527820348739624
2,440,0.018879225477576256,0.4541105628013611
2,441,0.12763163447380066,84.919677734375
2,442,0.3271926939487457,1.5994898080825806
2,443,0.013492688536643982,0.2484658658504486
2,444,0.9011458158493042,13.108464241027832
2,445,0.013840713538229465,0.2843232750892639
2,446,0.015283417887985706,0.3297872543334961
2,447,0.03601771593093872,23.936275482177734
2,448,0.4104025661945343,18.708818435668945
2,449,0.3415558934211731,2.108583450317383
2,450,0.3305661678314209,1.2711833715438843
2,451,0.3267640769481659,1.7685667276382446
2,452,0.09928721934556961,53.43307113647461
2,453,0.5238980650901794,3.1590192317962646
2,454,0.023922475054860115,0.8667716383934021
2,455,0.30554628372192383,4.723270893096924
2,456,0.029882702976465225,3.1544930934906006
2,457,0.023003676906228065,0.7749518156051636
2,458,0.30589914321899414,1.2821972370147705
2,459,0.30478671193122864,1.2424200773239136
2,460,0.31619465351104736,15.392821311950684
2,461,0.2794068157672882,2.0177950859069824
2,462,0.30480480194091797,1.4209600687026978
2,463,0.29276877641677856,1.6159958839416504
2,464,0.2776672840118408,1.3728253841400146
2,465,0.31618499755859375,1.1263847351074219
2,466,0.28104352951049805,1.8367172479629517
2,467,0.03039013221859932,0.5933760404586792
2,468,0.3246849775314331,1.9478353261947632
2,469,0.040100399404764175,0.8187025189399719
2,470,0.323575884103775,1.1942673921585083
2,471,0.06068954989314079,12.432896614074707
2,472,0.5167484879493713,18.222496032714844
2,473,0.7191346883773804,14.605143547058105
2,474,0.5361695289611816,10.73885440826416
2,475,0.03776344284415245,0.6662101745605469
2,476,0.27003395557403564,3.9186532497406006
2,477,0.030788738280534744,0.4551851153373718
2,478,0.3093894422054291,1.1106585264205933
2,479,0.262030690908432,1.6041494607925415
2,480,0.5164428353309631,3.1463050842285156
2,481,0.4574677348136902,20.498477935791016
2,482,0.20306605100631714,20.475887298583984
2,483,0.04425770044326782,1.245944619178772
2,484,0.04539382457733154,0.6663236618041992
2,485,0.26956984400749207,1.2644083499908447
2,486,0.2802260220050812,0.9668570756912231
2,487,0.045252926647663116,0.7476528882980347
2,488,0.3220215439796448,1.2788552045822144
2,489,0.0415220782160759,0.602933943271637
2,490,0.3104281723499298,1.0722540616989136
2,491,0.035090330988168716,0.5257627367973328
2,492,0.26752814650535583,0.8026250004768372
2,493,0.04483532905578613,1.1008126735687256
2,494,0.034747712314128876,0.5555493831634521
2,495,0.2073553055524826,12.798605918884277
2,496,0.5969622135162354,2.0054807662963867
2,497,0.30362796783447266,1.3129847049713135
2,498,0.03360075131058693,0.48055315017700195
2,499,0.2788517475128174,1.2621595859527588
2,500,0.030723936855793,0.45083853602409363
2,501,0.5904433727264404,1.9637154340744019
2,502,0.02639315463602543,0.3670498728752136
2,503,0.2691216766834259,2.36889910697937
2,504,0.03565322607755661,1.8448545932769775
2,505,0.03782310336828232,0.535126268863678
2,506,0.033985789865255356,0.4581206142902374
2,507,0.26396629214286804,3.000171184539795
2,508,0.30157068371772766,1.0155187845230103
2,509,0.035412129014730453,0.54584139585495
2,510,0.2362402379512787,3.0474777221679688
2,511,0.028449248522520065,0.39802566170692444
2,512,0.15950897336006165,5.656312465667725
2,513,0.2773754596710205,1.01264226436615
2,514,0.28891077637672424,1.2632402181625366
2,515,0.31961047649383545,1.1316406726837158
2,516,0.2929307520389557,1.088390588760376
2,517,0.525438129901886,1.8452398777008057
2,518,0.03299868106842041,0.49076083302497864
2,519,0.3090466856956482,0.9596843719482422
2,520,0.2583334147930145,0.9324002861976624
2,521,0.03542012721300125,0.4963107109069824
2,522,0.2928798496723175,0.9529926180839539
2,523,0.28605130314826965,1.2486801147460938
2,524,0.03868192434310913,0.567846417427063
2,525,0.3087431788444519,0.8831222653388977
2,526,0.041243281215429306,0.5687594413757324
2,527,0.29907143115997314,0.9286554455757141
2,528,0.2724052965641022,1.0234808921813965
2,529,0.0497170053422451,0.7050366997718811
2,530,0.046747319400310516,0.6669315099716187
2,531,0.06571263819932938,11.959179878234863
2,532,0.44762200117111206,2.851436138153076
2,533,0.27978837490081787,0.9887639284133911
2,534,0.29737770557403564,0.8009424209594727
2,535,0.6315476298332214,27.26556396484375
2,536,0.05794394761323929,1.0109416246414185
2,537,0.49002379179000854,1.9140523672103882
2,538,0.04292755573987961,0.5826234817504883
2,539,0.6242138147354126,36.19133377075195
2,540,0.2713601291179657,1.0562845468521118
2,541,0.41918256878852844,11.307250022888184
2,542,0.05262142792344093,1.5640860795974731
2,543,0.04681004211306572,0.627427339553833
2,544,0.05310000851750374,0.738754153251648
2,545,0.04076452925801277,0.569340169429779
2,546,0.04114070534706116,0.5664405822753906
2,547,0.038667403161525726,0.5346652269363403
2,548,0.5083428025245667,2.5666747093200684
2,549,0.24603421986103058,7.3327460289001465
2,550,0.10136139392852783,9.360320091247559
2,551,0.0332169383764267,0.4759405255317688
2,552,0.025509878993034363,0.38063353300094604
2,553,0.5259916186332703,2.1119468212127686
2,554,0.023176148533821106,0.3646712303161621
2,555,0.023588471114635468,0.35044658184051514
2,556,0.029075879603624344,0.4914913475513458
2,557,0.02138374373316765,0.3017965853214264
2,558,0.020896686241030693,0.3001513183116913
2,559,0.49216461181640625,20.212512969970703
2,560,0.7752335667610168,28.03676986694336
2,561,0.019184008240699768,0.28893518447875977
2,562,0.2819589376449585,8.030354499816895
2,563,0.0182807520031929,0.28199589252471924
2,564,0.8898276686668396,8.690717697143555
2,565,0.016968224197626114,0.24621373414993286
2,566,0.01620633155107498,0.2854803502559662
2,567,0.31397539377212524,1.0604015588760376
2,568,0.275203138589859,11.709678649902344
2,569,0.3113771975040436,1.2342233657836914
2,570,0.331048846244812,1.311257243156433
2,571,0.015833664685487747,0.2665465176105499
2,572,0.3484356105327606,1.2955358028411865
2,573,0.01680399477481842,0.2770789861679077
2,574,0.33355894684791565,1.4756240844726562
2,575,0.3104660212993622,4.566294193267822
2,576,0.5744331479072571,2.1937711238861084
2,577,0.01806120201945305,0.33417975902557373
2,578,0.023616448044776917,0.4310147762298584
2,579,0.022410225123167038,0.5131181478500366
2,580,0.020933104678988457,0.3786183297634125
2,581,0.3206580579280853,3.8828320503234863
2,582,0.061323441565036774,30.66510772705078
2,583,0.024644140154123306,0.48533931374549866
2,584,0.3906455338001251,12.2401123046875
2,585,0.27849143743515015,1.0050615072250366
2,586,0.02423628605902195,0.39043885469436646
2,587,0.0242917537689209,0.3969191312789917
2,588,0.5549206733703613,4.573422431945801
2,589,0.3058947026729584,1.2386128902435303
2,590,0.02493375353515148,3.104342460632324
2,591,0.2882167398929596,1.1005085706710815
2,592,0.2626919448375702,2.154724597930908
2,593,0.02799955941736698,0.4426257312297821
2,594,0.0242173932492733,0.43653979897499084
2,595,0.026862263679504395,0.9450475573539734
2,596,0.2710682451725006,0.7920213937759399
2,597,0.33943048119544983,30.08066177368164
2,598,0.3181370794773102,2.6962547302246094
2,599,0.15037931501865387,126.22199249267578
2,600,0.030119769275188446,0.7373326420783997
2,601,0.026785187423229218,0.40493759512901306
2,602,0.5338491201400757,1.9014387130737305
2,603,0.02682463452219963,0.5122975707054138
2,604,0.29976123571395874,1.2362282276153564
2,605,0.56309974193573,3.0029561519622803
2,606,0.02721417136490345,0.3847920596599579
2,607,0.03290015086531639,0.5340783596038818
2,608,0.5413838624954224,4.3953776359558105
2,609,0.2355939745903015,4.3723063468933105
2,610,0.02574225142598152,0.5690679550170898
2,611,0.2709791958332062,4.785348892211914
2,612,0.299561083316803,0.876236081123352
2,613,0.2677456736564636,0.7951701283454895
2,614,0.2541821599006653,1.5202783346176147
2,615,0.029665473848581314,0.41861867904663086
2,616,0.28410619497299194,0.9397500157356262
2,617,0.03229961171746254,0.44860461354255676
2,618,0.03515898063778877,0.5045126676559448
2,619,0.03384010121226311,0.5279302000999451
3,0,0.5415908098220825,1.7890104055404663
3,1,0.03572184965014458,0.5565343499183655
3,2,0.3010040521621704,1.0145702362060547
3,3,0.037400051951408386,0.5293015837669373
3,4,0.2981257438659668,0.9133026003837585
3,5,0.032086387276649475,0.46194756031036377
3,6,0.031625691801309586,0.6315182447433472
3,7,0.2695421278476715,1.2006144523620605
3,8,0.29876187443733215,0.8468670845031738
3,9,0.27885785698890686,0.9859678745269775
3,10,0.29128143191337585,0.9621831178665161
3,11,0.5245692133903503,2.1869170665740967
3,12,0.03459355980157852,0.473082959651947
3,13,0.26643675565719604,2.020104169845581
3,14,0.038741692900657654,0.516484260559082
3,15,0.04045788198709488,0.5494653582572937
3,16,0.699009120464325,21.4860782623291
3,17,0.07359236478805542,16.08340072631836
3,18,0.03517735376954079,0.5411271452903748
3,19,0.03351564332842827,0.4417942762374878
3,20,0.03746376931667328,0.5310829877853394
3,21,0.03863825276494026,0.5416608452796936
3,22,0.03146087005734444,0.46663132309913635
3,23,0.5575398206710815,2.068239688873291
3,24,0.27595943212509155,1.4247905015945435
3,25,0.4461168050765991,19.476604461669922
3,26,0.03207003325223923,2.7785022258758545
3,27,0.027029728516936302,0.3986968398094177
3,28,0.3004990816116333,1.4227818250656128
3,29,0.02703559212386608,0.3954673111438751
3,30,0.28765055537223816,1.0819960832595825
3,31,0.029129886999726295,1.2357515096664429
3,32,0.02461966685950756,0.3602554202079773
3,33,0.024459049105644226,0.3580652177333832
3,34,0.023325232788920403,0.3335857391357422
3,35,0.5529844164848328,1.9071190357208252
3,36,0.02451128140091896,0.376179963350296
3,37,0.022537093609571457,0.3237694501876831
3,38,0.020992843434214592,0.6932733654975891
3,39,0.02128865011036396,0.31594762206077576
3,40,0.5899147987365723,1.9702353477478027
3,41,0.327038049697876,1.078121542930603
3,42,0.4796079099178314,25.530973434448242
3,43,0.019377639517188072,0.2788099944591522
3,44,0.29934021830558777,1.1696501970291138
3,45,0.28963935375213623,1.0913803577423096
3,46,0.023050382733345032,0.32867786288261414
3,47,0.021203622221946716,0.31919094920158386
3,48,0.31028735637664795,1.0300495624542236
3,49,0.30049216747283936,1.0652588605880737
3,50,0.2958214282989502,1.251338005065918
3,51,0.31127268075942993,1.0188947916030884
3,52,0.025973042473196983,0.3609563112258911
3,53,0.026989638805389404,0.413191556930542
3,54,0.026492247357964516,0.3516055643558502
3,55,0.3090786635875702,0.9016705751419067
3,56,0.029929161071777344,0.4113716185092926
3,57,0.2977493107318878,0.8886403441429138
3,58,0.027034346014261246,0.3754272162914276
3,59,0.029439054429531097,0.4059949517250061
3,60,0.26541292667388916,0.9370299577713013
3,61,0.3230099081993103,1.190536618232727
3,62,0.29079025983810425,1.0892837047576904
3,63,0.3042413592338562,0.8465555310249329
3,64,0.29724082350730896,1.3636261224746704
3,65,0.13493652641773224,63.85295486450195
3,66,0.04629140347242355,0.6072092652320862
3,67,0.5716321468353271,40.2547721862793
3,68,0.37355607748031616,46.94192123413086
3,69,0.2892274260520935,0.924135148525238
3,70,0.7951468825340271,79.18488311767578
3,71,0.050298918038606644,0.6728490591049194
3,72,0.04076171666383743,0.5252662301063538
3,73,0.7609889507293701,2.679840564727783
3,74,0.28890901803970337,0.8808765411376953
3,75,0.2632886469364166,1.5220394134521484
3,76,0.2407837063074112,0.9637001156806946
3,77,0.05284589156508446,0.7215563058853149
3,78,0.0481315553188324,0.6363354325294495
3,79,0.28457382321357727,1.064819574356079
3,80,0.052314937114715576,0.6712195873260498
3,81,0.25497540831565857,1.0174416303634644
3,82,0.053772032260894775,1.2915107011795044
3,83,0.29400375485420227,1.065240502357483
3,84,0.288627952337265,0.9826568961143494
3,85,0.04649398475885391,0.6206825375556946
3,86,0.3346996009349823,39.524681091308594
3,87,0.5015191435813904,1.5007911920547485
3,88,0.3038894534111023,10.12020492553711
3,89,0.5107977986335754,5.535312652587891
3,90,0.28688666224479675,0.8530382513999939
3,91,0.2641705274581909,0.9686227440834045
3,92,0.04514463245868683,0.6029690504074097
3,93,0.27660903334617615,1.0490103960037231
3,94,0.11598463356494904,65.94960021972656
3,95,0.04233887791633606,0.6204349994659424
3,96,0.4812793731689453,2.135197877883911
3,97,0.04803771153092384,0.6821392178535461
3,98,0.5032434463500977,1.5964299440383911
3,99,0.5588828325271606,1.97740638256073
3,100,0.27436235547065735,1.4184067249298096
3,101,0.2825523614883423,1.39010751247406
3,102,0.054018471390008926,0.8098610639572144
3,103,0.27479150891304016,0.8874764442443848
3,104,0.29524946212768555,0.7270360589027405
3,105,0.05097033083438873,0.674197793006897
3,106,0.04533415660262108,0.6352018117904663
3,107,0.24502697587013245,1.0866180658340454
3,108,0.4876411557197571,1.5267034769058228
3,109,0.28820306062698364,0.9124148488044739
3,110,0.2989797592163086,0.8437277674674988
3,111,0.04307141155004501,0.5610519051551819
3,112,0.055284302681684494,0.8062658905982971
3,113,0.4919672906398773,1.808448314666748
3,114,0.05074267089366913,0.661126971244812
3,115,0.27139586210250854,0.9472015500068665
3,116,0.29439082741737366,1.003940224647522
3,117,0.2457408308982849,1.1123013496398926
3,118,0.312208354473114,0.9457671642303467
3,119,0.26742175221443176,1.073737621307373
3,120,0.40248632431030273,12.837224006652832
3,121,0.05546798184514046,0.7506436705589294
3,122,0.06372550129890442,0.8366819024085999
3,123,0.3172157406806946,0.7800015807151794
3,124,0.240134134888649,0.738324761390686
3,125,0.05294690281152725,0.7207062244415283
3,126,0.04910057783126831,0.6617791056632996
3,127,0.48480281233787537,1.747403621673584
3,128,0.23669444024562836,9.118172645568848
3,129,0.24758470058441162,0.9518228769302368
3,130,0.051703885197639465,12.223467826843262
3,131,0.03941631317138672,0.5413020253181458
3,132,0.04105241224169731,0.5622724890708923
3,133,0.5063444375991821,2.129063129425049
3,134,0.03949848562479019,1.762792944908142
3,135,0.3090223968029022,0.8644945621490479
3,136,0.1630139946937561,78.3578872680664
3,137,0.03749311342835426,0.5204358696937561
3,138,0.3822823464870453,67.06135559082031
3,139,0.03639673441648483,0.48981788754463196
3,140,0.03648670017719269,0.48071572184562683
3,141,0.2652502655982971,0.9834668636322021
3,142,0.033039290457963943,0.5488443970680237
3,143,0.03785765916109085,0.9081056714057922
3,144,0.029565203934907913,0.45022886991500854
3,145,0.2708300054073334,2.5271809101104736
3,146,0.028909383341670036,0.40371614694595337
3,147,0.5816235542297363,1.9095903635025024
3,148,0.0249324943870306,0.3446047008037567
3,149,0.5434978604316711,2.494300365447998
3,150,0.027408473193645477,0.37663257122039795
3,151,0.28477734327316284,0.8622635006904602
3,152,0.09513228386640549,22.2753963470459
3,153,0.03376026451587677,1.9372817277908325
3,154,0.026546087116003036,0.37704989314079285
3,155,0.02665969543159008,0.4265798032283783
3,156,0.3036556839942932,1.0193380117416382
3,157,0.3024101257324219,1.0501675605773926
3,158,0.3199194073677063,4.664529323577881
3,159,0.5501393675804138,1.936531662940979
3,160,0.3204018771648407,1.1248984336853027
3,161,0.29080095887184143,1.1536271572113037
3,162,0.028246350586414337,0.40777045488357544
3,163,0.03002011775970459,0.452392041683197
3,164,0.030821625143289566,0.42241033911705017
3,165,0.5509863495826721,1.8332794904708862
3,166,0.28424325585365295,0.8942557573318481
3,167,0.030417203903198242,0.40619516372680664
3,168,0.7810116410255432,2.8389856815338135
3,169,0.03154469281435013,0.42648449540138245
3,170,0.18911698460578918,46.81915283203125
3,171,0.272398442029953,1.0933524370193481
3,172,0.04024351015686989,0.5459160208702087
3,173,0.034172046929597855,0.4682164788246155
3,174,0.04172828793525696,0.5882410407066345
3,175,0.27708572149276733,0.994310736656189
3,176,0.03337066248059273,0.46257683634757996
3,177,0.2979508936405182,1.019248604774475
3,178,0.03517938032746315,0.49510657787323
3,179,0.25817105174064636,25.503042221069336
3,180,0.03458691015839577,0.46210965514183044
3,181,0.03480751812458038,0.47449368238449097
3,182,0.04814281314611435,18.325166702270508
3,183,0.03261509910225868,0.4386068880558014
3,184,0.32204678654670715,1.3688621520996094
3,185,0.03376426547765732,0.4958811402320862
3,186,0.2699773609638214,1.3830370903015137
3,187,0.033212222158908844,0.5951617956161499
3,188,0.0310078002512455,0.459380567073822
3,189,0.027448728680610657,4.272619247436523
3,190,0.23681797087192535,4.081812858581543
3,191,0.2869036793708801,1.5050616264343262
3,192,0.27657875418663025,1.0163724422454834
3,193,0.025598011910915375,0.3723994791507721
3,194,0.323903352022171,1.05079984664917
3,195,0.024004656821489334,0.36750271916389465
3,196,0.02292804978787899,0.3406746983528137
3,197,0.32887768745422363,2.394890785217285
3,198,0.022534849122166634,0.47947269678115845
3,199,0.02588721178472042,0.6887024641036987
3,200,0.024373993277549744,0.35337793827056885
3,201,0.02347562089562416,0.4439285397529602
3,202,0.02261938527226448,0.48052236437797546
3,203,0.04204641655087471,17.974454879760742
3,204,0.020205093547701836,0.36184751987457275
3,205,0.020231030881404877,0.5011187791824341
3,206,0.019007131457328796,0.28249019384384155
3,207,0.018643982708454132,0.306464284658432
3,208,0.14758236706256866,18.190567016601562
3,209,0.33655959367752075,1.6694773435592651
3,210,0.017317838966846466,0.35437607765197754
3,211,0.25570565462112427,53.092681884765625
3,212,0.014855094254016876,0.2577973008155823
3,213,0.3854277729988098,2.185415506362915
3,214,0.3130688965320587,9.149724960327148
3,215,0.01345974300056696,0.247968390583992
3,216,1.5212759971618652,5.346433639526367
3,217,0.3024181127548218,2.7791569232940674
3,218,0.021369939669966698,13.35817813873291
3,219,0.01447870023548603,0.26046162843704224
3,220,0.017722852528095245,6.548900127410889
3,221,0.32677361369132996,1.1775606870651245
3,222,0.23629340529441833,22.394800186157227
3,223,0.014470521360635757,0.21165920794010162
3,224,0.016471559181809425,0.2809959948062897
3,225,0.32953134179115295,1.4772577285766602
3,226,0.016334133222699165,0.24170805513858795
3,227,0.016767697408795357,0.24189813435077667
3,228,0.6105614304542542,2.252718448638916
3,229,0.01784135401248932,0.32767415046691895
3,230,0.019516730681061745,1.428158164024353
3,231,0.01700684055685997,0.2488555610179901
3,232,0.2588832974433899,11.515799522399902
3,233,0.3222814202308655,1.3846008777618408
3,234,0.3403733968734741,1.0793719291687012
3,235,0.6151318550109863,2.2739946842193604
3,236,0.01995297521352768,0.3940565884113312
3,237,0.019556602463126183,0.7449734807014465
3,238,0.8283975124359131,13.606416702270508
3,239,0.023324208334088326,0.32771268486976624
3,240,0.3211471438407898,1.0730944871902466
3,241,0.020265724509954453,0.28537026047706604
3,242,0.9153505563735962,3.3691439628601074
3,243,0.024430807679891586,0.37976542115211487
3,244,0.09265149384737015,58.050411224365234
3,245,0.2856437861919403,1.0446054935455322
3,246,0.29689085483551025,1.03577721118927
3,247,0.5606503486633301,2.3617348670959473
3,248,0.03239578381180763,0.49459147453308105
3,249,0.49092909693717957,3.366575002670288
3,250,0.030188439413905144,0.42754238843917847
3,251,0.03356582298874855,0.5029319524765015
3,252,0.0357903428375721,0.5301134586334229
3,253,0.317655473947525,1.068219542503357
3,254,0.03243413195014,0.5937146544456482
3,255,0.2898804843425751,1.1048270463943481
3,256,0.03268915414810181,0.45170891284942627
3,257,0.03179718926548958,0.4667169749736786
3,258,0.26256152987480164,1.1422539949417114
3,259,0.03366969898343086,0.4876333177089691
3,260,0.2607938051223755,2.780522108078003
3,261,0.2622698247432709,0.8219366669654846
3,262,0.030322834849357605,0.43431487679481506
3,263,0.030559375882148743,0.42527303099632263
3,264,0.27476876974105835,0.9321760535240173
3,265,0.2476467490196228,0.983710765838623
3,266,0.03037508949637413,0.4266974925994873
3,267,0.033961594104766846,0.4738531708717346
3,268,0.03056899830698967,0.4563297629356384
3,269,0.029247736558318138,0.4046178162097931
3,270,0.2868192493915558,1.689558506011963
3,271,0.026829726994037628,2.0677454471588135
3,272,1.2043523788452148,18.569091796875
3,273,0.029751569032669067,0.4405447244644165
3,274,0.027103403583168983,0.39912861585617065
3,275,0.31537795066833496,1.9452422857284546
3,276,0.032200027257204056,4.1844987869262695
3,277,0.0979992225766182,97.72317504882812
3,278,0.28336331248283386,3.677091121673584
3,279,0.02359814941883087,0.8357418179512024
3,280,0.02479659579694271,0.3651542365550995
3,281,0.104884073138237,50.47645950317383
3,282,0.02068699523806572,0.2775786221027374
3,283,0.017897164449095726,0.24274492263793945
3,284,0.02370651438832283,0.3704949617385864
3,285,0.6408791542053223,1.9767425060272217
3,286,0.3196084201335907,1.5074330568313599
3,287,0.019093045964837074,0.27655935287475586
3,288,0.273579478263855,2.1786515712738037
3,289,0.2760496139526367,1.190272331237793
3,290,0.026617413386702538,10.874017715454102
3,291,0.019840145483613014,0.2954541742801666
3,292,0.01948024332523346,0.31590691208839417
3,293,0.2891278862953186,1.3364487886428833
3,294,0.036143023520708084,19.09551429748535
3,295,0.3258346617221832,13.541232109069824
3,296,0.02182009257376194,0.3349669873714447
3,297,0.02229924127459526,1.100775122642517
3,298,0.02331533469259739,0.4730928838253021
3,299,0.5840749740600586,2.106257677078247
3,300,0.0221987534314394,0.33018314838409424
3,301,0.5470148921012878,1.943723201751709
3,302,0.022208265960216522,0.3469274044036865
3,303,0.2679119408130646,1.1665657758712769
3,304,0.3093476891517639,1.2177804708480835
3,305,0.4255681335926056,81.08518981933594
3,306,0.023072008043527603,0.35600045323371887
3,307,0.025364570319652557,0.3906233310699463
3,308,0.02435396797955036,2.1426191329956055
3,309,0.2837155759334564,1.212677240371704
3,310,0.026116274297237396,0.3767626881599426
3,311,0.026217006146907806,0.38680499792099
3,312,0.6054079532623291,2.1768124103546143
3,313,0.28525975346565247,1.069185733795166
3,314,0.027260787785053253,0.4101559817790985
3,315,0.030208639800548553,0.46303123235702515
3,316,0.2948550581932068,0.940355122089386
3,317,0.02647944539785385,0.39804500341415405
3,318,0.02879181131720543,0.4432632625102997
3,319,0.5749413967132568,2.3884594440460205
3,320,0.5747355222702026,63.06561279296875
3,321,0.02536270208656788,0.41767144203186035
3,322,0.023836221545934677,0.32748502492904663
3,323,0.29292985796928406,0.8895964622497559
3,324,0.025396423414349556,0.3835318386554718
3,325,0.2921328544616699,1.2035802602767944
3,326,0.2706693410873413,1.0047820806503296
3,327,0.03796336054801941,3.1163265705108643
3,328,0.024417292326688766,0.3697172701358795
3,329,0.030815789476037025,0.44491586089134216
3,330,0.2867005169391632,1.1098297834396362
3,331,0.05451875925064087,26.249357223510742
3,332,0.5518258213996887,13.488343238830566
3,333,0.029754623770713806,0.4464990198612213
3,334,0.03308351710438728,0.5058453679084778
3,335,0.024111542850732803,0.46441200375556946
3,336,0.02701011672616005,0.4021913409233093
3,337,0.0281668771058321,0.4596126675605774
3,338,0.2989170551300049,1.2799453735351562
3,339,0.318227618932724,1.6340272426605225
3,340,0.028661077842116356,0.44255879521369934
3,341,0.021691419184207916,0.333789199590683
3,342,0.31956806778907776,1.9826726913452148
3,343,0.31449460983276367,17.8690185546875
3,344,0.025327734649181366,0.5312825441360474
3,345,0.02296588569879532,0.34814319014549255
3,346,0.022478289902210236,0.36587584018707275
3,347,0.021059531718492508,0.33006128668785095
3,348,0.018385469913482666,0.3125283718109131
3,349,0.019559353590011597,0.29586175084114075
3,350,0.019960597157478333,0.3206541836261749
3,351,0.017701774835586548,0.25101014971733093
3,352,1.1542327404022217,23.541473388671875
3,353,0.015584834851324558,0.24325866997241974
3,354,0.013158921152353287,0.18908734619617462
3,355,0.01728913187980652,0.28711390495300293
3,356,0.014826880767941475,0.2409447878599167
3,357,0.32650378346443176,1.5660464763641357
3,358,0.012851422652602196,0.18014906346797943
3,359,0.01263120025396347,0.2000177651643753
3,360,0.02291117236018181,10.01976203918457
3,361,0.012372798286378384,0.264798104763031
3,362,0.33805885910987854,3.028301239013672
3,363,0.8837737441062927,167.04026794433594
3,364,0.35101985931396484,1.21043860912323
3,365,0.012730546295642853,2.1856157779693604
3,366,0.014952478930354118,3.314073324203491
3,367,0.00999954342842102,0.14162090420722961
3,368,0.017358653247356415,7.178831100463867
3,369,0.010420669801533222,0.16377376019954681
3,370,0.6927036643028259,2.514784812927246
3,371,0.08977794647216797,91.67842864990234
3,372,0.011288748122751713,0.1649080365896225
3,373,0.027763545513153076,14.366868019104004
3,374,0.013010302558541298,0.20844946801662445
3,375,0.010512085631489754,0.14307689666748047
3,376,0.7331322431564331,2.275905132293701
3,377,0.3297136127948761,1.4197620153427124
3,378,0.6597817540168762,4.503620624542236
3,379,0.3228418827056885,1.433645248413086
3,380,0.012592563405632973,0.2648664116859436
3,381,0.013439362868666649,0.1902165561914444
3,382,0.598468542098999,2.421052932739258
3,383,0.6432594060897827,2.2158074378967285
3,384,0.01493364479392767,0.2108815312385559
3,385,0.2938667833805084,1.7369123697280884
3,386,0.016759643331170082,0.22735446691513062
3,387,0.29031679034233093,1.0132572650909424
3,388,0.32694873213768005,1.2527793645858765
3,389,0.022555241361260414,0.3654857277870178
3,390,0.30480092763900757,1.0949506759643555
3,391,0.02469414286315441,0.3898373544216156
3,392,0.5165215730667114,2.570866823196411
3,393,0.27822133898735046,2.8368966579437256
3,394,0.30468010902404785,1.1721489429473877
3,395,0.2665656507015228,1.010088324546814
3,396,0.2815173864364624,0.8994055986404419
3,397,0.034044936299324036,0.636296272277832
3,398,0.04010692983865738,0.7012265920639038
3,399,0.04477175697684288,0.8183633685112
3,400,0.03624368831515312,0.6699000597000122
3,401,0.26337507367134094,11.119797706604004
3,402,0.04169115051627159,0.7398577928543091
3,403,0.2599906623363495,1.1129014492034912
3,404,0.2793954908847809,2.218768835067749
3,405,0.035550933331251144,0.6423468589782715
3,406,0.5288945436477661,2.611267566680908
3,407,0.25836142897605896,1.166175365447998
3,408,0.31194454431533813,1.2523877620697021
3,409,0.27716583013534546,0.9116377234458923
3,410,0.3015998601913452,1.8625867366790771
3,411,0.03970382735133171,0.675804615020752
3,412,0.04095343500375748,0.6628087759017944
3,413,0.5046355128288269,2.215343475341797
3,414,0.07810270041227341,11.027630805969238
3,415,0.03863375261425972,0.7255454063415527
3,416,0.03939296305179596,0.5593937635421753
3,417,0.03888516500592232,2.2291324138641357
3,418,0.03566104173660278,2.110834836959839
3,419,0.03471258655190468,0.5643982291221619
3,420,0.032597776502370834,0.41808584332466125
3,421,0.03408992290496826,0.5179339051246643
3,422,0.03723135218024254,1.1956909894943237
3,423,0.07226614654064178,116.1163558959961
3,424,0.3122303783893585,1.6529487371444702
3,425,0.27009066939353943,2.947838068008423
3,426,0.5892983078956604,2.884615182876587
3,427,0.02493472211062908,0.37358343601226807
3,428,0.030658705160021782,9.08066177368164
3,429,0.03138004615902901,5.128470420837402
3,430,0.02949443645775318,1.2882333993911743
3,431,0.30764830112457275,1.482527256011963
3,432,0.023536313325166702,0.31989550590515137
3,433,0.02073802426457405,0.26910778880119324
3,434,0.025280261412262917,0.3738219141960144
3,435,0.022649336606264114,0.33525288105010986
3,436,0.6204426884651184,2.9453349113464355
3,437,0.021909451112151146,0.3203137218952179
3,438,0.018778640776872635,0.2473018318414688
3,439,0.30699634552001953,20.998388290405273
3,440,0.3095034062862396,1.5789462327957153
3,441,0.01985049806535244,0.29856985807418823
3,442,0.28460070490837097,1.1685796976089478
3,443,0.30967676639556885,1.3765395879745483
3,444,0.3038305640220642,1.400848388671875
3,445,0.050864432007074356,37.83712387084961
3,446,0.020250912755727768,0.5477296113967896
3,447,0.2898624539375305,1.0293270349502563
3,448,0.02531522884964943,0.3907412588596344
3,449,0.022997505962848663,0.34405040740966797
3,450,0.2987437844276428,0.929175078868866
3,451,0.08789242058992386,53.31509017944336
3,452,0.5470400452613831,2.0915801525115967
3,453,0.02600139193236828,0.3771287500858307
3,454,0.2848014235496521,1.1157183647155762
3,455,0.025817956775426865,0.40869635343551636
3,456,0.02470966801047325,0.38611137866973877
3,457,0.02570953592658043,0.39294883608818054
3,458,0.31072187423706055,28.98417091369629
3,459,0.1918717622756958,27.40873908996582
3,460,0.027792874723672867,0.41344141960144043
3,461,0.023456953465938568,0.33733662962913513
3,462,0.026037760078907013,0.43628358840942383
3,463,0.2781868577003479,1.366776943206787
3,464,0.3172360360622406,1.1592800617218018
3,465,0.30377912521362305,1.098767638206482
3,466,0.3468468487262726,25.10404396057129
3,467,0.3622746169567108,58.76570129394531
3,468,0.02838839404284954,0.4268015921115875
3,469,0.024171091616153717,0.3653468191623688
3,470,0.24473215639591217,1.0641798973083496
3,471,0.02557605877518654,0.3860364854335785
3,472,0.30302339792251587,5.215559005737305
3,473,0.28879448771476746,1.399967908859253
3,474,0.26935771107673645,1.1052484512329102
3,475,0.32449159026145935,1.4268358945846558
3,476,0.032216452062129974,0.4874630272388458
3,477,0.1960936039686203,107.27459716796875
3,478,0.028412247076630592,0.45686501264572144
3,479,0.489578515291214,7.567033767700195
3,480,0.030489305034279823,0.5107476115226746
3,481,0.04233161360025406,12.830744743347168
3,482,0.3113945424556732,1.091525673866272
3,483,0.265748530626297,8.239653587341309
3,484,0.28766608238220215,0.9645161032676697
3,485,0.03024967387318611,0.5027088522911072
3,486,0.03258245438337326,0.5287467837333679
3,487,0.027098609134554863,0.4040107727050781
3,488,0.029054664075374603,0.5471024513244629
3,489,0.2929058372974396,9.481728553771973
3,490,0.8377123475074768,3.6913721561431885
3,491,0.287570595741272,1.2010767459869385
3,492,0.27111971378326416,2.0194106101989746
3,493,0.25399133563041687,1.15459144115448
3,494,0.03276962414383888,0.6058714985847473
3,495,0.027113573625683784,0.4396943747997284
3,496,0.02932196669280529,0.5140860080718994
3,497,0.03345726430416107,0.5910464525222778
3,498,0.5487838387489319,2.3477799892425537
3,499,0.028990253806114197,0.4883807599544525
3,500,0.5882853865623474,2.218874454498291
3,501,0.026763388887047768,0.4169854521751404
3,502,0.2887347936630249,1.374632477760315
3,503,0.3018045425415039,0.9968358874320984
3,504,0.028854480013251305,0.47510451078414917
3,505,0.03171495720744133,0.7586227655410767
3,506,0.265714168548584,0.8906753063201904
3,507,0.02762293443083763,0.44153720140457153
3,508,0.31042709946632385,1.3845746517181396
3,509,0.027924055233597755,0.4111880958080292
3,510,0.29047077894210815,1.083009958267212
3,511,0.2856871783733368,1.5350308418273926
3,512,0.6137951016426086,8.45043659210205
3,513,0.035234276205301285,0.6824272871017456
3,514,0.023253699764609337,0.32573461532592773
3,515,0.030861007049679756,0.4641030728816986
3,516,0.02656308189034462,0.45438727736473083
3,517,0.29017162322998047,0.8321329951286316
3,518,0.02814514935016632,0.4516254663467407
3,519,0.035600773990154266,0.5708685517311096
3,520,0.031961433589458466,0.5048690438270569
3,521,0.02514973282814026,0.36059892177581787
3,522,0.025881605222821236,0.39831069111824036
3,523,0.026492539793252945,0.4635121822357178
3,524,0.02385983057320118,0.3389101028442383
3,525,0.022514838725328445,0.3188289403915405
3,526,0.020038539543747902,0.3014547526836395
3,527,0.31056496500968933,30.58725357055664
3,528,0.017848052084445953,0.255342036485672
3,529,0.017085010185837746,0.40739718079566956
3,530,0.28775855898857117,1.1427206993103027
3,531,0.01618434675037861,0.23438489437103271
3,532,0.3229295015335083,7.135142803192139
3,533,0.014882936142385006,0.48015639185905457
3,534,0.34469074010849,1.6263853311538696
3,535,0.3092774748802185,1.1758745908737183
3,536,0.014876753091812134,0.2339007705450058
3,537,0.015019048936665058,0.29681575298309326
3,538,0.31078842282295227,1.3557889461517334
3,539,0.3762458264827728,53.71201705932617
3,540,0.01443780679255724,0.2031758427619934
3,541,0.3476150333881378,1.1484594345092773
3,542,0.015580462291836739,0.25686246156692505
3,543,0.015808379277586937,0.23317481577396393
3,544,0.29086294770240784,1.166332721710205
3,545,0.015123428776860237,0.276317834854126
3,546,0.01695852354168892,0.24904842674732208
3,547,0.01686972752213478,0.254085510969162
3,548,0.01456135232001543,0.2114870250225067
3,549,0.31982967257499695,1.3091981410980225
3,550,0.01787945255637169,0.26925837993621826
3,551,0.01728406362235546,0.2862005829811096
3,552,0.014391041360795498,0.37482765316963196
3,553,0.017893148586153984,0.3144012689590454
3,554,0.014924678020179272,0.22589342296123505
3,555,0.01926353946328163,1.5569871664047241
3,556,0.33830222487449646,1.237854242324829
3,557,0.014809254556894302,0.23174062371253967
3,558,0.01410176046192646,0.2154543250799179
3,559,0.013717572204768658,0.5884300470352173
3,560,0.3063376247882843,1.800220251083374
3,561,0.015612904913723469,0.2338162362575531
3,562,0.9319924712181091,3.78847336769104
3,563,0.5759414434432983,2.016951084136963
3,564,0.6351511478424072,2.3038902282714844
3,565,0.5646990537643433,7.223778247833252
3,566,0.014713270589709282,0.21326804161071777
3,567,0.29999443888664246,17.551551818847656
3,568,0.020135316997766495,0.6519829034805298
3,569,0.2975071370601654,4.547069072723389
3,570,0.018526677042245865,0.29883188009262085
3,571,0.28145167231559753,1.6844842433929443
3,572,0.021393243223428726,0.3698309659957886
3,573,0.32084769010543823,1.0512245893478394
3,574,0.31476446986198425,1.1047662496566772
3,575,0.02044329233467579,0.29311561584472656
3,576,0.025102855637669563,1.1907655000686646
3,577,0.02221650630235672,0.3268662393093109
3,578,0.02374577708542347,0.3761350214481354
3,579,0.09243437647819519,93.78175354003906
3,580,0.3185972571372986,4.114200115203857
3,581,0.026992902159690857,7.221721649169922
3,582,0.023703347891569138,0.7181983590126038
3,583,0.02735741063952446,3.0015134811401367
3,584,0.020634662359952927,0.423046350479126
3,585,0.023495573550462723,0.3275563418865204
3,586,0.5602206587791443,92.27578735351562
3,587,0.10755865275859833,40.98949432373047
3,588,0.024066783487796783,0.3726215362548828
3,589,0.9377744793891907,6.853616714477539
3,590,0.019106628373265266,0.27524861693382263
3,591,0.28998488187789917,9.824421882629395
3,592,0.3045365810394287,1.6484235525131226
3,593,0.2608180344104767,1.3465701341629028
3,594,0.022051259875297546,0.34946945309638977
3,595,0.017975330352783203,0.25879231095314026
3,596,0.5336608290672302,2.429459571838379
3,597,0.30965930223464966,1.5706005096435547
3,598,0.02029053494334221,0.2928301692008972
3,599,0.02066192589700222,0.3471655547618866
3,600,0.5301884412765503,2.4615318775177
3,601,0.3162577748298645,1.4347667694091797
3,602,0.017792509868741035,0.30603328347206116
3,603,0.02628309093415737,1.8221975564956665
3,604,0.02661784365773201,9.23974609375
3,605,0.4423530697822571,73.74799346923828
3,606,0.3154914081096649,1.3121870756149292
3,607,0.3173210918903351,1.1803531646728516
3,608,0.5377905368804932,2.5090858936309814
3,609,0.02667553350329399,0.44659996032714844
3,610,0.0277686957269907,0.4763873219490051
3,611,0.03071325458586216,0.6132081151008606
3,612,0.033453118056058884,0.6370844841003418
3,613,0.29288312792778015,6.108487129211426
3,614,0.03020019829273224,0.5615328550338745
3,615,0.026682106778025627,0.5096448063850403
3,616,0.2805629074573517,1.2156603336334229
3,617,0.42930343747138977,119.14885711669922
3,618,0.30831682682037354,1.1577409505844116
3,619,0.026293689385056496,0.5620609521865845
4,0,0.5594609975814819,33.84223556518555
4,1,0.02664162963628769,0.46654656529426575
4,2,0.02684195525944233,0.4074972867965698
4,3,0.03121214359998703,1.6780617237091064
4,4,0.2734430730342865,2.5883448123931885
4,5,0.028335321694612503,0.5408324599266052
4,6,0.3203165829181671,1.1877262592315674
4,7,0.027984991669654846,0.5108162760734558
4,8,0.28750360012054443,1.1365678310394287
4,9,0.028647683560848236,1.0351094007492065
4,10,0.02544078230857849,0.41842547059059143
4,11,0.21942754089832306,84.08798217773438
4,12,0.7569735646247864,3.616525888442993
4,13,0.8532031178474426,22.207590103149414
4,14,0.02065902017056942,0.3018849194049835
4,15,0.023081453517079353,0.4147982597351074
4,16,0.02366323210299015,0.38555908203125
4,17,0.01944432035088539,0.4144083857536316
4,18,0.023995637893676758,2.672905445098877
4,19,0.02058734931051731,0.3538530468940735
4,20,0.019310075789690018,0.3286283016204834
4,21,0.01782148890197277,0.32981958985328674
4,22,0.0189879909157753,0.2934431731700897
4,23,0.01744563691318035,0.29253852367401123
4,24,0.017177371308207512,0.29234811663627625
4,25,0.29267483949661255,1.522996187210083
4,26,0.014279801398515701,0.22887596487998962
4,27,0.3860785961151123,69.53031158447266
4,28,0.3107747435569763,1.3775898218154907
4,29,0.2990841269493103,1.4468480348587036
4,30,0.014734757132828236,0.2491612583398819
4,31,0.6027098894119263,3.394484043121338
4,32,0.012785674072802067,0.2126576155424118
4,33,0.3543564975261688,1.2857646942138672
4,34,0.013541437685489655,0.27586525678634644
4,35,0.6087316274642944,2.2714078426361084
4,36,0.015316765755414963,0.2890072166919708
4,37,0.5715500116348267,3.0559911727905273
4,38,0.015957875177264214,0.2823820412158966
4,39,0.6755121350288391,2.3164522647857666
4,40,0.27434733510017395,1.3111666440963745
4,41,0.019607068970799446,0.3404928743839264
4,42,0.6069219708442688,2.6573541164398193
4,43,0.019900929182767868,0.39108461141586304
4,44,0.4727076292037964,2.6724002361297607
4,45,0.025008726865053177,0.5192252397537231
4,46,0.024179015308618546,0.4855126440525055
4,47,0.02215730771422386,0.4932446777820587
4,48,0.02687678672373295,0.5967629551887512
4,49,0.30562737584114075,1.7664556503295898
4,50,0.2390841245651245,1.1623891592025757
4,51,0.540901780128479,2.6658437252044678
4,52,0.23428064584732056,1.5038013458251953
4,53,0.285218209028244,1.41544508934021
4,54,0.02536005899310112,0.5614386200904846
4,55,0.695582389831543,3.6625864505767822
4,56,0.03287942335009575,0.6980834007263184
4,57,0.5422372817993164,2.4269583225250244
4,58,0.24604283273220062,2.9840996265411377
4,59,0.03757302463054657,0.8638390302658081
4,60,0.04569539427757263,1.0114309787750244
4,61,0.04273902624845505,0.9372581243515015
4,62,0.03816308453679085,0.8697801828384399
4,63,0.03237542882561684,0.6753355860710144
4,64,0.2863801121711731,2.143890380859375
4,65,0.7389635443687439,3.4226722717285156
4,66,0.03222250938415527,0.7439718842506409
4,67,0.2842729389667511,1.747256875038147
4,68,0.03306170925498009,0.6586257815361023
4,69,0.02977551519870758,0.635421633720398
4,70,0.3019467294216156,3.5582492351531982
4,71,0.02332591637969017,0.4132753610610962
4,72,0.024249635636806488,0.42130246758461
4,73,0.31035637855529785,1.1910771131515503
4,74,0.2950645387172699,1.826708197593689
4,75,0.023230087012052536,0.39637574553489685
4,76,0.3403575122356415,2.2050609588623047
4,77,0.48239877820014954,3.3527956008911133
4,78,0.029547013342380524,7.064512729644775
4,79,0.023339547216892242,0.43766361474990845
4,80,0.3007347583770752,4.086126327514648
4,81,0.29092711210250854,1.2777787446975708
4,82,0.3645349144935608,96.990234375
4,83,0.2852053642272949,1.4297866821289062
4,84,0.2842569053173065,3.099080801010132
4,85,0.02474825456738472,0.4959770143032074
4,86,0.8192754983901978,3.826298475265503
4,87,0.028032273054122925,0.6615079641342163
4,88,0.2828049957752228,2.7166318893432617
4,89,0.031116725876927376,0.6133772134780884
4,90,0.03257816657423973,0.7648788094520569
4,91,0.27200785279273987,1.9378823041915894
4,92,0.7846629023551941,3.9088010787963867
4,93,0.2833026945590973,141.90989685058594
4,94,0.027740105986595154,0.5604367852210999
4,95,0.03425923362374306,0.7952035069465637
4,96,0.03338132053613663,0.7693398594856262
4,97,0.029423046857118607,0.7211673259735107
4,98,0.03319752961397171,1.092175841331482
4,99,0.0259611327201128,0.5063362717628479
4,100,0.027731940150260925,4.32482385635376
4,101,0.28566890954971313,2.8072896003723145
4,102,0.025621380656957626,0.4962216913700104
4,103,0.32056763768196106,4.8695807456970215
4,104,0.30837756395339966,1.565464973449707
4,105,0.024991896003484726,1.4104952812194824
4,106,0.017832893878221512,0.31684598326683044
4,107,0.5486405491828918,15.86108684539795
4,108,0.2675735354423523,2.293783187866211
4,109,0.04817871004343033,41.9599609375
4,110,0.8242170214653015,3.7637104988098145
4,111,0.2920907735824585,6.146522521972656
4,112,0.019848071038722992,0.3730882406234741
4,113,0.030730631202459335,11.206907272338867
4,114,0.6425089240074158,4.294493198394775
4,115,0.022483007982373238,1.467580795288086
4,116,0.5887206792831421,2.8211920261383057
4,117,0.5881457924842834,3.694674491882324
4,118,0.026055308058857918,0.7508886456489563
4,119,0.02555002272129059,0.5963566303253174
4,120,0.39643043279647827,32.277095794677734
4,121,0.311881959438324,3.073262929916382
4,122,0.021815137937664986,0.48550745844841003
4,123,0.022156812250614166,0.3568058907985687
4,124,0.033549465239048004,22.0119571685791
4,125,0.5610319375991821,41.94614028930664
4,126,0.026545412838459015,0.5874296426773071
4,127,0.027349742129445076,0.5555518269538879
4,128,0.05048422887921333,20.132844924926758
4,129,0.5600330233573914,2.136404275894165
4,130,0.01982538402080536,0.40341806411743164
4,131,0.2776869833469391,2.3640034198760986
4,132,0.045514460653066635,4.912786483764648
4,133,0.021618645638227463,0.49569374322891235
4,134,0.023199347779154778,0.5412532687187195
4,135,0.022823870182037354,0.5211532711982727
4,136,0.023483166471123695,2.3702614307403564
4,137,0.0197322778403759,0.40046602487564087
4,138,0.3297600746154785,1.2086747884750366
4,139,0.3110457956790924,1.3231993913650513
4,140,0.33563947677612305,2.3793275356292725
4,141,0.016871394589543343,0.2714025676250458
4,142,0.29494374990463257,1.2600069046020508
4,143,0.02450478821992874,4.710004806518555
4,144,0.01867040805518627,0.33281686902046204
4,145,0.02168175019323826,0.34970226883888245
4,146,0.018272293731570244,0.39611726999282837
4,147,0.020576801151037216,0.4849007725715637
4,148,0.30467140674591064,1.375439167022705
4,149,0.019546981900930405,1.552702784538269
4,150,0.020713701844215393,0.4014119505882263
4,151,0.017039470374584198,0.31824734807014465
4,152,0.02045534923672676,0.5127501487731934
4,153,0.6099613904953003,24.771121978759766
4,154,0.0194995179772377,1.1618804931640625
4,155,0.018319835886359215,0.3352774381637573
4,156,0.04464932158589363,7.625706195831299
4,157,0.20003636181354523,34.57277297973633
4,158,0.014875968918204308,0.2445482462644577
4,159,0.014029852114617825,0.22526729106903076
4,160,0.6203898787498474,2.272047519683838
4,161,0.3076874315738678,2.6515729427337646
4,162,0.017332226037979126,0.2925907373428345
4,163,0.015893079340457916,0.3768124580383301
4,164,0.02110115997493267,6.9768571853637695
4,165,0.025680026039481163,11.205290794372559
4,166,0.01497527677565813,0.6299705505371094
4,167,0.3364391624927521,1.7689001560211182
4,168,0.01263427920639515,0.3992299735546112
4,169,0.32561641931533813,3.3454887866973877
4,170,0.019648492336273193,1.6972451210021973
4,171,0.014346256852149963,0.6068527698516846
4,172,0.013906039297580719,0.21354173123836517
4,173,0.01969808153808117,1.632696270942688
4,174,0.3359082341194153,1.7728126049041748
4,175,0.014932376332581043,1.5450690984725952
4,176,0.3712786138057709,1.6275489330291748
4,177,0.015769267454743385,0.5809372663497925
4,178,0.013467173092067242,0.19945354759693146
4,179,0.18264205753803253,33.50431442260742
4,180,0.10947825014591217,21.07990074157715
4,181,0.013262594118714333,0.2123585045337677
4,182,0.013093361631035805,0.2657480835914612
4,183,0.32941317558288574,1.4318302869796753
4,184,0.014834791421890259,0.2660498023033142
4,185,0.5977238416671753,3.120404005050659
4,186,0.30392181873321533,1.210774302482605
4,187,0.01802021637558937,0.34497272968292236
4,188,0.01470140740275383,0.3089384436607361
4,189,0.34927740693092346,2.1070358753204346
4,190,0.017162978649139404,0.3584502041339874
4,191,0.017366135492920876,0.37269890308380127
4,192,0.016193412244319916,0.3265063464641571
4,193,0.01760842278599739,0.3674738109111786
4,194,1.1734856367111206,54.326934814453125
4,195,0.01699942536652088,0.3563883304595947
4,196,0.28375187516212463,1.368975281715393
4,197,0.642568826675415,12.6548433303833
4,198,0.2585305869579315,47.717803955078125
4,199,0.01740170270204544,0.35298293828964233
4,200,0.591837465763092,2.8784024715423584
4,201,0.2533550262451172,1.5172889232635498
4,202,0.28481441736221313,1.3337527513504028
4,203,0.022342417389154434,3.723680257797241
4,204,0.0235886313021183,0.511448860168457
4,205,0.28005897998809814,1.5553367137908936
4,206,0.019980929791927338,0.47885027527809143
4,207,0.24922209978103638,1.2388982772827148
4,208,0.025179093703627586,0.5616933107376099
4,209,0.3156481981277466,1.7963840961456299
4,210,0.022745586931705475,0.7968844771385193
4,211,0.028200289234519005,0.7012669444084167
4,212,0.27655383944511414,2.150204658508301
4,213,0.02559085190296173,0.6138091087341309
4,214,0.02338534966111183,0.5923395156860352
4,215,0.08417356759309769,48.0883903503418
4,216,0.02356460504233837,0.5312829613685608
4,217,0.24746263027191162,2.2959322929382324
4,218,0.32649996876716614,1.5537527799606323
4,219,0.018356163054704666,0.43593740463256836
4,220,0.020165640860795975,0.46679747104644775
4,221,0.022523371502757072,0.4545156955718994
4,222,0.2701760530471802,32.450584411621094
4,223,0.5344096422195435,2.718184471130371
4,224,0.3127799332141876,1.5901803970336914
4,225,0.5851365923881531,3.1024959087371826
4,226,0.5331522226333618,3.3269474506378174
4,227,0.29585713148117065,1.624669075012207
4,228,0.01927330158650875,0.4962753355503082
4,229,0.23921291530132294,1.273870587348938
4,230,0.024688946083188057,3.5960803031921387
4,231,0.3113046884536743,2.0053091049194336
4,232,0.275728315114975,1.723786473274231
4,233,0.0336078517138958,0.95963454246521
4,234,0.09257608652114868,98.45822143554688
4,235,0.034330517053604126,0.9445858001708984
4,236,0.24560150504112244,1.4815527200698853
4,237,0.29910483956336975,2.121779680252075
4,238,0.28940752148628235,1.6850255727767944
4,239,0.5157024264335632,2.1768102645874023
4,240,0.037951551377773285,0.986322283744812
4,241,0.7472854256629944,6.146381855010986
4,242,0.05120619386434555,1.3953193426132202
4,243,0.03723042830824852,1.0860133171081543
4,244,0.3071983754634857,1.5402392148971558
4,245,0.3810424208641052,78.17765808105469
4,246,0.2778404951095581,1.2677037715911865
4,247,0.04588400945067406,1.298159122467041
4,248,0.2786038815975189,1.5634139776229858
4,249,0.2880616784095764,2.522413492202759
4,250,0.038020726293325424,1.0462554693222046
4,251,0.04334234446287155,1.3053487539291382
4,252,0.5598685145378113,4.625810623168945
4,253,0.2909248173236847,2.241030693054199
4,254,0.04074941948056221,1.15041184425354
4,255,0.0468871146440506,22.67937660217285
4,256,0.030736926943063736,1.0110722780227661
4,257,0.033016763627529144,0.8577361106872559
4,258,0.02998260222375393,0.8713723421096802
4,259,0.042072318494319916,5.117858409881592
4,260,0.26866501569747925,1.9178286790847778
4,261,0.03000938519835472,0.6072062253952026
4,262,0.02249082550406456,0.6378347873687744
4,263,0.026494542136788368,0.732355535030365
4,264,0.2943097949028015,1.3417471647262573
4,265,0.019518336281180382,0.49891653656959534
4,266,0.021738020703196526,4.432671070098877
4,267,0.020460864529013634,0.7149841785430908
4,268,0.015882575884461403,0.23849964141845703
4,269,0.017891444265842438,0.5652157664299011
4,270,0.3366296887397766,5.888445854187012
4,271,0.32916000485420227,2.8380987644195557
4,272,0.2992941439151764,3.222633123397827
4,273,0.01532278023660183,0.38024279475212097
4,274,0.016657857224345207,0.3347032070159912
4,275,0.33392098546028137,1.2611372470855713
4,276,0.31721147894859314,2.7187249660491943
4,277,0.01623150147497654,0.38522887229919434
4,278,0.014381807297468185,0.25756174325942993
4,279,0.01442705187946558,0.2434789538383484
4,280,0.30727165937423706,1.666899561882019
4,281,0.014091579243540764,0.24330082535743713
4,282,0.016844134777784348,0.36279386281967163
4,283,0.6152613162994385,4.510636806488037
4,284,0.27086153626441956,45.215003967285156
4,285,0.01286958809942007,0.22115279734134674
4,286,0.015475389547646046,0.277521014213562
4,287,0.014622986316680908,0.3322622776031494
4,288,0.21418651938438416,82.96244812011719
4,289,0.014084219001233578,0.3166845142841339
4,290,0.013935953378677368,0.30964356660842896
4,291,0.3061147928237915,1.335837960243225
4,292,0.26255002617836,2.0812408924102783
4,293,0.012200798839330673,0.24275213479995728
4,294,0.015200117602944374,0.30311286449432373
4,295,0.013935685157775879,0.29424718022346497
4,296,0.023667557165026665,27.34906578063965
4,297,0.011861972510814667,0.19002987444400787
4,298,0.362358033657074,1.3256434202194214
4,299,0.28761667013168335,1.785748839378357
4,300,0.013165217824280262,0.33557671308517456
4,301,0.021685216575860977,8.481555938720703
4,302,0.30667638778686523,1.703212857246399
4,303,0.3288293480873108,2.016735553741455
4,304,0.014682143926620483,0.3243941068649292
4,305,0.6237838268280029,3.625836133956909
4,306,0.2548350691795349,15.851778984069824
4,307,0.020674709230661392,0.4945753514766693
4,308,0.014314775355160236,0.35390326380729675
4,309,0.2939797341823578,1.6643495559692383
4,310,0.016020074486732483,0.4036214351654053
4,311,0.017703508958220482,0.42274168133735657
4,312,0.2609091103076935,1.7721996307373047
4,313,0.01949186809360981,0.47935983538627625
4,314,0.019976606592535973,0.4937764108181
4,315,0.3326627314090729,2.11409592628479
4,316,0.020395250990986824,0.5303419232368469
4,317,0.01692303828895092,0.4114999771118164
4,318,0.01883845590054989,0.437512069940567
4,319,0.019904417917132378,0.9562380313873291
4,320,0.016883350908756256,0.4023790657520294
4,321,0.016977136954665184,0.480341374874115
4,322,0.01708921603858471,0.41902145743370056
4,323,0.015485781244933605,0.35696089267730713
4,324,0.014552179723978043,0.34140557050704956
4,325,0.014050684869289398,0.2671608030796051
4,326,0.013178248889744282,0.20111148059368134
4,327,0.01868027076125145,6.6507463455200195
4,328,0.916877806186676,5.702160358428955
4,329,0.6306056380271912,4.450545787811279
4,330,0.011151536367833614,0.27394047379493713
4,331,0.011132899671792984,0.21935592591762543
4,332,0.011503322049975395,0.3068564534187317
4,333,0.011670328676700592,0.19905242323875427
4,334,0.5681835412979126,58.06278991699219
4,335,0.010326841846108437,0.18216007947921753
4,336,0.010325435549020767,0.15467257797718048
4,337,0.012927690520882607,0.5897414088249207
4,338,0.38364917039871216,14.702837944030762
4,339,0.2911747097969055,1.4926520586013794
4,340,0.3215925991535187,2.4391369819641113
4,341,0.3348563611507416,1.5426019430160522
4,342,0.010760564357042313,0.17274634540081024
4,343,0.3270118236541748,1.8375911712646484
4,344,0.010908382013440132,0.35343125462532043
4,345,0.011507896706461906,0.19648349285125732
4,346,0.012094728648662567,0.2679470479488373
4,347,0.38814303278923035,26.797252655029297
4,348,0.014238981530070305,0.5292761921882629
4,349,0.32363981008529663,2.9847655296325684
4,350,0.6304289698600769,3.292937755584717
4,351,0.31865525245666504,1.996728539466858
4,352,0.9273993968963623,5.4701828956604
4,353,0.01416988018900156,0.2719446122646332
4,354,0.016371572390198708,0.43304216861724854
4,355,0.29440730810165405,1.7107415199279785
4,356,0.2718545198440552,1.3237963914871216
4,357,0.6121641397476196,3.875476837158203
4,358,0.02102181874215603,0.5393083095550537
4,359,0.019555004313588142,0.5343360304832458
4,360,0.021059555932879448,0.49741747975349426
4,361,0.279886394739151,1.598107933998108
4,362,0.2844405472278595,1.353049635887146
4,363,0.41902172565460205,70.1723403930664
4,364,0.026198646053671837,0.6425559520721436
4,365,0.2691352665424347,1.188088297843933
4,366,0.030079156160354614,0.8521818518638611
4,367,0.6021321415901184,3.6481146812438965
4,368,0.0301707424223423,0.7958486080169678
4,369,0.49791157245635986,6.483219146728516
4,370,0.04673541337251663,35.44001388549805
4,371,0.2432088553905487,74.73871612548828
4,372,0.02553691156208515,0.6403734087944031
4,373,0.03072085604071617,0.9377173185348511
4,374,0.2629758417606354,1.7000418901443481
4,375,0.260636568069458,1.9693715572357178
4,376,0.3022007346153259,1.8298649787902832
4,377,0.01985681802034378,0.5583820343017578
4,378,0.027796853333711624,0.9120153784751892
4,379,0.31124117970466614,1.6653943061828613
4,380,0.025943724438548088,0.6809574961662292
4,381,0.02599870041012764,0.6253814101219177
4,382,0.023029038682579994,0.7846749424934387
4,383,0.413919061422348,114.40335083007812
4,384,0.023572158068418503,0.5281806588172913
4,385,0.5843878984451294,5.03685998916626
4,386,0.269919216632843,1.6253193616867065
4,387,0.2395380139350891,2.401540994644165
4,388,0.28511643409729004,2.0553431510925293
4,389,0.021279118955135345,0.5685982704162598
4,390,0.0266705472022295,0.7200253009796143
4,391,0.4230731725692749,22.489864349365234
4,392,0.2682242691516876,7.77775764465332
4,393,0.02297266200184822,0.633862316608429
4,394,0.025711674243211746,0.6286812424659729
4,395,0.019242558628320694,0.591269314289093
4,396,0.2779121994972229,33.45464324951172
4,397,0.21843397617340088,90.62190246582031
4,398,0.3256312608718872,2.1514077186584473
4,399,0.020158439874649048,0.4061097800731659
4,400,0.3018786311149597,1.8608332872390747
4,401,0.01942284405231476,0.557240903377533
4,402,0.015692459419369698,0.36558595299720764
4,403,0.5181159973144531,4.134089469909668
4,404,0.2957368493080139,2.2178876399993896
4,405,0.016906358301639557,0.5866712927818298
4,406,0.33075278997421265,6.040876388549805
4,407,0.016478246077895164,0.4660663306713104
4,408,0.3177563548088074,2.0833094120025635
4,409,0.020156271755695343,0.6699146628379822
4,410,0.0207834392786026,0.7009506821632385
4,411,0.316811740398407,3.0986099243164062
4,412,0.30227333307266235,2.625659704208374
4,413,0.0165882371366024,0.5795246362686157
4,414,0.018449492752552032,0.5961028933525085
4,415,0.2913423180580139,5.600493907928467
4,416,0.3143630623817444,2.033792018890381
4,417,0.2509613037109375,2.5040979385375977
4,418,0.01738967001438141,0.4633738398551941
4,419,0.3088218867778778,2.3247573375701904
4,420,0.01943720132112503,0.7735380530357361
4,421,0.3154902458190918,3.0626754760742188
4,422,0.30037713050842285,2.591818332672119
4,423,0.6233243942260742,4.113065242767334
4,424,0.02254353277385235,0.7657463550567627
4,425,0.020325666293501854,0.6269581913948059
4,426,0.4503040313720703,90.32623291015625
4,427,0.2784927487373352,2.3600192070007324
4,428,0.35682913661003113,82.97978210449219
4,429,0.23075349628925323,1.2876743078231812
4,430,0.03247440233826637,0.9110427498817444
4,431,0.027576157823204994,1.0455436706542969
4,432,0.028108568862080574,0.6729415655136108
4,433,0.025925759226083755,1.0315924882888794
4,434,0.28584980964660645,1.8870978355407715
4,435,0.025831853970885277,0.9473955035209656
4,436,0.023139385506510735,0.8559750318527222
4,437,0.023003745824098587,0.8198467493057251
4,438,0.5449802279472351,6.824666976928711
4,439,0.018040839582681656,0.40238475799560547
4,440,0.01615709625184536,0.5984085202217102
4,441,0.5769018530845642,11.469674110412598
4,442,0.022482730448246002,2.281557559967041
4,443,0.29499298334121704,12.723416328430176
4,444,0.30269840359687805,2.892993927001953
4,445,0.2676253616809845,87.31087493896484
4,446,0.015484131872653961,0.42960062623023987
4,447,0.02954360842704773,18.533842086791992
4,448,0.013559062033891678,0.37584590911865234
4,449,0.0521186925470829,38.22097396850586
4,450,0.03100411407649517,8.252826690673828
4,451,0.01223171129822731,0.24009528756141663
4,452,0.019179444760084152,1.396944284439087
4,453,0.2840946912765503,3.09024715423584
4,454,0.011316025629639626,0.28935161232948303
4,455,0.35083886981010437,2.743622303009033
4,456,0.9024710059165955,6.103964805603027
4,457,0.3436439037322998,3.111816883087158
4,458,0.019408803433179855,8.985944747924805
4,459,0.014286541379988194,0.49280014634132385
4,460,0.2570537030696869,7.640926837921143
4,461,0.28893545269966125,2.613204002380371
4,462,0.01468207873404026,0.44997817277908325
4,463,0.015638142824172974,0.5120497345924377
4,464,0.015795759856700897,0.5012438893318176
4,465,0.017436379566788673,0.5489540696144104
4,466,0.5959310531616211,6.083490371704102
4,467,0.014108501374721527,0.49214887619018555
4,468,0.912362813949585,8.145212173461914
4,469,0.01573565974831581,0.526459813117981
4,470,0.08057209104299545,53.76668167114258
4,471,0.3399994373321533,2.455817461013794
4,472,0.8989164233207703,10.372883796691895
4,473,0.30911970138549805,2.2416226863861084
4,474,0.018832117319107056,0.6363136768341064
4,475,0.6138548851013184,3.8914060592651367
4,476,0.5096862316131592,3.6973636150360107
4,477,0.3124239146709442,1.2918908596038818
4,478,0.2595081627368927,2.214238166809082
4,479,0.02049357071518898,0.6830499172210693
4,480,0.025468649342656136,0.8588587641716003
4,481,0.35785380005836487,11.842948913574219
4,482,0.025305872783064842,0.7853235602378845
4,483,0.023532474413514137,0.7929797768592834
4,484,0.022390320897102356,0.771133542060852
4,485,0.023111484944820404,0.8067379593849182
4,486,0.022082019597291946,0.6927368640899658
4,487,0.021563226357102394,0.7138102650642395
4,488,0.019597653299570084,0.6102701425552368
4,489,0.01873745024204254,0.6863904595375061
4,490,0.30664393305778503,2.211146593093872
4,491,0.584285318851471,3.5853285789489746
4,492,0.012439798563718796,0.3632529377937317
4,493,0.012788118794560432,0.4259891211986542
4,494,0.32861119508743286,2.106537342071533
4,495,0.3185216188430786,3.1194939613342285
4,496,0.017671994864940643,3.297945499420166
4,497,0.011997338384389877,0.3567107915878296
4,498,0.6941812634468079,3.464808225631714
4,499,0.012625684961676598,0.3464967906475067
4,500,0.27485179901123047,2.3901591300964355
4,501,0.015997134149074554,0.5133258104324341
4,502,0.29685863852500916,1.9567854404449463
4,503,0.015959307551383972,0.4860358238220215
4,504,0.18581734597682953,92.41056823730469
4,505,0.017038175836205482,0.5191453099250793
4,506,0.01473293174058199,0.5268269181251526
4,507,0.014125755988061428,0.6303317546844482
4,508,0.015341423451900482,0.5197989344596863
4,509,0.0163445882499218,0.4548385441303253
4,510,0.015123487450182438,0.3927927613258362
4,511,0.33609136939048767,4.827298164367676
4,512,0.014130013063549995,0.323713093996048
4,513,0.34480759501457214,3.1988232135772705
4,514,0.3339664041996002,3.486586093902588
4,515,0.01297372579574585,0.3550742566585541
4,516,0.01404956541955471,6.646123886108398
4,517,0.0106598986312747,0.18960416316986084
4,518,0.011243955232203007,0.24204884469509125
4,519,0.011650758795440197,1.4641870260238647
4,520,0.011864690110087395,0.2680959403514862
4,521,0.010365231893956661,0.26393070816993713
4,522,0.011290343478322029,0.28558409214019775
4,523,0.01129185501486063,0.31288594007492065
4,524,0.010940250009298325,0.7127959728240967
4,525,0.3035469651222229,1.9726628065109253
4,526,0.21325543522834778,163.82891845703125
4,527,0.6040053367614746,4.781556129455566
4,528,0.07661818712949753,46.174320220947266
4,529,0.3071860074996948,3.938297986984253
4,530,0.010138348676264286,0.30042797327041626
4,531,0.6080440282821655,4.088375091552734
4,532,0.01221183780580759,0.41209831833839417
4,533,0.012355610728263855,0.40357470512390137
4,534,0.33937233686447144,2.0671510696411133
4,535,0.335390567779541,4.601790904998779
4,536,0.013455098494887352,0.430288165807724
4,537,0.013235347345471382,0.3960922062397003
4,538,0.015005542896687984,0.5182309150695801
4,539,0.6541364192962646,14.758977890014648
4,540,0.010538090020418167,0.30133187770843506
4,541,0.012459618039429188,0.4573557376861572
4,542,0.6361028552055359,3.7040586471557617
4,543,0.35009294748306274,1.826492190361023
4,544,0.2819494307041168,2.7650396823883057
4,545,0.013723067007958889,1.358708143234253
4,546,0.015480000525712967,0.5122218132019043
4,547,0.3205081820487976,3.160416603088379
4,548,0.022063210606575012,1.9621737003326416
4,549,0.2839086949825287,2.5238664150238037
4,550,0.01880643516778946,2.594602108001709
4,551,0.017010916024446487,0.5481246113777161
4,552,0.014752371236681938,0.49440622329711914
4,553,0.018363483250141144,0.5405111908912659
4,554,0.6518869400024414,3.6753509044647217
4,555,0.288423091173172,1.6159988641738892
4,556,0.6029950380325317,4.97735071182251
4,557,0.29262590408325195,2.949559450149536
4,558,0.017535744234919548,0.5150885581970215
4,559,0.6120909452438354,3.7179017066955566
4,560,0.2986801564693451,6.089176654815674
4,561,0.024338755756616592,0.8059177994728088
4,562,0.019816257059574127,0.6231200695037842
4,563,0.28005245327949524,2.3774871826171875
4,564,0.03771575912833214,14.192669868469238
4,565,0.21126438677310944,1.4557480812072754
4,566,0.5224928259849548,4.157577037811279
4,567,0.02703879587352276,0.8694071769714355
4,568,0.025273477658629417,0.8114319443702698
4,569,0.024479519575834274,0.8005938529968262
4,570,0.4900285005569458,2.9338765144348145
4,571,0.02483380027115345,0.8877049088478088
4,572,0.020251277834177017,0.7305574417114258
4,573,0.023233328014612198,0.8153784275054932
4,574,0.3357846736907959,1.7481037378311157
4,575,0.3188108801841736,2.239919662475586
4,576,0.021528569981455803,0.7571973204612732
4,577,0.24973581731319427,1.4722204208374023
4,578,0.28107619285583496,2.2058377265930176
4,579,0.02026800997555256,0.7577434778213501
4,580,0.13869644701480865,68.74967956542969
4,581,0.024630334228277206,0.7952548861503601
4,582,0.023321114480495453,0.8135680556297302
4,583,0.016044868156313896,0.6118282675743103
4,584,0.2817663550376892,63.282649993896484
4,585,0.017344657331705093,0.6252831220626831
4,586,0.7011476159095764,3.601975202560425
4,587,0.016353948041796684,0.5931010246276855
4,588,0.016820626333355904,0.44692766666412354
4,589,0.35352087020874023,3.46604585647583
4,590,0.3374258875846863,3.2336642742156982
4,591,0.04089711606502533,42.61133575439453
4,592,0.2799674868583679,141.37725830078125
4,593,0.45656004548072815,86.1426773071289
4,594,0.2639874815940857,2.399312973022461
4,595,0.016100632026791573,0.5493366718292236
4,596,0.016432859003543854,0.6380622386932373
4,597,0.016293643042445183,0.6256874799728394
4,598,0.3011164367198944,1.3844919204711914
4,599,0.33685383200645447,4.525208950042725
4,600,0.013454580679535866,0.39925622940063477
4,601,0.015553152188658714,0.3713536858558655
4,602,0.08661136776208878,104.8834457397461
4,603,0.014427714981138706,0.5557642579078674
4,604,0.2727152705192566,2.777863025665283
4,605,0.29076823592185974,1.6887505054473877
4,606,0.01635688729584217,0.38708001375198364
4,607,0.6202253699302673,4.874878883361816
4,608,0.015326066873967648,0.534720242023468
4,609,0.3314628601074219,2.050013542175293
4,610,0.01956404373049736,0.7264500260353088
4,611,0.01592908427119255,0.5961338877677917
4,612,0.017465583980083466,0.6034257411956787
4,613,0.017054162919521332,0.6361874938011169
4,614,0.017519472166895866,0.6745391488075256
4,615,0.019589295610785484,0.5435649156570435
4,616,0.016444265842437744,0.6165015697479248
4,617,0.012392905540764332,0.4752265214920044
4,618,0.01220327615737915,0.5410908460617065
4,619,0.012425903230905533,0.3757960796356201
