epoch,batch,loss,grad_norm
0,0,1.3933930397033691,16.26018524169922
0,1,1.0688529014587402,4.605925559997559
0,2,1.0128512382507324,5.0648603439331055
0,3,0.7957342863082886,3.079721689224243
0,4,0.79768306016922,3.547586441040039
0,5,0.7662046551704407,3.1015310287475586
0,6,0.8463004231452942,4.480438709259033
0,7,0.892421543598175,3.6510744094848633
0,8,0.406266987323761,5.737870693206787
0,9,0.7990772128105164,3.3085238933563232
0,10,0.8525696396827698,4.871844291687012
0,11,1.1144005060195923,8.087179183959961
0,12,0.8344253301620483,3.3180205821990967
0,13,0.9824792146682739,4.889451026916504
0,14,1.0996646881103516,4.556275844573975
0,15,0.969841718673706,4.257536888122559
0,16,0.6875844597816467,11.971641540527344
0,17,1.1194242238998413,4.918907642364502
0,18,0.7471745610237122,8.772193908691406
0,19,0.8875813484191895,4.043752193450928
0,20,0.5480610132217407,4.706535339355469
0,21,0.8225995898246765,3.7273459434509277
0,22,0.6643760800361633,2.8451569080352783
0,23,1.2376314401626587,8.031314849853516
0,24,0.603604257106781,3.0205557346343994
0,25,1.2199201583862305,8.76671028137207
0,26,1.0008212327957153,6.286269664764404
0,27,0.614010214805603,3.456658363342285
0,28,0.6322920918464661,5.312574863433838
0,29,0.46319860219955444,6.238082408905029
0,30,1.0654703378677368,3.9913644790649414
0,31,0.803614616394043,2.9675447940826416
0,32,0.7176002264022827,3.5403099060058594
0,33,0.9721220135688782,4.621777534484863
0,34,0.6352560520172119,3.5774950981140137
0,35,0.8152025938034058,3.8382632732391357
0,36,0.9030336737632751,4.378669261932373
0,37,0.8851260542869568,4.13025426864624
0,38,0.8333216309547424,3.164066791534424
0,39,1.0100820064544678,5.924609184265137
0,40,1.1563721895217896,5.357876777648926
0,41,0.5868473649024963,10.714698791503906
0,42,0.8855396509170532,6.4477081298828125
0,43,0.883447527885437,8.278121948242188
0,44,0.9701359868049622,4.6167731285095215
0,45,0.9719603657722473,3.86867094039917
0,46,0.7731437087059021,3.6442906856536865
0,47,0.8304075598716736,3.3455417156219482
0,48,0.7729384899139404,4.673163414001465
0,49,0.801258385181427,5.254476070404053
0,50,0.9548372030258179,7.0531907081604
0,51,1.003937840461731,7.636433124542236
0,52,0.7590125203132629,3.794161081314087
0,53,0.438783198595047,4.8632426261901855
0,54,0.515094518661499,5.887790679931641
0,55,0.714438259601593,3.894611358642578
0,56,1.0852199792861938,7.933356761932373
0,57,0.4712183475494385,6.102766990661621
0,58,0.5723626017570496,3.716460943222046
0,59,0.49533891677856445,7.625564098358154
0,60,0.5130590796470642,4.658301830291748
0,61,0.792029082775116,8.468393325805664
0,62,0.7079918384552002,7.291958332061768
0,63,1.2144606113433838,13.029067039489746
0,64,1.2349060773849487,13.71721363067627
0,65,0.8992258310317993,8.730521202087402
0,66,0.6031215786933899,9.428485870361328
0,67,0.9190194010734558,6.893385410308838
0,68,1.0497573614120483,9.560117721557617
0,69,1.0570913553237915,13.162226676940918
0,70,0.8059454560279846,19.765575408935547
0,71,0.606630265712738,6.041391849517822
0,72,0.5997412204742432,5.390659809112549
0,73,0.7550946474075317,4.531618595123291
0,74,0.6294683814048767,6.797122955322266
0,75,0.5220038294792175,4.033655643463135
0,76,0.7268439531326294,8.182682037353516
0,77,0.8277303576469421,10.299454689025879
0,78,1.119314432144165,14.50257682800293
0,79,0.6595742702484131,4.669701099395752
0,80,0.3759476840496063,6.099787712097168
0,81,0.39959046244621277,14.647385597229004
0,82,0.4960477650165558,7.928023338317871
0,83,0.5394020676612854,6.516035556793213
0,84,0.47603607177734375,6.420234680175781
0,85,0.808330774307251,10.161643028259277
0,86,1.077312707901001,11.489815711975098
0,87,0.6274853348731995,6.311369895935059
0,88,0.493160605430603,6.673248291015625
0,89,0.4087252914905548,3.626298666000366
0,90,0.6753877997398376,7.44513463973999
0,91,0.36869561672210693,5.444053649902344
0,92,0.6390356421470642,6.852200031280518
0,93,0.5894877910614014,9.704852104187012
0,94,0.7328191995620728,14.621036529541016
0,95,0.6987308859825134,12.110928535461426
0,96,0.31214988231658936,7.62247896194458
0,97,0.45572689175605774,7.447460174560547
0,98,0.44429829716682434,6.318618297576904
0,99,0.4136029779911041,5.790543079376221
0,100,0.9876059293746948,11.231705665588379
0,101,1.677345633506775,27.909343719482422
0,102,0.34651967883110046,5.789900779724121
0,103,0.2713760435581207,5.1014790534973145
0,104,0.8179835677146912,10.013652801513672
0,105,0.7218989133834839,8.47568130493164
0,106,0.42886945605278015,6.481621265411377
0,107,0.7660776972770691,10.373717308044434
0,108,0.323146790266037,6.027321815490723
0,109,0.4583619236946106,12.789085388183594
0,110,0.630293071269989,7.6481475830078125
0,111,0.5509183406829834,6.691572666168213
0,112,0.4962027072906494,13.690908432006836
0,113,0.5842358469963074,6.369150638580322
0,114,0.26509249210357666,6.605637550354004
0,115,0.3922186493873596,11.0184326171875
0,116,0.663234531879425,6.687960147857666
0,117,0.5008159279823303,7.6609320640563965
0,118,0.4467552900314331,6.9450249671936035
0,119,0.396776020526886,5.669177532196045
0,120,0.9896621108055115,10.862302780151367
0,121,0.3441619873046875,4.597109794616699
0,122,0.450007826089859,5.896728038787842
0,123,0.36458006501197815,4.973968982696533
0,124,0.8758848309516907,13.588085174560547
0,125,0.5533530116081238,4.646883010864258
0,126,0.5738711357116699,10.293161392211914
0,127,0.44524356722831726,5.622364044189453
0,128,0.20725014805793762,10.765230178833008
0,129,0.3043960630893707,11.05090045928955
0,130,0.4780103862285614,4.095645427703857
0,131,0.4690667688846588,8.866498947143555
0,132,0.2404029220342636,8.432766914367676
0,133,0.6023666262626648,8.892701148986816
0,134,0.599723219871521,8.924701690673828
0,135,0.09716993570327759,2.7865254878997803
0,136,0.721881628036499,7.336402416229248
0,137,0.5868523120880127,12.262191772460938
0,138,0.2931443452835083,13.625228881835938
0,139,0.5775384902954102,25.222965240478516
0,140,0.3585031032562256,13.983283042907715
0,141,0.6008836627006531,10.683052062988281
0,142,0.4425196945667267,9.861265182495117
0,143,0.5247207283973694,8.883511543273926
0,144,0.4088605046272278,14.065488815307617
0,145,0.3880837857723236,6.796814918518066
0,146,0.18465889990329742,5.767349720001221
0,147,0.20816445350646973,8.565619468688965
0,148,0.3981701731681824,5.082821369171143
0,149,0.7770964503288269,10.090410232543945
0,150,0.11234457045793533,3.714097023010254
0,151,0.4875815212726593,5.864150524139404
0,152,0.0913650318980217,3.6784074306488037
0,153,0.18825528025627136,7.012221336364746
0,154,0.8736718893051147,15.420697212219238
0,155,0.5419692397117615,9.975533485412598
0,156,0.17530924081802368,7.367852210998535
0,157,0.6951582431793213,10.092782020568848
0,158,0.1466486155986786,10.943737983703613
0,159,0.7329402565956116,15.567359924316406
0,160,0.7446214556694031,30.727441787719727
0,161,0.6189662218093872,32.54508590698242
0,162,0.6958808898925781,22.11018943786621
0,163,0.14375297725200653,14.7088623046875
0,164,0.3319726884365082,13.737212181091309
0,165,0.47710901498794556,10.076170921325684
0,166,0.7155483961105347,10.190350532531738
0,167,0.07434007525444031,5.534641265869141
0,168,0.38437747955322266,10.27957534790039
0,169,0.07179312407970428,3.4086830615997314
0,170,0.28466811776161194,2.902627944946289
0,171,0.07928504794836044,6.348757266998291
0,172,0.2875005602836609,8.52818489074707
0,173,0.3033573627471924,2.1948251724243164
0,174,0.05104917660355568,1.6406201124191284
0,175,0.26098117232322693,3.3006486892700195
0,176,0.25010427832603455,6.631603717803955
0,177,0.22454409301280975,6.244580268859863
0,178,0.24201247096061707,9.638568878173828
0,179,0.7027997970581055,10.748101234436035
0,180,0.4369378089904785,15.760998725891113
0,181,0.5913715958595276,11.384428024291992
0,182,0.3953561782836914,25.679882049560547
0,183,0.3140868544578552,40.914424896240234
0,184,0.4208295941352844,41.281063079833984
0,185,0.43978288769721985,22.67453384399414
0,186,0.42265191674232483,11.771244049072266
0,187,0.07372549176216125,5.164350509643555
0,188,0.6919618844985962,11.768765449523926
0,189,0.25542783737182617,15.482579231262207
0,190,1.2378931045532227,16.06596565246582
0,191,0.43844687938690186,3.718067169189453
0,192,0.30449578166007996,5.241128921508789
0,193,0.23339326679706573,7.851196765899658
0,194,0.09356746077537537,3.6753499507904053
0,195,0.22983311116695404,3.4906959533691406
0,196,0.37985169887542725,8.694572448730469
0,197,0.3010408878326416,3.1768691539764404
0,198,0.5036554336547852,8.96379566192627
0,199,0.5602054595947266,6.308542728424072
0,200,0.2871619760990143,2.921142101287842
0,201,0.08816033601760864,3.120089292526245
0,202,0.3025659918785095,6.610177516937256
0,203,0.2743055522441864,4.108597278594971
0,204,0.07235562056303024,1.9515552520751953
0,205,0.16035956144332886,10.479049682617188
0,206,0.14323925971984863,11.325899124145508
0,207,0.5013841390609741,6.264330863952637
0,208,0.38342174887657166,15.195613861083984
0,209,0.2758401930332184,3.1993625164031982
0,210,0.14632561802864075,18.836944580078125
0,211,0.424624502658844,30.151514053344727
0,212,0.08575686067342758,7.468327045440674
0,213,0.13702639937400818,14.526073455810547
0,214,0.10423882305622101,18.699867248535156
0,215,0.43498167395591736,7.144432067871094
0,216,1.1223101615905762,8.995450019836426
0,217,0.5675075054168701,14.30186939239502
0,218,0.31212711334228516,2.574892044067383
0,219,0.31545254588127136,2.065014123916626
0,220,0.7123546600341797,32.27060317993164
0,221,0.44683054089546204,22.3059024810791
0,222,0.21460705995559692,9.607227325439453
0,223,0.48493435978889465,7.082431793212891
0,224,0.08492157608270645,3.0459930896759033
0,225,0.3156392276287079,10.936356544494629
0,226,0.45330825448036194,7.558927059173584
0,227,0.27791643142700195,2.3881654739379883
0,228,0.1815629005432129,5.283461093902588
0,229,0.6316699981689453,10.419772148132324
0,230,0.07457345724105835,2.562343120574951
0,231,0.24851371347904205,2.7456300258636475
0,232,0.08554153144359589,4.619278430938721
0,233,0.29975152015686035,2.530101776123047
0,234,0.049736496061086655,1.6293654441833496
0,235,0.4553202986717224,8.790874481201172
0,236,0.6857742071151733,24.596147537231445
0,237,0.24900119006633759,2.764456033706665
0,238,0.17824344336986542,11.78724479675293
0,239,0.064127117395401,5.457802772521973
0,240,0.5171585083007812,19.076011657714844
0,241,0.5627509355545044,18.403873443603516
0,242,0.37411561608314514,26.22254180908203
0,243,0.38960105180740356,19.398324966430664
0,244,0.08506030589342117,7.602253437042236
0,245,0.4856104254722595,37.59197998046875
0,246,0.30986613035202026,4.188215255737305
0,247,0.04094041511416435,1.9070448875427246
0,248,0.05606893077492714,8.783683776855469
0,249,0.5166752338409424,11.069618225097656
0,250,0.3164769113063812,3.271049737930298
0,251,1.0671050548553467,13.557745933532715
0,252,0.5258503556251526,13.246712684631348
0,253,0.01924276165664196,0.5972594022750854
0,254,0.0171373151242733,0.48399752378463745
0,255,0.5706117153167725,5.546952247619629
0,256,0.018309427425265312,0.5997951030731201
0,257,0.7906204462051392,10.78431224822998
0,258,0.3564119338989258,9.079951286315918
0,259,0.5698961019515991,6.009914398193359
0,260,0.023729028180241585,0.6348128914833069
0,261,0.02995815873146057,1.2829334735870361
0,262,0.320575088262558,14.345609664916992
0,263,0.6366426944732666,10.741697311401367
0,264,0.02074354514479637,0.6203521490097046
0,265,0.7881595492362976,12.624025344848633
0,266,0.033279795199632645,2.114900827407837
0,267,0.8901612758636475,14.1625394821167
0,268,0.7487310171127319,23.832807540893555
0,269,0.614764392375946,11.533376693725586
0,270,0.726270854473114,18.95233917236328
0,271,0.1376655250787735,22.46134376525879
0,272,0.16810332238674164,12.274575233459473
0,273,0.2768389880657196,9.330301284790039
0,274,0.9927933216094971,40.80765914916992
0,275,0.5859789252281189,53.85894775390625
0,276,0.8071699738502502,17.247703552246094
0,277,0.13049021363258362,18.99163246154785
0,278,0.07513366639614105,6.139948844909668
0,279,0.2826016843318939,4.013689041137695
0,280,0.05714347958564758,3.4118432998657227
0,281,0.5337975025177002,7.066285133361816
0,282,0.31318673491477966,2.392179489135742
0,283,0.026395009830594063,0.8600717782974243
0,284,0.4924760162830353,12.070764541625977
0,285,0.017483701929450035,0.472155898809433
0,286,0.6517569422721863,10.365091323852539
0,287,0.541528582572937,8.227987289428711
0,288,0.6019006967544556,18.4721622467041
0,289,0.4814744293689728,7.048798561096191
0,290,1.1178131103515625,10.560486793518066
0,291,0.07161818444728851,5.963892459869385
0,292,0.2848167419433594,3.01491641998291
0,293,0.2245311439037323,2.577146291732788
0,294,0.2986197769641876,3.767180919647217
0,295,0.5450478792190552,11.452210426330566
0,296,0.15089236199855804,9.975890159606934
0,297,0.1323215216398239,8.42785358428955
0,298,0.12846677005290985,9.323942184448242
0,299,0.4212909936904907,26.074731826782227
0,300,0.4183446764945984,14.781973838806152
0,301,0.2813464105129242,20.79913902282715
0,302,0.42097705602645874,5.2617645263671875
0,303,0.3361629545688629,12.433956146240234
0,304,0.7573015689849854,10.44950008392334
0,305,0.5745293498039246,4.911499500274658
0,306,0.05054614692926407,1.554831624031067
0,307,0.06229163706302643,2.968264579772949
0,308,0.17957048118114471,5.934611797332764
0,309,0.03547178581357002,1.057822346687317
0,310,0.5341672897338867,8.081265449523926
0,311,0.5773067474365234,4.552385330200195
0,312,0.23992179334163666,2.751906394958496
0,313,0.2604740858078003,3.345156192779541
0,314,0.5204600691795349,4.084236145019531
0,315,0.2825947403907776,11.104768753051758
0,316,0.30413302779197693,3.6366264820098877
0,317,0.4558793604373932,10.527684211730957
0,318,0.28220751881599426,11.290477752685547
0,319,0.17327168583869934,18.433706283569336
0,320,0.510604977607727,14.449115753173828
0,321,0.2570118308067322,16.267932891845703
0,322,0.368870347738266,12.616503715515137
0,323,0.29600247740745544,10.532037734985352
0,324,0.3984144926071167,17.993122100830078
0,325,0.37713682651519775,11.256196022033691
0,326,0.3295254707336426,9.114517211914062
0,327,0.1500856727361679,7.574512004852295
0,328,0.11429405957460403,5.833712577819824
0,329,0.22935324907302856,7.266646385192871
0,330,0.3088234066963196,3.755413770675659
0,331,0.7354328036308289,5.823215484619141
0,332,0.2868722081184387,2.546996831893921
0,333,0.5094214081764221,4.158829212188721
0,334,0.08196195214986801,2.1896772384643555
0,335,0.27066507935523987,8.022789001464844
0,336,0.09057596325874329,4.47463846206665
0,337,0.30005884170532227,2.015415906906128
0,338,0.27302831411361694,2.811306953430176
0,339,0.08509834110736847,10.057755470275879
0,340,0.3416416645050049,19.166404724121094
0,341,0.30809536576271057,8.252948760986328
0,342,0.7181898355484009,4.833282470703125
0,343,0.5917782187461853,8.812822341918945
0,344,0.04663502797484398,1.3464235067367554
0,345,0.6943594217300415,16.744739532470703
0,346,0.06007371097803116,4.176721572875977
0,347,0.09621039032936096,7.565690994262695
0,348,0.04905454069375992,2.9305872917175293
0,349,0.34608152508735657,13.511220932006836
0,350,0.14816907048225403,6.2566351890563965
0,351,0.32557377219200134,2.37343430519104
0,352,0.31521251797676086,2.075528860092163
0,353,0.7567853927612305,5.581695556640625
0,354,0.041616469621658325,1.5605336427688599
0,355,0.0433872751891613,1.6501038074493408
0,356,0.5331802368164062,14.675975799560547
0,357,0.21112489700317383,21.249860763549805
0,358,0.5236379504203796,6.700177192687988
0,359,0.8732772469520569,15.992080688476562
0,360,0.32135388255119324,15.711816787719727
0,361,0.5335316061973572,14.151979446411133
0,362,0.058213815093040466,4.725959777832031
0,363,0.12037363648414612,10.164125442504883
0,364,0.08649902045726776,5.705000877380371
0,365,0.7429065704345703,22.327638626098633
0,366,0.25763067603111267,2.8284780979156494
0,367,0.37959930300712585,18.10228157043457
0,368,0.6908968687057495,11.147398948669434
0,369,0.2689797580242157,4.964726448059082
0,370,0.07616179436445236,4.005378723144531
0,371,0.405468612909317,8.239580154418945
0,372,0.08997595310211182,12.378911972045898
0,373,0.464132159948349,8.820338249206543
0,374,0.6065011024475098,13.734111785888672
0,375,0.5105298757553101,7.0580573081970215
0,376,0.2949351370334625,2.612743854522705
0,377,0.04538164287805557,1.3789371252059937
0,378,0.27507463097572327,2.164156675338745
0,379,0.10686946660280228,17.47771644592285
0,380,0.31621092557907104,2.6092467308044434
0,381,0.7682064175605774,8.62728500366211
0,382,0.3442688584327698,12.385156631469727
0,383,0.403195858001709,6.863887786865234
0,384,0.34748902916908264,7.516793251037598
0,385,0.5015474557876587,4.238431453704834
0,386,0.08711018413305283,3.435441493988037
0,387,0.08230259269475937,2.129437208175659
0,388,0.06474483758211136,1.6257256269454956
0,389,0.49606138467788696,3.912554979324341
0,390,0.29026171565055847,4.431715965270996
0,391,0.2751055657863617,2.3808040618896484
0,392,0.1257142275571823,11.148268699645996
0,393,0.5560347437858582,3.831134557723999
0,394,0.042953308671712875,1.305523157119751
0,395,0.43008944392204285,18.857582092285156
0,396,0.8714348077774048,17.439844131469727
0,397,0.038075804710388184,1.4356722831726074
0,398,0.34416303038597107,13.191055297851562
0,399,0.034108541905879974,1.1989545822143555
0,400,0.04051190987229347,1.937941551208496
0,401,0.31876423954963684,16.095386505126953
0,402,0.3483489453792572,5.351739883422852
0,403,0.3500937819480896,2.817246675491333
0,404,0.38059377670288086,14.11643123626709
0,405,0.31703948974609375,9.731269836425781
0,406,0.5992341041564941,4.692773342132568
0,407,0.11362187564373016,17.201671600341797
0,408,0.31956255435943604,19.556032180786133
0,409,0.3228413462638855,3.537585735321045
0,410,0.13192623853683472,9.890421867370605
0,411,0.06357225775718689,5.727084636688232
0,412,0.5695626735687256,66.41073608398438
0,413,0.3065135180950165,6.569080352783203
0,414,0.4599086344242096,15.947278022766113
0,415,0.3382890522480011,15.307023048400879
0,416,0.17962215840816498,37.68626403808594
0,417,0.3589230179786682,24.2529354095459
0,418,0.33647021651268005,3.064110517501831
0,419,0.05309860035777092,5.690985679626465
0,420,0.040253426879644394,1.3508135080337524
0,421,0.24732530117034912,5.178323268890381
0,422,0.02845737896859646,0.7733794450759888
0,423,0.5230168104171753,8.133471488952637
0,424,0.03986028581857681,3.2332372665405273
0,425,0.49674442410469055,30.751678466796875
0,426,0.1723378598690033,16.998947143554688
0,427,0.026729147881269455,3.1495494842529297
0,428,0.7374226450920105,5.227476119995117
0,429,0.5214444398880005,15.491394996643066
0,430,0.2955973148345947,2.4950761795043945
0,431,0.09875331819057465,12.72070026397705
0,432,0.3811258375644684,5.636776447296143
0,433,0.8296272158622742,25.654640197753906
0,434,0.04698575660586357,8.004302978515625
0,435,0.17888684570789337,7.314183235168457
0,436,0.07204089313745499,18.333887100219727
0,437,0.03885567560791969,2.85611629486084
0,438,0.07576511800289154,16.504474639892578
0,439,0.05872977897524834,7.368511199951172
0,440,0.3545905649662018,3.6520986557006836
0,441,0.023836005479097366,0.6583973169326782
0,442,0.7698918581008911,9.735787391662598
0,443,0.30241191387176514,2.3342747688293457
0,444,0.023826448246836662,0.6742672920227051
0,445,1.1955608129501343,7.820978164672852
0,446,0.19215136766433716,9.466350555419922
0,447,0.04696924239397049,7.29985237121582
0,448,0.2865138053894043,3.6398656368255615
0,449,0.037762004882097244,1.0834275484085083
0,450,0.24211576581001282,5.373102188110352
0,451,0.06495857238769531,13.068248748779297
0,452,0.07522951066493988,10.640973091125488
0,453,0.05965989828109741,5.1270670890808105
0,454,0.4707380533218384,6.173175811767578
0,455,0.26283198595046997,1.9590083360671997
0,456,0.5425212383270264,2.924731731414795
0,457,0.04364484176039696,1.3750157356262207
0,458,0.05564665421843529,1.5716917514801025
0,459,0.03984983637928963,1.174765706062317
0,460,0.5351433157920837,36.64387130737305
0,461,0.3603726625442505,1.954752802848816
0,462,0.5424749851226807,3.7439494132995605
0,463,0.2091110348701477,4.662266254425049
0,464,0.07538201659917831,15.655476570129395
0,465,0.5069190263748169,5.9381537437438965
0,466,0.07721507549285889,7.9981608390808105
0,467,0.7546347975730896,7.2168731689453125
0,468,0.22840315103530884,5.9291181564331055
0,469,0.3424748182296753,2.708970308303833
0,470,0.2876303791999817,41.694095611572266
0,471,0.24761061370372772,28.502899169921875
0,472,0.38916870951652527,65.02972412109375
0,473,0.32802316546440125,41.503360748291016
0,474,0.5241991281509399,10.890020370483398
0,475,0.12413090467453003,7.277551651000977
0,476,0.6319050192832947,4.271112442016602
0,477,0.10353021323680878,4.334555625915527
0,478,0.17569883167743683,19.97271156311035
0,479,0.08547528833150864,2.204313039779663
0,480,0.38243040442466736,2.5489015579223633
0,481,0.2548043429851532,1.313956618309021
0,482,0.30147284269332886,2.2627193927764893
0,483,0.3077811598777771,2.6509017944335938
0,484,0.04351047798991203,1.0065066814422607
0,485,0.06435097754001617,4.178107261657715
0,486,0.037202537059783936,1.0346965789794922
0,487,0.6561000943183899,3.741116762161255
0,488,0.47645485401153564,10.840437889099121
0,489,0.13554947078227997,19.54220199584961
0,490,0.33476442098617554,2.5647919178009033
0,491,0.022188788279891014,0.7417067289352417
0,492,0.8179619312286377,8.495848655700684
0,493,0.01876801624894142,0.7083075046539307
0,494,0.26184767484664917,24.133743286132812
0,495,0.6737098693847656,6.914046287536621
0,496,0.26940295100212097,11.914874076843262
0,497,0.34611353278160095,4.12515115737915
0,498,0.8685528635978699,31.02129554748535
0,499,0.2378513664007187,6.917691230773926
0,500,0.07975871860980988,18.852476119995117
0,501,0.18453989923000336,57.971012115478516
0,502,0.03630984202027321,3.4645137786865234
0,503,0.06408978998661041,7.795551776885986
0,504,0.7829292416572571,26.339296340942383
0,505,0.02225540019571781,1.0594801902770996
0,506,0.11170711368322372,24.998722076416016
0,507,0.01805095374584198,0.8524694442749023
0,508,0.3153340518474579,3.0936927795410156
0,509,0.013753022998571396,0.46232637763023376
0,510,0.6696826815605164,6.286649227142334
0,511,0.24247346818447113,12.0646333694458
0,512,0.28530776500701904,4.580353260040283
0,513,1.960778832435608,39.00249099731445
0,514,0.6418262124061584,3.969977855682373
0,515,0.34888532757759094,2.635340452194214
0,516,0.32485178112983704,2.037067174911499
0,517,0.02990449033677578,2.078982353210449
0,518,0.5523626804351807,4.311619281768799
0,519,0.03311731293797493,0.9114349484443665
0,520,0.05117573216557503,2.2293636798858643
0,521,0.5995389819145203,11.92429256439209
0,522,0.2628857493400574,3.3429667949676514
0,523,0.06081286072731018,3.856448173522949
0,524,0.06155621260404587,5.863916397094727
0,525,0.25188207626342773,2.633793592453003
0,526,0.48661908507347107,5.126010417938232
0,527,0.3031691014766693,5.089285373687744
0,528,0.09076204895973206,10.128824234008789
0,529,0.11536352336406708,9.421964645385742
0,530,0.09502960741519928,5.985814571380615
0,531,0.31405648589134216,4.686760425567627
0,532,0.35795849561691284,18.853219985961914
0,533,0.6671828031539917,20.331165313720703
0,534,0.40344512462615967,19.23810577392578
0,535,0.35453489422798157,9.201362609863281
0,536,0.05839342996478081,2.5825464725494385
0,537,0.12006494402885437,9.656657218933105
0,538,0.3147841989994049,3.1748697757720947
0,539,0.27789533138275146,2.087477684020996
0,540,0.4812057316303253,4.246898174285889
0,541,0.045886363834142685,1.339011549949646
0,542,0.3937733471393585,14.681002616882324
0,543,0.24164897203445435,1.2710672616958618
0,544,0.25486892461776733,1.2466269731521606
0,545,0.05797210708260536,1.4947386980056763
0,546,0.5152114629745483,2.733860969543457
0,547,0.0529523603618145,1.2976868152618408
0,548,0.10620749741792679,15.60252571105957
0,549,0.5998543500900269,5.0356221199035645
0,550,0.5251598358154297,3.2769734859466553
0,551,0.2633489966392517,2.0580899715423584
0,552,0.2023862600326538,12.317937850952148
0,553,0.28088700771331787,2.025115489959717
0,554,0.7684690952301025,16.520530700683594
0,555,0.5703796744346619,4.329209327697754
0,556,0.05382396653294563,1.3704768419265747
0,557,0.7121601104736328,12.503159523010254
0,558,0.07278043776750565,1.934137225151062
0,559,0.08201510459184647,2.824749708175659
0,560,0.05799013748764992,1.6343470811843872
0,561,0.5704963803291321,25.197952270507812
0,562,0.1865265816450119,8.354446411132812
0,563,0.3097170293331146,2.797192335128784
0,564,0.0265249852091074,0.7451770305633545
0,565,0.027466680854558945,1.5465327501296997
0,566,0.6686756014823914,3.965494155883789
0,567,0.018847528845071793,0.5069753527641296
0,568,0.0197428110986948,0.6014040112495422
0,569,0.01677613891661167,0.56341952085495
0,570,0.490153431892395,16.628820419311523
0,571,0.34502100944519043,2.055309772491455
0,572,0.5554201006889343,14.26627254486084
0,573,0.23869474232196808,10.2536039352417
0,574,0.19456930458545685,9.623607635498047
0,575,0.32377514243125916,2.9246928691864014
0,576,0.20840142667293549,18.089275360107422
0,577,0.05400678887963295,5.895132064819336
0,578,0.3954885005950928,4.024413108825684
0,579,0.04415031895041466,3.6373538970947266
0,580,0.0355275496840477,2.074307441711426
0,581,0.01869223453104496,0.6271920204162598
0,582,0.2860538065433502,2.0218207836151123
0,583,0.019371382892131805,1.7485671043395996
0,584,0.8434435725212097,7.162221908569336
0,585,0.4172384738922119,3.5264503955841064
0,586,0.014351525343954563,0.36304908990859985
0,587,0.9497575759887695,8.560677528381348
0,588,0.028607744723558426,2.0687074661254883
0,589,0.32092368602752686,6.652434825897217
0,590,0.3839443325996399,7.164486408233643
0,591,0.37269216775894165,23.536279678344727
0,592,0.364713191986084,13.095964431762695
0,593,0.3568492531776428,20.49040412902832
0,594,0.027052583172917366,0.7232464551925659
0,595,0.2784326672554016,1.865522027015686
0,596,0.2788156270980835,7.365450859069824
0,597,0.2391623854637146,20.544082641601562
0,598,0.5621334910392761,100.65031433105469
0,599,0.47181883454322815,3.509861469268799
0,600,0.051677923649549484,2.5862157344818115
0,601,0.05423206835985184,1.7562602758407593
0,602,0.05619977042078972,1.820604920387268
0,603,0.03218720108270645,1.5170234441757202
0,604,0.34504538774490356,8.609505653381348
0,605,0.4295295476913452,2.3101067543029785
0,606,0.5722379088401794,3.48469877243042
0,607,0.4091136157512665,8.471126556396484
0,608,0.017408205196261406,0.37438544631004333
0,609,1.0066094398498535,5.086947441101074
0,610,0.3457610607147217,2.100208282470703
0,611,0.023825494572520256,0.6642548441886902
0,612,0.02913680486381054,2.6177215576171875
0,613,0.023674840107560158,0.6106500029563904
0,614,0.2974172532558441,2.3545634746551514
0,615,0.028801074251532555,2.2735137939453125
0,616,0.03321251645684242,3.6456990242004395
0,617,0.3273201286792755,3.3523001670837402
0,618,0.02480536885559559,0.9318413138389587
0,619,0.02574794366955757,1.617847204208374
1,0,0.24946895241737366,3.6040492057800293
1,1,0.28813570737838745,2.6969645023345947
1,2,0.6168606877326965,3.8375802040100098
1,3,0.3203730583190918,3.580721378326416
1,4,0.01921866647899151,0.415360689163208
1,5,0.02113504335284233,0.5303393006324768
1,6,0.024212773889303207,0.7185803651809692
1,7,0.4442287087440491,4.694798946380615
1,8,0.019635891541838646,0.48293179273605347
1,9,0.378878653049469,17.090402603149414
1,10,0.3056696951389313,2.5285403728485107
1,11,0.01625191792845726,0.36975353956222534
1,12,0.022221533581614494,0.8954728245735168
1,13,0.11983466148376465,18.076995849609375
1,14,0.01644130051136017,0.36875733733177185
1,15,0.2705729305744171,2.360643148422241
1,16,0.012579688802361488,0.2643837034702301
1,17,0.014266664162278175,0.35773003101348877
1,18,0.010735387913882732,0.20222823321819305
1,19,0.2736142575740814,24.621442794799805
1,20,0.012289468199014664,0.3073314428329468
1,21,0.009065303951501846,0.24878951907157898
1,22,0.010342961177229881,1.1313278675079346
1,23,0.5703226923942566,55.118648529052734
1,24,0.008534436114132404,0.20828978717327118
1,25,0.7226948142051697,4.995969295501709
1,26,0.2676427960395813,21.711666107177734
1,27,0.10780345648527145,28.51049041748047
1,28,0.32704728841781616,3.3186891078948975
1,29,0.42034661769866943,2.604170322418213
1,30,0.02693111076951027,14.880977630615234
1,31,0.005698053166270256,0.14174537360668182
1,32,0.5201384425163269,41.40306091308594
1,33,0.7169613242149353,8.602474212646484
1,34,0.010986817069351673,0.9505836963653564
1,35,0.3697388172149658,8.277776718139648
1,36,0.008805741555988789,0.42865002155303955
1,37,0.010388607159256935,0.5609738230705261
1,38,0.7371673583984375,6.683666229248047
1,39,0.04963183030486107,18.771635055541992
1,40,0.009700490161776543,0.3352866768836975
1,41,0.6786805987358093,5.72595739364624
1,42,0.011566946282982826,0.3346180319786072
1,43,0.30780094861984253,2.8925116062164307
1,44,0.011306589469313622,0.32073986530303955
1,45,0.009440378285944462,0.1914747953414917
1,46,0.47403883934020996,33.146854400634766
1,47,0.0109865702688694,0.28312283754348755
1,48,0.3464510440826416,2.794541835784912
1,49,0.01256682351231575,0.3332884907722473
1,50,0.1906711906194687,48.94072341918945
1,51,0.36031582951545715,2.301779270172119
1,52,0.011853661388158798,0.327526330947876
1,53,0.3650989532470703,3.7647340297698975
1,54,0.2598884701728821,5.7969441413879395
1,55,0.8457034230232239,7.2313008308410645
1,56,0.22433516383171082,2.8741846084594727
1,57,0.3358343243598938,2.5239322185516357
1,58,0.043825309723615646,2.4831924438476562
1,59,0.5703207850456238,4.2797417640686035
1,60,0.31828954815864563,5.092138290405273
1,61,0.3424200117588043,2.750278949737549
1,62,0.200949028134346,1.985511302947998
1,63,0.05064333230257034,1.2260555028915405
1,64,0.06290815770626068,2.3973398208618164
1,65,0.2987063527107239,5.839484214782715
1,66,0.05134507641196251,1.2201746702194214
1,67,0.04301348701119423,0.9081246256828308
1,68,0.0380849726498127,1.9905465841293335
1,69,0.27302056550979614,3.8028147220611572
1,70,0.6940358877182007,4.122864246368408
1,71,0.020805299282073975,1.5777277946472168
1,72,0.014653890393674374,0.30352282524108887
1,73,0.01251397654414177,0.26260530948638916
1,74,0.09537158161401749,48.700923919677734
1,75,0.31725990772247314,2.9237401485443115
1,76,0.0508049838244915,18.126537322998047
1,77,0.008883320726454258,0.19212308526039124
1,78,0.40978217124938965,22.63694190979004
1,79,0.4189501404762268,2.1438634395599365
1,80,0.3372228741645813,2.7066829204559326
1,81,0.957889974117279,25.088668823242188
1,82,0.3005726635456085,3.061957836151123
1,83,0.2856252193450928,2.633039712905884
1,84,0.2602108418941498,5.559398651123047
1,85,0.5423353314399719,109.94409942626953
1,86,0.05562935024499893,18.66435432434082
1,87,0.04818011820316315,11.422706604003906
1,88,0.5142532587051392,91.06063842773438
1,89,0.3556215465068817,2.6148431301116943
1,90,0.06416004151105881,16.372323989868164
1,91,0.2630002796649933,12.52469539642334
1,92,0.245802640914917,3.2314116954803467
1,93,0.6628112196922302,9.742384910583496
1,94,0.5959821343421936,25.38837432861328
1,95,0.4319612681865692,3.012091636657715
1,96,0.0631541833281517,2.296964645385742
1,97,0.07305631786584854,3.1428143978118896
1,98,0.06283484399318695,2.2739365100860596
1,99,0.05139266327023506,2.0803678035736084
1,100,0.04575639218091965,2.546060562133789
1,101,0.5222253203392029,3.2574949264526367
1,102,0.029622869566082954,0.6310960054397583
1,103,0.3142424523830414,2.0998799800872803
1,104,0.2913551926612854,2.9537816047668457
1,105,0.13024920225143433,10.052242279052734
1,106,0.14652198553085327,17.031494140625
1,107,0.021122628822922707,0.4341828227043152
1,108,0.3207368850708008,1.6741403341293335
1,109,0.02118106186389923,0.43431106209754944
1,110,0.4376015067100525,9.272615432739258
1,111,0.042324382811784744,4.001588344573975
1,112,0.29579997062683105,1.9191399812698364
1,113,0.5749897956848145,8.492999076843262
1,114,0.028334930539131165,0.8421869874000549
1,115,0.23614011704921722,12.59691333770752
1,116,0.42229968309402466,14.297046661376953
1,117,0.2585712671279907,1.3589375019073486
1,118,0.03412366285920143,0.9442425966262817
1,119,0.04442879930138588,1.2306016683578491
1,120,0.6485805511474609,5.981784343719482
1,121,0.632072925567627,38.225826263427734
1,122,0.036966364830732346,3.1297354698181152
1,123,0.030223501846194267,1.9666976928710938
1,124,0.02061508409678936,0.5866174697875977
1,125,0.27353614568710327,1.7195992469787598
1,126,0.023264190182089806,2.158111095428467
1,127,0.6586179733276367,3.522642135620117
1,128,0.01525919884443283,0.37162062525749207
1,129,0.9074550867080688,11.868776321411133
1,130,0.02029750496149063,0.931069552898407
1,131,0.017963949590921402,2.0602099895477295
1,132,0.6759021282196045,3.346327781677246
1,133,0.012920252978801727,0.3042101562023163
1,134,0.5479263663291931,6.367885589599609
1,135,0.29235485196113586,2.158442974090576
1,136,0.015940509736537933,0.39718443155288696
1,137,0.019017845392227173,0.52641761302948
1,138,0.019375327974557877,0.5338955521583557
1,139,0.20772705972194672,19.15172576904297
1,140,1.19817054271698,7.34790563583374
1,141,0.28995242714881897,2.2949376106262207
1,142,0.32019856572151184,2.43291974067688
1,143,0.33045586943626404,16.395605087280273
1,144,0.02529788948595524,0.7647128105163574
1,145,0.7901064157485962,5.423868656158447
1,146,0.1620008498430252,18.182741165161133
1,147,0.038711752742528915,1.0938928127288818
1,148,0.2651078701019287,4.031803607940674
1,149,0.057883746922016144,4.891720294952393
1,150,0.04301556572318077,1.266306757926941
1,151,0.5118236541748047,6.157797813415527
1,152,0.3439629375934601,4.259944915771484
1,153,0.03498700261116028,1.0444952249526978
1,154,0.29966726899147034,2.938444137573242
1,155,0.4869915843009949,6.496891021728516
1,156,0.5321229100227356,3.337965250015259
1,157,0.6104253530502319,3.7591753005981445
1,158,0.03492368757724762,0.9036209583282471
1,159,0.03537764027714729,0.8595139384269714
1,160,0.029428871348500252,0.7464285492897034
1,161,0.026700938120484352,0.716485857963562
1,162,0.25338780879974365,2.1862378120422363
1,163,0.016271548345685005,0.3682297170162201
1,164,0.015333088114857674,0.34959906339645386
1,165,0.27174192667007446,2.4941725730895996
1,166,0.017117418348789215,0.449847549200058
1,167,0.017716094851493835,0.7303167581558228
1,168,1.0748827457427979,23.656871795654297
1,169,0.31639230251312256,4.541797637939453
1,170,0.007940157316625118,0.18192923069000244
1,171,0.01220667827874422,0.3518470227718353
1,172,0.43961167335510254,2.445038318634033
1,173,0.012286928482353687,0.3636322319507599
1,174,0.41704612970352173,2.3995213508605957
1,175,0.7917381525039673,4.2269792556762695
1,176,0.007470045238733292,0.18379253149032593
1,177,0.058162059634923935,16.04031753540039
1,178,0.34014296531677246,2.7340452671051025
1,179,0.010256601497530937,0.3422764837741852
1,180,0.33723360300064087,2.3646445274353027
1,181,0.31026405096054077,1.9589431285858154
1,182,0.01432838011533022,0.38855433464050293
1,183,0.021327223628759384,0.9059773683547974
1,184,0.0636015310883522,15.48488712310791
1,185,0.016003385186195374,0.4487592577934265
1,186,0.031125234439969063,1.0942046642303467
1,187,0.038680583238601685,2.6490111351013184
1,188,0.0259852334856987,0.8664232492446899
1,189,0.8336906433105469,4.266602039337158
1,190,0.014530387707054615,0.3864850699901581
1,191,0.8084038496017456,4.633976936340332
1,192,0.583010733127594,3.6030197143554688
1,193,0.014709259383380413,0.3696921467781067
1,194,0.014116818085312843,0.3412444293498993
1,195,0.011073923669755459,0.22232000529766083
1,196,0.41376280784606934,2.195434331893921
1,197,0.3002053201198578,1.7859079837799072
1,198,0.01268208958208561,0.29364097118377686
1,199,0.01581459306180477,0.38583996891975403
1,200,0.3336685299873352,1.9988737106323242
1,201,0.016556520015001297,0.4679664373397827
1,202,0.014724703505635262,0.3933679163455963
1,203,0.6280748844146729,3.906400680541992
1,204,0.21903029084205627,4.511905670166016
1,205,0.32394087314605713,1.810802936553955
1,206,0.08775947988033295,29.726987838745117
1,207,0.3179616928100586,1.6182490587234497
1,208,0.2799777090549469,1.7237062454223633
1,209,0.16390560567378998,9.61426067352295
1,210,0.2982104420661926,1.7249315977096558
1,211,0.054740771651268005,1.4007701873779297
1,212,0.3715387284755707,2.8694937229156494
1,213,0.052539318799972534,1.2989283800125122
1,214,0.065080925822258,1.5254602432250977
1,215,0.45205020904541016,2.7537004947662354
1,216,0.08176714181900024,9.628266334533691
1,217,0.05144304409623146,1.4358150959014893
1,218,0.04456372931599617,0.9342993497848511
1,219,0.03539550304412842,0.7617878913879395
1,220,0.026894690468907356,0.5414084792137146
1,221,0.02306164987385273,0.4778701364994049
1,222,0.5479297637939453,4.970900535583496
1,223,0.013798721134662628,0.30386045575141907
1,224,0.011981602758169174,0.28833597898483276
1,225,0.009515713900327682,0.21170422434806824
1,226,0.01475241407752037,4.512072563171387
1,227,0.3502247929573059,1.989806890487671
1,228,0.006377707701176405,0.2511671781539917
1,229,0.5315759181976318,40.36061477661133
1,230,0.37894320487976074,2.2068629264831543
1,231,0.39420679211616516,2.4052717685699463
1,232,0.006071408279240131,0.1573304831981659
1,233,0.6839002370834351,4.211806297302246
1,234,0.7241919040679932,3.98649525642395
1,235,0.009548712521791458,0.42907506227493286
1,236,0.009965552017092705,0.28516870737075806
1,237,0.3496462106704712,2.216015100479126
1,238,0.014526931568980217,0.9725731015205383
1,239,0.34587621688842773,1.9758577346801758
1,240,0.3495432734489441,1.9660086631774902
1,241,0.02024267613887787,0.6329082250595093
1,242,0.019507097080349922,0.5950332880020142
1,243,0.561212956905365,3.2960264682769775
1,244,0.5300858020782471,3.3406169414520264
1,245,0.03254736214876175,1.3558242321014404
1,246,0.03764009475708008,1.188213586807251
1,247,0.03003135323524475,0.7849260568618774
1,248,0.7698368430137634,4.33772611618042
1,249,0.5319579839706421,3.4519362449645996
1,250,0.272732138633728,1.4119445085525513
1,251,0.0383618101477623,0.8322275280952454
1,252,0.32487714290618896,2.049126386642456
1,253,0.3515602648258209,1.9041104316711426
1,254,0.16806691884994507,13.825407028198242
1,255,0.5997852683067322,23.310148239135742
1,256,0.2676856815814972,2.3691656589508057
1,257,0.04803420603275299,0.9751009345054626
1,258,0.04954928159713745,1.0281203985214233
1,259,0.2654496133327484,1.6378647089004517
1,260,0.26167333126068115,1.488555908203125
1,261,0.04189840331673622,0.911598801612854
1,262,0.034971971064805984,0.7639344930648804
1,263,0.03166407719254494,0.6954830884933472
1,264,0.7880620956420898,4.765054702758789
1,265,0.024551518261432648,0.5480057001113892
1,266,0.28595253825187683,1.7267467975616455
1,267,0.3090874254703522,1.5958905220031738
1,268,0.02074328437447548,0.5046119689941406
1,269,0.49618613719940186,22.448741912841797
1,270,0.02331281639635563,0.5595017075538635
1,271,0.6607693433761597,3.2144179344177246
1,272,0.5375343561172485,3.7794063091278076
1,273,0.3849710524082184,2.047657012939453
1,274,0.02264275588095188,0.5907367467880249
1,275,0.3712877035140991,1.975010633468628
1,276,0.03598698601126671,2.6280195713043213
1,277,0.30777230858802795,20.942819595336914
1,278,0.3638932406902313,2.285658836364746
1,279,0.2964978814125061,3.4425697326660156
1,280,0.02141590230166912,0.4724666476249695
1,281,0.0261322483420372,0.5743653178215027
1,282,0.3189929127693176,1.6777502298355103
1,283,0.03140144795179367,1.8117314577102661
1,284,0.025939052924513817,0.6381754875183105
1,285,0.3215672969818115,1.9683579206466675
1,286,0.0340505950152874,1.3089231252670288
1,287,0.02737800031900406,0.8991962671279907
1,288,0.023080263286828995,0.5178923606872559
1,289,0.018727246671915054,0.4002499282360077
1,290,0.1367514729499817,44.33266830444336
1,291,0.011971820145845413,0.24661175906658173
1,292,0.011680388823151588,0.2540721595287323
1,293,0.47601449489593506,21.17241668701172
1,294,0.6975255608558655,3.2766263484954834
1,295,0.3328586220741272,2.0540740489959717
1,296,0.36187124252319336,1.9554622173309326
1,297,0.011599102057516575,0.28846412897109985
1,298,0.3381989300251007,2.6161301136016846
1,299,0.012015354819595814,0.24761180579662323
1,300,0.3454093039035797,1.9180190563201904
1,301,0.022147417068481445,1.7621229887008667
1,302,0.015032199211418629,0.3254692256450653
1,303,0.31370866298675537,1.8610868453979492
1,304,0.2976170778274536,1.741050362586975
1,305,0.027318870648741722,3.032038688659668
1,306,0.02807091921567917,0.7778746485710144
1,307,0.35467150807380676,1.8058515787124634
1,308,0.320639967918396,2.204205274581909
1,309,0.29232537746429443,2.0655272006988525
1,310,0.0383998341858387,1.0746996402740479
1,311,0.26593053340911865,1.8709170818328857
1,312,0.8527113199234009,4.150181770324707
1,313,0.517568826675415,4.140397548675537
1,314,0.3458815813064575,26.99131965637207
1,315,0.24894727766513824,1.3414734601974487
1,316,0.26082584261894226,1.4636845588684082
1,317,0.3409945070743561,1.6066879034042358
1,318,0.07996028661727905,1.8392478227615356
1,319,0.08449632674455643,1.8381479978561401
1,320,0.26742950081825256,1.3326301574707031
1,321,0.15203459560871124,29.012283325195312
1,322,0.05831640586256981,1.171109914779663
1,323,0.04843055084347725,0.9694816470146179
1,324,0.32998159527778625,1.7138793468475342
1,325,0.3008369505405426,1.5036650896072388
1,326,0.029442572966217995,0.6524522304534912
1,327,0.02284378744661808,0.5277590751647949
1,328,0.2623399794101715,3.0640995502471924
1,329,0.2960337698459625,1.9365581274032593
1,330,0.34372958540916443,1.8528908491134644
1,331,0.016527555882930756,0.4437774419784546
1,332,0.29442548751831055,2.001246452331543
1,333,0.5865311622619629,3.3285603523254395
1,334,0.024290328845381737,0.8158953785896301
1,335,0.02319812774658203,0.7032955288887024
1,336,0.02360706590116024,0.7278816103935242
1,337,0.021586626768112183,0.6407260894775391
1,338,0.01654147170484066,0.4275275468826294
1,339,0.36227354407310486,32.915443420410156
1,340,0.3681116998195648,1.8992477655410767
1,341,0.3376111388206482,1.996219277381897
1,342,0.3425573408603668,2.123908519744873
1,343,0.014114061370491982,0.34346818923950195
1,344,0.17298182845115662,24.02582359313965
1,345,0.6562063097953796,8.3151273727417
1,346,0.017220458015799522,0.7581987977027893
1,347,0.3359769880771637,1.8059061765670776
1,348,0.6356447339057922,19.714391708374023
1,349,0.02478504367172718,0.609653651714325
1,350,0.5298147201538086,16.12449073791504
1,351,0.025321397930383682,0.5986033082008362
1,352,0.028916778042912483,3.68090558052063
1,353,0.04017571359872818,13.194695472717285
1,354,0.2934489846229553,2.3401026725769043
1,355,0.019845297560095787,0.4982297420501709
1,356,0.026330633088946342,0.7684504389762878
1,357,0.020350703969597816,0.49464312195777893
1,358,0.01879069209098816,0.46619588136672974
1,359,0.8891029357910156,6.4280805587768555
1,360,0.012631818652153015,0.2963610291481018
1,361,0.32339367270469666,1.819514274597168
1,362,0.6099246144294739,4.452502250671387
1,363,0.013688236474990845,0.33889830112457275
1,364,0.012358143925666809,0.3022999167442322
1,365,0.012918640859425068,0.33298325538635254
1,366,0.013104196637868881,0.34399423003196716
1,367,0.010370370000600815,0.23547708988189697
1,368,0.349734365940094,2.00406813621521
1,369,0.010749940760433674,0.2857908606529236
1,370,0.35590898990631104,1.904606580734253
1,371,0.2504265308380127,8.539872169494629
1,372,0.012077919207513332,0.3406991958618164
1,373,0.011242876760661602,0.27738675475120544
1,374,0.6652559041976929,3.399496078491211
1,375,0.3101043403148651,1.9806561470031738
1,376,0.015494560822844505,0.39455628395080566
1,377,0.014797290787100792,0.3823293447494507
1,378,0.3567711114883423,22.86294937133789
1,379,0.75925612449646,9.875329971313477
1,380,0.27416613698005676,3.40576171875
1,381,0.019254086539149284,0.505123496055603
1,382,0.8960056900978088,4.764980316162109
1,383,0.018699003383517265,0.4203660190105438
1,384,0.28040772676467896,1.7005698680877686
1,385,0.03637175261974335,3.7844831943511963
1,386,0.022714968770742416,0.575031578540802
1,387,0.2997981309890747,1.5259653329849243
1,388,0.28765061497688293,1.5334280729293823
1,389,0.31685131788253784,1.5711466073989868
1,390,0.2786794900894165,1.213332176208496
1,391,0.30934661626815796,1.6041640043258667
1,392,0.25606659054756165,1.1833481788635254
1,393,0.3469022512435913,1.6136598587036133
1,394,0.06713584065437317,1.6811432838439941
1,395,0.25655803084373474,1.737273097038269
1,396,0.071322001516819,1.654415249824524
1,397,0.4730871915817261,2.5025715827941895
1,398,0.28782030940055847,1.341694951057434
1,399,0.24182847142219543,2.4242146015167236
1,400,0.060321033000946045,1.170306921005249
1,401,0.5085795521736145,2.6854965686798096
1,402,0.4467558264732361,2.2547783851623535
1,403,0.31477630138397217,1.4469469785690308
1,404,0.45625847578048706,4.023087978363037
1,405,0.32561880350112915,2.0052084922790527
1,406,0.08681108802556992,2.0399928092956543
1,407,0.3292476534843445,5.5151591300964355
1,408,0.3302944600582123,1.8786592483520508
1,409,0.06960836052894592,1.4768970012664795
1,410,0.04960577189922333,1.0364859104156494
1,411,0.07489427179098129,14.84921932220459
1,412,0.49438875913619995,2.6777539253234863
1,413,0.029826227575540543,0.6168042421340942
1,414,0.03862573951482773,0.8462957739830017
1,415,0.6093854308128357,3.624187707901001
1,416,0.02362165041267872,0.5418243408203125
1,417,0.05807547643780708,27.82076072692871
1,418,0.29006069898605347,2.1075332164764404
1,419,0.42201805114746094,41.638587951660156
1,420,0.29053568840026855,2.0028371810913086
1,421,0.07072855532169342,23.663475036621094
1,422,0.024738745763897896,0.6285467743873596
1,423,0.2715149521827698,2.056973934173584
1,424,0.17965616285800934,22.518478393554688
1,425,0.4347848892211914,1.8633123636245728
1,426,0.8727241158485413,14.11095905303955
1,427,0.021320447325706482,0.5726462006568909
1,428,0.518169105052948,18.75954246520996
1,429,0.6992174983024597,5.170284271240234
1,430,0.01741020753979683,0.4030825197696686
1,431,0.02284960076212883,0.5796759724617004
1,432,0.27889806032180786,1.6084942817687988
1,433,0.018831593915820122,0.46374934911727905
1,434,0.018678290769457817,0.4369836449623108
1,435,0.31101706624031067,4.019052028656006
1,436,0.016105186194181442,0.37722301483154297
1,437,0.018097111955285072,0.42172831296920776
1,438,0.3079186677932739,1.6373121738433838
1,439,0.35153013467788696,1.9141855239868164
1,440,0.31103718280792236,1.6968985795974731
1,441,0.2918010652065277,1.5391710996627808
1,442,0.2688804864883423,1.6076366901397705
1,443,0.5516071915626526,2.723611831665039
1,444,0.03651397302746773,0.9849708080291748
1,445,0.6934080719947815,13.059367179870605
1,446,0.31041914224624634,3.167733907699585
1,447,0.04785696789622307,1.3215527534484863
1,448,0.5547621846199036,15.014748573303223
1,449,0.26351219415664673,0.9233383536338806
1,450,0.05476173013448715,1.279174566268921
1,451,0.0644506961107254,1.46299147605896
1,452,0.25872424244880676,1.1307017803192139
1,453,0.042478132992982864,1.0035645961761475
1,454,0.2831073999404907,2.648237705230713
1,455,0.2603468894958496,1.5647860765457153
1,456,0.040478676557540894,2.088987112045288
1,457,0.3364443778991699,1.8384488821029663
1,458,0.2324938029050827,11.167146682739258
1,459,0.30099064111709595,1.9573310613632202
1,460,0.030038563534617424,0.5946894884109497
1,461,0.03172295168042183,0.6298670768737793
1,462,0.029670437797904015,0.6562785506248474
1,463,0.2927677631378174,1.9552688598632812
1,464,0.02469625510275364,0.56307053565979
1,465,0.5915930867195129,3.486982822418213
1,466,0.32963019609451294,2.0754921436309814
1,467,0.31391480565071106,2.3904619216918945
1,468,0.019242776557803154,0.46257564425468445
1,469,0.019750036299228668,0.46874967217445374
1,470,0.2944784164428711,2.2364282608032227
1,471,0.26201462745666504,1.998286247253418
1,472,0.8738673329353333,5.8986382484436035
1,473,0.27989163994789124,1.6072804927825928
1,474,0.0342472642660141,0.9518340229988098
1,475,0.5639938116073608,3.967789888381958
1,476,0.03205651789903641,1.5377675294876099
1,477,0.526749312877655,5.5185041427612305
1,478,0.24219971895217896,1.530226230621338
1,479,0.043769653886556625,1.3045623302459717
1,480,0.03875983878970146,1.0542093515396118
1,481,0.5480860471725464,3.4506115913391113
1,482,0.7632378339767456,9.189047813415527
1,483,0.3137982189655304,3.4735193252563477
1,484,0.04024809971451759,0.8444079160690308
1,485,0.47519585490226746,39.11444854736328
1,486,0.3250509202480316,13.781403541564941
1,487,0.05300040915608406,8.733804702758789
1,488,0.0313672199845314,0.6205281019210815
1,489,0.3160504996776581,2.505296468734741
1,490,0.33472782373428345,7.5257649421691895
1,491,0.5157361030578613,3.1392242908477783
1,492,0.19603224098682404,10.969476699829102
1,493,0.30907541513442993,3.3297786712646484
1,494,0.03391410410404205,0.7521070837974548
1,495,0.032588258385658264,0.8076121807098389
1,496,0.05371665209531784,8.878472328186035
1,497,0.309825599193573,6.138874530792236
1,498,0.039061594754457474,8.070066452026367
1,499,0.02783052809536457,1.0806025266647339
1,500,0.34630414843559265,1.6977179050445557
1,501,0.02371377684175968,0.5402030348777771
1,502,0.8254404067993164,4.859616279602051
1,503,0.020720206201076508,1.1911314725875854
1,504,0.021456880494952202,0.5046243667602539
1,505,0.3127382695674896,10.334246635437012
1,506,0.31986165046691895,1.814483404159546
1,507,0.8000970482826233,5.492769718170166
1,508,0.02391626313328743,0.6250510215759277
1,509,0.3051397502422333,2.0168850421905518
1,510,0.3066805303096771,1.6337233781814575
1,511,0.02340235561132431,0.6086134910583496
1,512,0.24189306795597076,2.5043985843658447
1,513,0.2533022165298462,3.3050479888916016
1,514,0.05928729102015495,14.553003311157227
1,515,0.03432104364037514,0.9178838729858398
1,516,0.09973041713237762,26.121397018432617
1,517,0.37703219056129456,9.795668601989746
1,518,0.05888029560446739,2.63785982131958
1,519,0.030400943011045456,0.7445220947265625
1,520,0.04096616432070732,1.0863226652145386
1,521,0.5997733473777771,4.784000396728516
1,522,0.06780475378036499,18.356874465942383
1,523,0.355818510055542,2.038200855255127
1,524,0.24553966522216797,9.522149085998535
1,525,1.0561621189117432,15.556353569030762
1,526,0.017811164259910583,0.36867427825927734
1,527,0.3050786256790161,1.7229841947555542
1,528,0.5275258421897888,14.470999717712402
1,529,0.5958336591720581,3.6053035259246826
1,530,0.10543281584978104,20.611072540283203
1,531,0.26378333568573,4.966204643249512
1,532,0.031184609979391098,1.1049526929855347
1,533,0.03869973495602608,1.4402008056640625
1,534,0.1730925440788269,27.838207244873047
1,535,0.13332940638065338,50.79559326171875
1,536,0.09836848825216293,33.078800201416016
1,537,0.023353716358542442,0.7473516464233398
1,538,0.028652120381593704,2.7044880390167236
1,539,0.5415238738059998,8.541692733764648
1,540,0.23588235676288605,9.671065330505371
1,541,0.01868973858654499,0.4987630546092987
1,542,0.41339653730392456,22.47965431213379
1,543,0.22878889739513397,14.601897239685059
1,544,0.6029319763183594,4.232490539550781
1,545,0.01556591410189867,0.34465765953063965
1,546,0.3274431526660919,1.9690176248550415
1,547,0.016926292330026627,0.43595147132873535
1,548,0.24148790538311005,11.180537223815918
1,549,0.018125737085938454,0.5692699551582336
1,550,0.824948251247406,17.34055519104004
1,551,0.32771414518356323,1.8753478527069092
1,552,0.10009242594242096,32.82109069824219
1,553,0.3182481825351715,4.474621772766113
1,554,0.53305983543396,6.983159065246582
1,555,0.019452370703220367,0.484590083360672
1,556,0.308310329914093,1.7879647016525269
1,557,0.020903535187244415,0.5169875621795654
1,558,0.11675362288951874,26.06904411315918
1,559,0.31998857855796814,1.6353352069854736
1,560,0.024964233860373497,1.0104153156280518
1,561,0.8248737454414368,5.220104694366455
1,562,0.03069336898624897,1.2891969680786133
1,563,0.08603234589099884,29.49232292175293
1,564,0.02591182291507721,0.6706706881523132
1,565,0.02195104956626892,0.6379733085632324
1,566,0.026693716645240784,0.7350081205368042
1,567,0.5643169283866882,3.0545339584350586
1,568,0.31050026416778564,1.9081169366836548
1,569,0.020895417779684067,0.5036947727203369
1,570,0.5863868594169617,3.216097354888916
1,571,0.02131487801671028,1.5128461122512817
1,572,0.01887001283466816,0.47516560554504395
1,573,0.3492432236671448,16.41063117980957
1,574,0.018979698419570923,0.41238638758659363
1,575,0.019894327968358994,0.504745602607727
1,576,0.49446338415145874,12.76099967956543
1,577,0.18917301297187805,19.246227264404297
1,578,0.3118916451931,2.298218250274658
1,579,0.015344420447945595,0.32770270109176636
1,580,0.017818428575992584,0.4048042893409729
1,581,0.24425798654556274,6.657739639282227
1,582,0.013392261229455471,0.30067646503448486
1,583,0.015111763030290604,0.39092758297920227
1,584,0.015388295985758305,0.4652112126350403
1,585,0.019387084990739822,1.672764778137207
1,586,0.013777042739093304,0.3882405757904053
1,587,0.07286346703767776,28.72308921813965
1,588,0.9689919352531433,7.161137104034424
1,589,0.009793393313884735,0.22900012135505676
1,590,1.0669158697128296,5.234336853027344
1,591,0.4980199337005615,22.835538864135742
1,592,1.3883529901504517,8.523174285888672
1,593,0.009484096430242062,0.2759447693824768
1,594,0.010054529644548893,0.23164939880371094
1,595,0.009234367869794369,0.2474052608013153
1,596,0.007946191355586052,0.16662167012691498
1,597,0.30819573998451233,3.4613888263702393
1,598,0.6772884130477905,4.524923324584961
1,599,0.6465010046958923,4.587222099304199
1,600,0.3812001049518585,1.969826579093933
1,601,0.315938800573349,1.967960000038147
1,602,0.33125635981559753,1.9803762435913086
1,603,0.024184061214327812,2.7059898376464844
1,604,0.3419334590435028,10.739374160766602
1,605,0.03357904404401779,1.451319694519043
1,606,0.30514267086982727,2.1013295650482178
1,607,0.035699404776096344,1.1143933534622192
1,608,0.05233617499470711,2.765228271484375
1,609,0.15349186956882477,15.476628303527832
1,610,0.035335712134838104,0.9104487895965576
1,611,0.03413575887680054,0.9342039227485657
1,612,0.022313162684440613,0.5147711038589478
1,613,0.23128587007522583,15.574548721313477
1,614,0.019617363810539246,0.4292360246181488
1,615,0.3019046485424042,1.7967039346694946
1,616,0.017451146617531776,0.3448471426963806
1,617,0.016312187537550926,0.3623362183570862
1,618,0.026061629876494408,6.366748809814453
1,619,0.017525622621178627,0.5605345964431763
2,0,0.012597598135471344,0.25199100375175476
2,1,0.012872936204075813,0.2704578638076782
2,2,0.5717930197715759,20.64889907836914
2,3,0.37327831983566284,1.9555693864822388
2,4,0.394949346780777,3.413769483566284
2,5,0.009087066166102886,0.1888175755739212
2,6,0.009350430220365524,0.20349103212356567
2,7,0.3655831813812256,2.052748441696167
2,8,0.01006122212857008,0.21644361317157745
2,9,0.009216299280524254,0.1821533739566803
2,10,0.3479054868221283,1.977805256843567
2,11,0.009332521818578243,0.18344971537590027
2,12,0.3280333876609802,1.832516074180603
2,13,0.009556693956255913,0.21255682408809662
2,14,0.013979854062199593,0.36809131503105164
2,15,0.018488001078367233,2.5446271896362305
2,16,0.22860337793827057,13.750622749328613
2,17,0.018464071676135063,0.5325025320053101
2,18,0.02234499342739582,3.1642916202545166
2,19,0.019422829151153564,0.5574700832366943
2,20,0.3875337243080139,2.6466307640075684
2,21,0.2713392972946167,17.714309692382812
2,22,0.014573585242033005,0.36131611466407776
2,23,0.7690684199333191,4.546938896179199
2,24,0.011272910982370377,0.2558888792991638
2,25,0.011875873431563377,0.2912123501300812
2,26,0.04105302691459656,18.72557830810547
2,27,0.28720951080322266,1.6357966661453247
2,28,0.14786119759082794,26.209705352783203
2,29,0.012458733282983303,0.4324100911617279
2,30,0.3785718083381653,2.1639606952667236
2,31,0.013175193220376968,0.3079283535480499
2,32,0.013614787720143795,0.33237287402153015
2,33,0.34412631392478943,2.355275869369507
2,34,0.3238743841648102,1.839571237564087
2,35,0.31164976954460144,2.2077951431274414
2,36,0.01714005134999752,0.47630950808525085
2,37,0.2707049250602722,1.7432975769042969
2,38,0.01838577166199684,0.4621396064758301
2,39,0.022685179486870766,0.5872613787651062
2,40,0.2807958126068115,2.2816293239593506
2,41,0.02676897495985031,0.736477792263031
2,42,0.2601351737976074,10.867989540100098
2,43,0.3028339743614197,1.5876389741897583
2,44,0.026138482615351677,0.6329575181007385
2,45,0.02239351160824299,0.5315216183662415
2,46,0.022305648773908615,0.5196346044540405
2,47,0.26287904381752014,81.37054443359375
2,48,0.02256595343351364,0.5419386625289917
2,49,0.016596544533967972,0.35823705792427063
2,50,0.013273226097226143,0.2624090015888214
2,51,0.2845790386199951,1.988190770149231
2,52,0.33948662877082825,1.9936867952346802
2,53,0.013020186685025692,0.2896515429019928
2,54,0.012662436813116074,0.2666071951389313
2,55,0.309626042842865,1.8155490159988403
2,56,0.30718323588371277,4.389644622802734
2,57,0.7436573505401611,21.01329803466797
2,58,0.015549808740615845,0.3491639196872711
2,59,0.26788297295570374,3.2678091526031494
2,60,0.017578110098838806,0.4590943455696106
2,61,0.6720378994941711,3.9553990364074707
2,62,0.014324580319225788,0.35738083720207214
2,63,0.016844505444169044,0.5091637969017029
2,64,0.021281274035573006,1.023311734199524
2,65,0.26067715883255005,2.0308730602264404
2,66,0.10725755244493484,47.80430603027344
2,67,0.014912182465195656,0.32679301500320435
2,68,0.013579489663243294,0.34457579255104065
2,69,0.015138541348278522,0.3967937231063843
2,70,0.3200340270996094,34.47214126586914
2,71,0.01463017612695694,0.40784671902656555
2,72,0.014098181389272213,0.37402966618537903
2,73,0.011186427436769009,0.2388957440853119
2,74,0.013578996062278748,1.0425835847854614
2,75,0.008712764829397202,0.25394898653030396
2,76,0.3753316104412079,5.213883399963379
2,77,0.3025782108306885,3.2075343132019043
2,78,0.006769429426640272,0.12942662835121155
2,79,0.006190289743244648,0.1223493292927742
2,80,0.7325841784477234,6.461273670196533
2,81,0.334188848733902,2.05771541595459
2,82,0.016882052645087242,10.866676330566406
2,83,0.6729080677032471,3.8393399715423584
2,84,0.4020957052707672,38.92665481567383
2,85,0.008198989555239677,0.18053749203681946
2,86,0.00919128768146038,0.20721475780010223
2,87,0.6330298781394958,7.961303234100342
2,88,0.04087413474917412,27.16863441467285
2,89,0.26497504115104675,15.536585807800293
2,90,0.014747854322195053,0.4539095163345337
2,91,0.298726886510849,3.00087571144104
2,92,0.8298239707946777,47.55955505371094
2,93,0.9274923205375671,48.53029251098633
2,94,0.019090954214334488,1.4013601541519165
2,95,0.021212223917245865,0.793886661529541
2,96,0.3272210657596588,3.227506160736084
2,97,0.016241248697042465,0.41452261805534363
2,98,0.01774495840072632,0.45890527963638306
2,99,0.015047846361994743,0.3836776614189148
2,100,0.0123075470328331,0.3094575107097626
2,101,0.028741398826241493,7.367454528808594
2,102,0.5287258625030518,37.68138885498047
2,103,0.3597581684589386,2.2645576000213623
2,104,0.009786555543541908,0.2570649981498718
2,105,0.33470994234085083,2.141258716583252
2,106,0.3144766390323639,2.3019351959228516
2,107,0.7094870209693909,3.2456977367401123
2,108,0.040748514235019684,20.56106185913086
2,109,0.328011691570282,1.8078066110610962
2,110,0.019966429099440575,2.5807178020477295
2,111,0.01765621080994606,0.7325881719589233
2,112,0.1846024990081787,21.31492805480957
2,113,0.023327892646193504,0.600974440574646
2,114,0.021824093535542488,0.5665683746337891
2,115,0.02235419489443302,0.5682253241539001
2,116,0.30640941858291626,1.6521368026733398
2,117,0.5651952624320984,3.409428119659424
2,118,0.2910277247428894,1.5540251731872559
2,119,0.4989379942417145,10.666840553283691
2,120,0.027864735573530197,0.6850488185882568
2,121,0.2364073097705841,43.98572540283203
2,122,0.03993308171629906,1.7990388870239258
2,123,0.30921483039855957,2.710294008255005
2,124,0.410971999168396,15.240270614624023
2,125,0.03303216025233269,0.7738156914710999
2,126,0.030931903049349785,0.7245247960090637
2,127,0.29974979162216187,1.6925978660583496
2,128,0.34933432936668396,8.145170211791992
2,129,0.024814629927277565,0.5607365965843201
2,130,0.2673688530921936,1.6825566291809082
2,131,0.020113607868552208,0.42546704411506653
2,132,0.022196238860487938,0.48866021633148193
2,133,0.01945987530052662,0.43034765124320984
2,134,0.2695579528808594,1.9302597045898438
2,135,0.01958279125392437,0.4396171271800995
2,136,0.01569540984928608,0.35995543003082275
2,137,0.016626005992293358,1.4108387231826782
2,138,0.014658144675195217,0.35518497228622437
2,139,0.012162329629063606,0.2517552673816681
2,140,0.285663366317749,1.9493006467819214
2,141,0.6864215135574341,3.451291561126709
2,142,0.011316251009702682,0.2754000127315521
2,143,0.011557050049304962,0.26501205563545227
2,144,0.3834678828716278,2.1166234016418457
2,145,0.010155843570828438,0.2307538390159607
2,146,0.7559224367141724,58.46770095825195
2,147,0.8836308121681213,30.72195816040039
2,148,0.010234395042061806,0.251017302274704
2,149,0.6454153656959534,14.280926704406738
2,150,0.3736005127429962,1.9722445011138916
2,151,0.33618658781051636,2.0186357498168945
2,152,0.013167256489396095,0.35001322627067566
2,153,0.012191868387162685,0.2718719244003296
2,154,0.8804706931114197,5.251835823059082
2,155,0.015706738457083702,0.42932549118995667
2,156,0.017477497458457947,1.281553030014038
2,157,0.0178059134632349,0.4457610249519348
2,158,0.6576178669929504,3.606004238128662
2,159,0.6281644105911255,3.63655686378479
2,160,0.023204604163765907,0.6167870163917542
2,161,0.0207513514906168,0.5331913232803345
2,162,0.021300548687577248,0.5156325101852417
2,163,0.3281666040420532,1.8862667083740234
2,164,0.017510902136564255,0.4104155898094177
2,165,0.2933986783027649,1.9047261476516724
2,166,0.017702504992485046,0.39639678597450256
2,167,0.01818971522152424,0.43807387351989746
2,168,0.29001468420028687,1.7104614973068237
2,169,0.8882694840431213,4.430558681488037
2,170,0.02089824341237545,0.4844343960285187
2,171,0.2955659329891205,1.7371337413787842
2,172,0.5612298846244812,3.2984836101531982
2,173,0.11912384629249573,38.827632904052734
2,174,0.23390361666679382,2.1673877239227295
2,175,0.7310709357261658,8.578692436218262
2,176,0.5447863340377808,37.629371643066406
2,177,0.038088176399469376,0.9046128392219543
2,178,0.35326412320137024,1.9721949100494385
2,179,0.05423102527856827,1.2422560453414917
2,180,0.3228614628314972,8.408612251281738
2,181,0.37444373965263367,26.742462158203125
2,182,0.5654845237731934,5.271561622619629
2,183,0.36519762873649597,46.45167541503906
2,184,0.29509100317955017,1.587283730506897
2,185,0.050930339843034744,1.1181211471557617
2,186,0.04462415724992752,1.2224464416503906
2,187,0.2569189965724945,1.1915364265441895
2,188,0.03244554623961449,0.6910455226898193
2,189,0.5369285345077515,2.4143712520599365
2,190,0.527363657951355,11.232154846191406
2,191,0.034386470913887024,0.7281072735786438
2,192,0.02827863022685051,0.6132677793502808
2,193,0.02506396919488907,0.5464069843292236
2,194,0.18243460357189178,5.270608901977539
2,195,0.2615880072116852,1.4714514017105103
2,196,0.017826972529292107,0.3792506158351898
2,197,0.344253808259964,1.87545645236969
2,198,0.019883988425135612,0.4421072006225586
2,199,0.01684110425412655,0.39302465319633484
2,200,0.2751152515411377,1.5796732902526855
2,201,0.12455619871616364,25.141071319580078
2,202,0.022397616878151894,0.5390937924385071
2,203,0.6104057431221008,10.619550704956055
2,204,0.3467046916484833,4.361740589141846
2,205,0.6862609386444092,3.9454922676086426
2,206,0.01508970744907856,0.35728511214256287
2,207,0.32043951749801636,2.238954544067383
2,208,0.30134689807891846,6.114160060882568
2,209,0.016643524169921875,0.40181800723075867
2,210,0.017364412546157837,0.4381585717201233
2,211,0.7382302284240723,37.30036163330078
2,212,0.26128125190734863,2.1615920066833496
2,213,0.5529295802116394,3.190107583999634
2,214,0.06985998898744583,22.971479415893555
2,215,0.023314516991376877,0.5712026953697205
2,216,0.7938151955604553,63.058738708496094
2,217,0.36173421144485474,8.3212251663208
2,218,0.36909428238868713,16.474090576171875
2,219,0.3001503050327301,1.7379734516143799
2,220,0.02260892279446125,0.5574134588241577
2,221,0.025111738592386246,0.6445164680480957
2,222,0.03694097325205803,2.153003215789795
2,223,0.022883623838424683,0.5447466969490051
2,224,0.01853402890264988,0.48440638184547424
2,225,0.020224912092089653,1.1615008115768433
2,226,0.6006486415863037,3.197869300842285
2,227,0.0153779536485672,0.36098164319992065
2,228,0.015985213220119476,0.35826370120048523
2,229,0.07940944284200668,28.524560928344727
2,230,0.012137542478740215,0.26867443323135376
2,231,0.32099610567092896,1.8184195756912231
2,232,0.013714737258851528,0.32090023159980774
2,233,0.2801952064037323,3.423081636428833
2,234,0.7145479321479797,3.4019057750701904
2,235,0.3094605803489685,2.0060207843780518
2,236,0.3315350413322449,2.086057662963867
2,237,0.3536372184753418,2.0303690433502197
2,238,0.29672500491142273,2.21472430229187
2,239,0.7794589996337891,4.670715808868408
2,240,0.31882256269454956,1.946231484413147
2,241,0.040681663900613785,1.0312857627868652
2,242,0.27326446771621704,25.271743774414062
2,243,0.46171480417251587,9.54118537902832
2,244,0.05579415336251259,1.4065876007080078
2,245,0.0541158989071846,1.3965303897857666
2,246,0.263632208108902,4.646065711975098
2,247,0.04554634541273117,0.9771796464920044
2,248,0.3207762539386749,1.9401100873947144
2,249,0.04489363729953766,1.2753454446792603
2,250,0.05015680193901062,3.716507911682129
2,251,0.7255661487579346,3.847242832183838
2,252,0.3246886730194092,1.4953402280807495
2,253,0.031175952404737473,0.6602373123168945
2,254,0.030977722257375717,0.6539087295532227
2,255,0.1571567803621292,21.118526458740234
2,256,0.02372371032834053,0.46858248114585876
2,257,0.3120597302913666,1.957713007926941
2,258,0.4765850603580475,3.2434966564178467
2,259,0.5213443040847778,2.9163262844085693
2,260,0.020844267681241035,0.46880078315734863
2,261,0.2348814308643341,1.470942735671997
2,262,0.42207735776901245,41.631473541259766
2,263,0.3352774977684021,1.5847845077514648
2,264,0.2853285074234009,2.0264647006988525
2,265,0.300881952047348,1.4504354000091553
2,266,0.034537628293037415,0.8297778367996216
2,267,0.5121034383773804,3.245783567428589
2,268,0.048624034970998764,1.412473201751709
2,269,0.5503968596458435,2.947465181350708
2,270,0.4937332272529602,2.6889545917510986
2,271,0.6254044771194458,56.569087982177734
2,272,0.2622811496257782,1.4962369203567505
2,273,0.05438564345240593,2.540029287338257
2,274,0.06411218643188477,1.6173913478851318
2,275,0.1509791910648346,24.236459732055664
2,276,0.05736521631479263,1.3089563846588135
2,277,0.05489255487918854,1.2562479972839355
2,278,0.27986565232276917,2.2943177223205566
2,279,0.42076557874679565,10.82722282409668
2,280,0.2733660340309143,1.5697063207626343
2,281,0.28615742921829224,1.7895786762237549
2,282,0.03356130048632622,0.7239958643913269
2,283,0.03969379514455795,0.9000011682510376
2,284,0.6830800175666809,10.53599739074707
2,285,0.030726943165063858,0.7158971428871155
2,286,0.02114696614444256,0.5053952932357788
2,287,0.28534919023513794,7.991905689239502
2,288,0.014908559620380402,0.3760128617286682
2,289,0.31273913383483887,5.1693854331970215
2,290,0.2635580897331238,7.473028182983398
2,291,0.210475891828537,62.37071990966797
2,292,0.010345342569053173,0.2587478458881378
2,293,0.33488407731056213,2.2943801879882812
2,294,0.35761404037475586,2.2317392826080322
2,295,0.3536130487918854,2.0307862758636475
2,296,0.26358988881111145,8.032906532287598
2,297,0.010333814658224583,0.25820958614349365
2,298,0.3335348665714264,2.079606294631958
2,299,0.013636271469295025,0.3900924026966095
2,300,0.6078396439552307,3.5406837463378906
2,301,0.36062029004096985,42.98490905761719
2,302,0.5522595047950745,5.125975131988525
2,303,0.360261470079422,1.6534510850906372
2,304,0.2157459259033203,7.820923328399658
2,305,0.4488908648490906,11.583151817321777
2,306,0.32788214087486267,1.373456597328186
2,307,0.04923490062355995,1.3293652534484863
2,308,0.7861707210540771,3.754040479660034
2,309,0.047982338815927505,1.4074152708053589
2,310,0.26640889048576355,1.5048460960388184
2,311,0.057030655443668365,1.462233543395996
2,312,0.4228464961051941,4.338619709014893
2,313,0.2888798713684082,2.7776026725769043
2,314,0.0705614686012268,1.8088104724884033
2,315,0.24744336307048798,1.3341712951660156
2,316,0.04817722737789154,0.9862514138221741
2,317,0.05943436920642853,1.3485833406448364
2,318,0.2648939788341522,1.33820378780365
2,319,0.29861411452293396,1.8657386302947998
2,320,0.32166990637779236,2.1758298873901367
2,321,0.33067893981933594,1.4435322284698486
2,322,0.03446686640381813,0.6960395574569702
2,323,0.20737378299236298,6.327163219451904
2,324,0.23438802361488342,11.407500267028809
2,325,0.30097052454948425,1.414609432220459
2,326,0.02738671936094761,0.6170358061790466
2,327,0.027331426739692688,0.6076488494873047
2,328,0.024869082495570183,0.5677820444107056
2,329,0.026699122041463852,0.6948144435882568
2,330,0.5758891105651855,3.1709678173065186
2,331,0.020475756376981735,0.4831192195415497
2,332,0.018130144104361534,0.4378907084465027
2,333,0.2332289069890976,5.950197219848633
2,334,0.3255034387111664,1.629256010055542
2,335,0.5913876891136169,4.385537147521973
2,336,0.01513137947767973,0.7893151640892029
2,337,0.014436810277402401,0.5839897990226746
2,338,0.015988880768418312,0.45473620295524597
2,339,0.019892025738954544,2.4728586673736572
2,340,0.013125441037118435,0.33417853713035583
2,341,0.3532162010669708,1.781490683555603
2,342,0.01189736369997263,0.3079668879508972
2,343,0.012227420695126057,0.32500723004341125
2,344,0.3613482713699341,2.329584836959839
2,345,0.682654082775116,3.4956305027008057
2,346,0.011343659833073616,0.30728617310523987
2,347,0.3123045265674591,2.1012816429138184
2,348,0.3248060643672943,1.8734086751937866
2,349,0.01632637530565262,0.4457399547100067
2,350,0.28577175736427307,4.244293689727783
2,351,0.018554428592324257,0.5045099258422852
2,352,0.01846231520175934,0.5006102919578552
2,353,0.6087494492530823,3.4449782371520996
2,354,0.02070547454059124,0.5420123934745789
2,355,0.315246045589447,2.6247360706329346
2,356,0.021180713549256325,0.5322913527488708
2,357,0.3001246750354767,1.4965587854385376
2,358,0.5482462644577026,4.638128280639648
2,359,0.2983158528804779,1.8284671306610107
2,360,0.2775733172893524,1.2878836393356323
2,361,0.03421420976519585,0.8201664686203003
2,362,0.038270581513643265,0.9048468470573425
2,363,0.038668833673000336,0.911231517791748
2,364,0.03683270886540413,0.8614723086357117
2,365,0.03513040393590927,0.7790091037750244
2,366,0.5169247388839722,2.9559359550476074
2,367,0.025037579238414764,0.5137349367141724
2,368,0.30073097348213196,1.61142897605896
2,369,0.5826132297515869,3.171963691711426
2,370,0.2918049395084381,2.032668113708496
2,371,0.8776161670684814,4.826782703399658
2,372,0.0264243446290493,0.5394158363342285
2,373,0.5268811583518982,7.411733150482178
2,374,0.3194761574268341,1.4789783954620361
2,375,0.033822137862443924,0.7384706139564514
2,376,0.2529369592666626,3.733349084854126
2,377,0.03415592759847641,0.738825798034668
2,378,0.4997631907463074,6.340170860290527
2,379,0.0361541286110878,0.7936776876449585
2,380,0.030130432918667793,0.6399284601211548
2,381,0.25437915325164795,3.925678014755249
2,382,0.2854686379432678,1.3826982975006104
2,383,0.025429904460906982,0.5491892695426941
2,384,0.5864729285240173,3.0293266773223877
2,385,0.02324426732957363,0.48652446269989014
2,386,0.25014838576316833,66.96400451660156
2,387,0.026979826390743256,0.6023059487342834
2,388,0.022898344323039055,0.5088901519775391
2,389,0.022320998832583427,0.509888231754303
2,390,0.01887216418981552,0.4119759500026703
2,391,0.019543146714568138,0.44053739309310913
2,392,0.015314697287976742,0.360502153635025
2,393,0.013659531250596046,0.31608158349990845
2,394,0.013274542056024075,0.31701287627220154
2,395,0.5494324564933777,7.6181721687316895
2,396,0.006939334329217672,0.14018091559410095
2,397,0.11673368513584137,73.32886505126953
2,398,0.006904931273311377,0.16187860071659088
2,399,0.005247422028332949,0.12813369929790497
2,400,0.006923268549144268,1.8583236932754517
2,401,0.3636170029640198,1.9316965341567993
2,402,0.4372406601905823,48.52433395385742
2,403,0.00431699026376009,0.091614730656147
2,404,0.6093259453773499,9.840681076049805
2,405,0.35485079884529114,2.512333393096924
2,406,0.00696977786719799,0.1939048320055008
2,407,0.005616326350718737,0.1477704644203186
2,408,0.00853173527866602,0.614700436592102
2,409,0.008538072928786278,1.4255446195602417
2,410,0.6827468872070312,6.185962677001953
2,411,0.38081321120262146,2.8629064559936523
2,412,0.020172011107206345,5.990851402282715
2,413,0.01188256498426199,1.5379828214645386
2,414,0.3249630630016327,3.4759929180145264
2,415,0.3316696584224701,2.4943039417266846
2,416,0.42122364044189453,2.967231512069702
2,417,0.3285748362541199,11.022480010986328
2,418,0.010516257956624031,0.31044119596481323
2,419,0.6878793835639954,5.971285343170166
2,420,0.8263125419616699,57.75160217285156
2,421,0.018312618136405945,3.292604446411133
2,422,0.3779345750808716,54.17736053466797
2,423,0.016115739941596985,0.463825523853302
2,424,1.0666166543960571,6.4170660972595215
2,425,0.2595471441745758,6.970278263092041
2,426,0.6550813317298889,3.1393179893493652
2,427,0.016475249081850052,0.4254383444786072
2,428,0.35293614864349365,2.4530351161956787
2,429,0.025446217507123947,1.7124112844467163
2,430,0.2903449833393097,2.0710086822509766
2,431,0.45554161071777344,14.208858489990234
2,432,0.2870842218399048,23.210254669189453
2,433,0.06349398195743561,8.959979057312012
2,434,0.03538895025849342,1.6523269414901733
2,435,0.03636707738041878,1.495580792427063
2,436,0.03214801475405693,0.7718778252601624
2,437,0.026526248082518578,0.6575829386711121
2,438,0.27674826979637146,1.8089739084243774
2,439,0.3686828911304474,32.90581130981445
2,440,0.018754884600639343,0.43193790316581726
2,441,0.33184611797332764,1.6443601846694946
2,442,0.3270794451236725,1.6946195363998413
2,443,0.23430538177490234,3.009856700897217
2,444,0.019865060225129128,0.428092360496521
2,445,0.5179886817932129,10.625147819519043
2,446,0.0208522267639637,1.4446523189544678
2,447,0.3117618262767792,1.5839790105819702
2,448,0.02042476087808609,1.7573484182357788
2,449,0.2585628926753998,2.3207974433898926
2,450,0.28464436531066895,1.5092285871505737
2,451,0.28648748993873596,1.5587066411972046
2,452,0.26932281255722046,1.564542531967163
2,453,0.031765542924404144,0.6816912889480591
2,454,0.2899572253227234,1.5455282926559448
2,455,0.3246428072452545,1.3559731245040894
2,456,0.24661795794963837,14.008159637451172
2,457,0.1011350005865097,25.670473098754883
2,458,0.28514936566352844,1.1933860778808594
2,459,0.4879012703895569,2.549684524536133
2,460,0.2129191905260086,1.627095341682434
2,461,0.4376201033592224,46.283905029296875
2,462,0.40526536107063293,19.7880916595459
2,463,0.10754392296075821,3.4565978050231934
2,464,0.09707444906234741,2.200282335281372
2,465,0.21625164151191711,4.169228553771973
2,466,0.1294185072183609,12.30419921875
2,467,0.07630099356174469,1.5638720989227295
2,468,0.3626486361026764,1.8997727632522583
2,469,0.060392946004867554,1.1280546188354492
2,470,0.0654526799917221,1.220310091972351
2,471,0.27109330892562866,1.1963586807250977
2,472,0.046830158680677414,0.8718379139900208
2,473,0.03179417550563812,0.5824823379516602
2,474,0.03225623816251755,0.6572176814079285
2,475,0.5664815902709961,2.908172845840454
2,476,0.6006650924682617,3.276596784591675
2,477,0.04320373386144638,24.140817642211914
2,478,0.09952105581760406,20.498666763305664
2,479,0.014340071007609367,0.30918508768081665
2,480,0.01314349565654993,0.30968520045280457
2,481,0.3212681710720062,1.9193083047866821
2,482,0.015323850326240063,1.1269862651824951
2,483,0.014759132638573647,1.1339112520217896
2,484,0.012216771952807903,0.31231576204299927
2,485,0.6145303249359131,3.5172159671783447
2,486,0.9474071860313416,5.516509532928467
2,487,0.45173847675323486,14.257424354553223
2,488,0.34902361035346985,1.8715263605117798
2,489,0.2951035499572754,1.561224102973938
2,490,0.032254140824079514,7.399933815002441
2,491,0.8336548805236816,5.02089786529541
2,492,0.03124781884253025,0.8658024072647095
2,493,1.107987403869629,17.846275329589844
2,494,0.05800933763384819,7.310036659240723
2,495,0.042898036539554596,1.2508634328842163
2,496,0.35754454135894775,15.7427339553833
2,497,0.32228875160217285,2.02168869972229
2,498,0.18972396850585938,19.04752540588379
2,499,0.11219131946563721,65.34264373779297
2,500,0.035229552537202835,0.8555401563644409
2,501,0.03317484259605408,0.7406408190727234
2,502,0.0237768292427063,0.513630747795105
2,503,0.02577364630997181,0.5443245768547058
2,504,0.3180721402168274,1.8373258113861084
2,505,0.021998494863510132,0.47854527831077576
2,506,0.3057944178581238,1.9601305723190308
2,507,0.01987961307168007,0.47710511088371277
2,508,0.020631996914744377,0.559515118598938
2,509,0.014999297447502613,0.3197951912879944
2,510,0.5781148672103882,6.914586544036865
2,511,0.01382959820330143,0.292502224445343
2,512,0.01913057081401348,3.635653257369995
2,513,0.014060954563319683,0.3723962604999542
2,514,0.009837077930569649,0.2151660919189453
2,515,0.6508325934410095,4.031826972961426
2,516,0.009102491661906242,0.2083580046892166
2,517,0.00959683209657669,0.23767399787902832
2,518,0.010788951069116592,0.2939477562904358
2,519,0.009204077534377575,0.23316922783851624
2,520,0.006872309371829033,0.2072141170501709
2,521,0.007572867441922426,0.1842065453529358
2,522,0.4794745147228241,43.137184143066406
2,523,0.368171364068985,2.289584159851074
2,524,0.008784225210547447,0.8296551704406738
2,525,0.40933191776275635,6.468813419342041
2,526,0.005467251408845186,0.13222603499889374
2,527,0.8191086649894714,4.03740930557251
2,528,0.007178629282861948,0.39566028118133545
2,529,0.3620428442955017,2.188748359680176
2,530,0.007062503136694431,0.4141114056110382
2,531,0.7352586984634399,4.880237579345703
2,532,0.008107521571218967,0.17210523784160614
2,533,0.009171158075332642,0.23013374209403992
2,534,0.009653204120695591,0.4989444315433502
2,535,0.6207639575004578,51.3623046875
2,536,0.34708869457244873,1.91163170337677
2,537,0.3446047902107239,2.1161043643951416
2,538,0.011682314798235893,0.28661447763442993
2,539,0.012074560858309269,0.27170059084892273
2,540,0.013905760832130909,1.0842012166976929
2,541,0.015414869412779808,0.816850483417511
2,542,0.01361026056110859,0.3345543444156647
2,543,0.321634441614151,1.859258770942688
2,544,0.0119445426389575,0.2811022698879242
2,545,0.013243933208286762,0.3380826413631439
2,546,0.3498110771179199,1.7412543296813965
2,547,0.013160294853150845,0.342650830745697
2,548,0.43579262495040894,23.882349014282227
2,549,0.01410473883152008,0.36007773876190186
2,550,0.3582765460014343,1.8843963146209717
2,551,0.013789146207273006,0.33882173895835876
2,552,0.013759543187916279,0.34516099095344543
2,553,0.24602010846138,10.766250610351562
2,554,0.014450914226472378,0.393879771232605
2,555,0.30822768807411194,1.6109226942062378
2,556,0.012576473876833916,0.2942444086074829
2,557,1.1604976654052734,60.99892044067383
2,558,0.6162146329879761,2.996673107147217
2,559,0.014203759841620922,0.34335145354270935
2,560,0.30408763885498047,1.7976176738739014
2,561,0.01792750135064125,0.39895641803741455
2,562,0.34654709696769714,1.7047700881958008
2,563,0.017679033800959587,0.39660459756851196
2,564,0.0203350018709898,0.4702329635620117
2,565,0.01938631571829319,0.4340434968471527
2,566,0.022642523050308228,0.544883131980896
2,567,0.023472247645258904,0.5845557451248169
2,568,0.2608388364315033,1.46168851852417
2,569,0.01971505768597126,0.4670175015926361
2,570,0.2767183482646942,2.0488028526306152
2,571,0.3434031009674072,30.53080177307129
2,572,0.019522204995155334,0.4482831358909607
2,573,0.016981063410639763,0.36884233355522156
2,574,0.23791471123695374,2.3059298992156982
2,575,0.01461875718086958,0.3247682750225067
2,576,0.015263676643371582,0.325515478849411
2,577,0.668068528175354,3.433948516845703
2,578,0.16341598331928253,18.639198303222656
2,579,0.015017179772257805,0.33595770597457886
2,580,0.7019187808036804,55.074363708496094
2,581,0.019703084602952003,0.9050161838531494
2,582,0.3482479453086853,1.779303789138794
2,583,0.29945656657218933,3.0540053844451904
2,584,0.019652782008051872,0.5526273250579834
2,585,0.016650155186653137,0.41003212332725525
2,586,0.015085871331393719,0.3882715106010437
2,587,0.016555676236748695,0.7566949129104614
2,588,0.595909059047699,12.267422676086426
2,589,0.2915612757205963,1.8132892847061157
2,590,0.23668865859508514,6.93518590927124
2,591,0.33446747064590454,1.657247543334961
2,592,0.16465744376182556,41.33857345581055
2,593,0.018359150737524033,0.4632366895675659
2,594,0.016027551144361496,0.4192673861980438
2,595,0.01637505553662777,0.41116735339164734
2,596,0.4464746117591858,50.061866760253906
2,597,0.5472091436386108,9.320667266845703
2,598,0.37955719232559204,1.7666733264923096
2,599,0.3129434585571289,1.5961077213287354
2,600,0.016466278582811356,0.3953436315059662
2,601,0.35899874567985535,1.7884587049484253
2,602,0.32666605710983276,1.5316452980041504
2,603,0.02224988117814064,0.563138484954834
2,604,0.353653222322464,1.5921361446380615
2,605,0.3168591260910034,3.5546157360076904
2,606,0.7974462509155273,3.6461448669433594
2,607,0.2603887915611267,1.3779335021972656
2,608,0.03863557055592537,0.9770596623420715
2,609,0.2869512736797333,1.3174457550048828
2,610,0.07711401581764221,32.030147552490234
2,611,0.04097172990441322,0.9553049802780151
2,612,0.2559007406234741,1.2784905433654785
2,613,0.053035154938697815,1.193014144897461
2,614,0.3060688078403473,11.754843711853027
2,615,0.25870946049690247,1.3753337860107422
2,616,0.2428474873304367,1.2308241128921509
2,617,0.04772590100765228,0.9087018966674805
2,618,0.047994598746299744,0.9158419966697693
2,619,0.041519567370414734,0.8346806764602661
3,0,0.09061574190855026,35.8265380859375
3,1,0.030524015426635742,0.5664892196655273
3,2,0.02548186294734478,0.49953988194465637
3,3,0.02667360007762909,0.5309574007987976
3,4,0.01980876363813877,0.40088194608688354
3,5,0.6859726905822754,3.244243621826172
3,6,0.013858666643500328,0.2880772352218628
3,7,0.011374909430742264,0.4095092713832855
3,8,0.01177982147783041,1.7343608140945435
3,9,0.009282153099775314,0.28731149435043335
3,10,0.006553348153829575,0.1391298621892929
3,11,0.006322100292891264,0.12815150618553162
3,12,0.005298139527440071,0.11370795965194702
3,13,0.3483777940273285,2.6036691665649414
3,14,0.40639644861221313,2.1668734550476074
3,15,0.0049813296645879745,0.07480380684137344
3,16,0.0054931859485805035,0.12166416645050049
3,17,0.36842846870422363,2.0435876846313477
3,18,0.00507431710138917,0.09422758221626282
3,19,0.39406898617744446,2.0388152599334717
3,20,0.005348820239305496,0.13518857955932617
3,21,0.005247245077043772,0.11369964480400085
3,22,0.32714566588401794,22.733943939208984
3,23,0.352701872587204,12.235831260681152
3,24,0.00784715823829174,0.2145788073539734
3,25,0.11832595616579056,34.716793060302734
3,26,0.31130504608154297,1.8481111526489258
3,27,0.009262731298804283,0.26618894934654236
3,28,0.011270025745034218,0.36427512764930725
3,29,0.012662173248827457,0.38527077436447144
3,30,0.4549618065357208,2.3560070991516113
3,31,0.30470171570777893,2.803466796875
3,32,0.015561660751700401,0.6295411586761475
3,33,0.330940842628479,7.691956043243408
3,34,0.01261226274073124,0.3135550618171692
3,35,0.011698434129357338,0.2712177634239197
3,36,0.013571186922490597,0.3080202639102936
3,37,0.4056994616985321,2.834860324859619
3,38,0.011781991459429264,0.28791993856430054
3,39,0.2516469657421112,4.649309158325195
3,40,0.013631047680974007,0.43327274918556213
3,41,0.026576707139611244,8.183577537536621
3,42,0.6222403049468994,3.4221575260162354
3,43,0.37785622477531433,31.07183265686035
3,44,0.019505538046360016,4.681283473968506
3,45,0.1338724046945572,35.16179275512695
3,46,0.5496858954429626,3.279972791671753
3,47,0.5481500029563904,3.132206439971924
3,48,0.016772110015153885,0.41578400135040283
3,49,0.021420052275061607,0.5305741429328918
3,50,0.0540604442358017,28.024276733398438
3,51,0.6105816960334778,3.2656538486480713
3,52,0.02450905740261078,0.6119040846824646
3,53,0.026249676942825317,0.6371505260467529
3,54,0.03265753388404846,0.878835916519165
3,55,0.8496239185333252,4.592836856842041
3,56,0.021813737228512764,0.5070217847824097
3,57,0.3561009168624878,2.0809812545776367
3,58,0.027493271976709366,0.628515362739563
3,59,0.018779801204800606,0.45339235663414
3,60,0.2879117727279663,1.5413254499435425
3,61,0.27493834495544434,1.4267466068267822
3,62,0.023600278422236443,0.53785640001297
3,63,0.5929187536239624,2.8902676105499268
3,64,0.022803036496043205,0.5277965068817139
3,65,0.022269736975431442,0.4890746772289276
3,66,0.0241216029971838,0.5573056936264038
3,67,0.34287330508232117,1.6832200288772583
3,68,0.020648635923862457,0.4815484285354614
3,69,0.018459536135196686,0.46360328793525696
3,70,0.017663000151515007,0.4074011445045471
3,71,0.3135407269001007,1.7734724283218384
3,72,0.01740729622542858,0.4204423427581787
3,73,0.560695230960846,3.912062883377075
3,74,0.286609023809433,3.224243640899658
3,75,0.5923895239830017,3.1577301025390625
3,76,0.015660284087061882,0.3828645348548889
3,77,0.3176221251487732,1.7549859285354614
3,78,0.01956777274608612,0.4660826623439789
3,79,0.32412785291671753,16.95557975769043
3,80,0.02428506687283516,0.7531657218933105
3,81,0.02085813693702221,0.5003745555877686
3,82,0.020383641123771667,0.49737998843193054
3,83,0.018135815858840942,0.4171088933944702
3,84,0.3326019048690796,1.745375394821167
3,85,0.31775256991386414,1.701547384262085
3,86,0.01629520393908024,0.3729901909828186
3,87,0.1504136174917221,22.889638900756836
3,88,0.014399508014321327,0.31490445137023926
3,89,0.589455246925354,2.845984935760498
3,90,0.01545335166156292,0.34784266352653503
3,91,0.5990928411483765,3.0771517753601074
3,92,0.5679344534873962,2.909884452819824
3,93,0.2662539482116699,1.485282063484192
3,94,0.571380078792572,3.0018701553344727
3,95,0.26757577061653137,1.298680067062378
3,96,0.04045261815190315,1.0761432647705078
3,97,0.2757165729999542,3.3286423683166504
3,98,0.04696023091673851,1.1472069025039673
3,99,0.05611433833837509,1.3836233615875244
3,100,0.05296286940574646,1.2394673824310303
3,101,0.05074330046772957,1.10392165184021
3,102,0.2723661959171295,1.6687331199645996
3,103,0.03991347551345825,0.9937631487846375
3,104,0.49758097529411316,5.977790832519531
3,105,0.2626323997974396,1.4235484600067139
3,106,0.27779191732406616,1.8994392156600952
3,107,0.02665017545223236,0.5181323885917664
3,108,0.31264787912368774,2.31831693649292
3,109,0.024582214653491974,0.4570895731449127
3,110,0.2870039641857147,1.647983193397522
3,111,0.6503655910491943,2.9017415046691895
3,112,0.5790546536445618,28.408063888549805
3,113,0.5269948840141296,4.311388969421387
3,114,0.02433447353541851,0.5444831848144531
3,115,0.023719118908047676,0.5313399434089661
3,116,0.03110874444246292,0.727267861366272
3,117,0.2867182791233063,1.6178964376449585
3,118,0.305602103471756,2.088533639907837
3,119,0.24341867864131927,2.605619430541992
3,120,0.025397585704922676,0.5948460102081299
3,121,0.030986566096544266,0.7773732542991638
3,122,0.02832525037229061,0.6712220311164856
3,123,0.8212069272994995,4.360252857208252
3,124,0.02939375303685665,2.5522446632385254
3,125,0.45529764890670776,25.493404388427734
3,126,0.18250611424446106,76.19192504882812
3,127,0.022235020995140076,0.5106498003005981
3,128,0.9068740606307983,5.001451015472412
3,129,0.542727530002594,3.0396485328674316
3,130,0.02094017155468464,0.5087131261825562
3,131,0.31680795550346375,1.7035270929336548
3,132,0.021957838907837868,0.5256125330924988
3,133,0.02233593538403511,0.49137890338897705
3,134,0.30165189504623413,1.9827227592468262
3,135,0.5457047820091248,2.685807943344116
3,136,0.25767621397972107,3.2108054161071777
3,137,0.519308865070343,3.488335609436035
3,138,0.30510202050209045,1.492653250694275
3,139,0.1961158961057663,12.13261890411377
3,140,0.034874845296144485,0.8488961458206177
3,141,0.22925910353660583,1.4557154178619385
3,142,0.1476624459028244,20.078805923461914
3,143,0.5197780728340149,2.272228479385376
3,144,0.062271520495414734,1.7156223058700562
3,145,0.9138575792312622,4.75517463684082
3,146,0.5120208859443665,2.3562655448913574
3,147,0.08527367562055588,7.785299301147461
3,148,0.26889535784721375,1.3474528789520264
3,149,0.2835099399089813,2.5918986797332764
3,150,0.06198349967598915,1.257601261138916
3,151,0.08117999136447906,1.6027235984802246
3,152,0.5314537286758423,2.8396778106689453
3,153,0.690229058265686,4.0176191329956055
3,154,0.43230241537094116,14.767606735229492
3,155,0.26289302110671997,1.5415657758712769
3,156,0.06694920361042023,1.182086706161499
3,157,0.2321091592311859,1.9449284076690674
3,158,0.057407498359680176,1.095022439956665
3,159,0.05736222863197327,1.0915907621383667
3,160,0.0444151945412159,0.8387473225593567
3,161,0.04200523719191551,0.8461954593658447
3,162,0.21487124264240265,1.7100603580474854
3,163,0.030587732791900635,0.6353240013122559
3,164,0.2515633702278137,1.8281723260879517
3,165,0.28533607721328735,3.0616750717163086
3,166,0.34412524104118347,1.8125883340835571
3,167,0.01448836550116539,0.2912551462650299
3,168,0.24363338947296143,10.185887336730957
3,169,0.012485196813941002,0.275375097990036
3,170,0.013901040889322758,0.3302452862262726
3,171,0.6190707087516785,3.745151996612549
3,172,0.011270234361290932,0.2464475780725479
3,173,0.010289295576512814,0.2358553409576416
3,174,0.011561848223209381,0.2857174575328827
3,175,0.35354000329971313,1.8402554988861084
3,176,0.011644063517451286,0.2666873633861542
3,177,0.010329017415642738,0.23651084303855896
3,178,0.34339746832847595,1.7399356365203857
3,179,0.012359289452433586,0.3296409249305725
3,180,0.00946306437253952,0.2636926472187042
3,181,0.01315283589065075,0.4360891580581665
3,182,0.2623090445995331,13.24094295501709
3,183,0.011398745700716972,0.45819446444511414
3,184,0.2993899881839752,1.9881649017333984
3,185,0.38499125838279724,2.324755907058716
3,186,0.725154459476471,4.697654724121094
3,187,0.3864453434944153,2.762694835662842
3,188,0.22977377474308014,5.524724960327148
3,189,0.15430553257465363,70.37478637695312
3,190,0.013931963592767715,0.36338725686073303
3,191,0.013407730497419834,0.34018397331237793
3,192,0.02607117034494877,1.7226135730743408
3,193,0.023958776146173477,3.070284366607666
3,194,0.3250165283679962,1.9519870281219482
3,195,0.6050543189048767,4.081360816955566
3,196,1.0515587329864502,13.406184196472168
3,197,0.018697338178753853,0.47636473178863525
3,198,0.6016616821289062,3.153752565383911
3,199,0.29732680320739746,2.140416145324707
3,200,0.33737796545028687,1.6867204904556274
3,201,0.2878178060054779,1.3847856521606445
3,202,0.030638519674539566,1.649751901626587
3,203,0.24749457836151123,3.216684579849243
3,204,0.02979167364537716,0.7788076996803284
3,205,0.03629744425415993,0.9469704627990723
3,206,0.03750579431653023,1.00285804271698
3,207,0.26298272609710693,1.3731303215026855
3,208,0.033920545130968094,0.8077527284622192
3,209,0.26813432574272156,3.195359230041504
3,210,0.024141667410731316,0.4955468773841858
3,211,0.02593003213405609,0.5142900943756104
3,212,0.29631301760673523,1.8848258256912231
3,213,0.022772440686821938,0.4635121524333954
3,214,0.6106060147285461,3.2981479167938232
3,215,0.021406864747405052,0.40233293175697327
3,216,0.2981627583503723,1.6024219989776611
3,217,0.31597864627838135,1.7524842023849487
3,218,0.37721145153045654,25.139558792114258
3,219,0.8526836633682251,4.873452186584473
3,220,0.22261609137058258,4.000995635986328
3,221,0.025502333417534828,0.5188431739807129
3,222,0.02806018479168415,0.5525001883506775
3,223,0.06432165205478668,18.736181259155273
3,224,0.03060912899672985,0.6415411233901978
3,225,0.026934996247291565,0.5747274160385132
3,226,0.29933038353919983,1.5000022649765015
3,227,0.026015613228082657,0.5759980082511902
3,228,0.27324381470680237,1.9541507959365845
3,229,0.02474105730652809,0.5205355286598206
3,230,0.33216968178749084,1.7810720205307007
3,231,0.027445778250694275,0.6370562314987183
3,232,0.36635395884513855,8.53027629852295
3,233,0.02234269119799137,0.4930175542831421
3,234,0.02758621610701084,2.2992494106292725
3,235,0.023276586085557938,0.5510253310203552
3,236,0.20268355309963226,12.90872573852539
3,237,0.01723497360944748,0.5393509864807129
3,238,0.01676679588854313,0.5439619421958923
3,239,0.3507463335990906,1.8576191663742065
3,240,0.011142469011247158,0.21628528833389282
3,241,0.012548098340630531,0.2723323404788971
3,242,0.6178926229476929,3.4415242671966553
3,243,0.2994938790798187,1.6513296365737915
3,244,0.2757694125175476,1.9407355785369873
3,245,0.013443844392895699,0.28919586539268494
3,246,0.010605213232338428,0.22721810638904572
3,247,0.015683580189943314,0.3632277846336365
3,248,0.01299465075135231,0.30244868993759155
3,249,0.5545505285263062,9.977582931518555
3,250,0.013798417523503304,0.3133162558078766
3,251,0.010898444801568985,0.25037938356399536
3,252,0.3415111303329468,2.397472858428955
3,253,0.015509579330682755,0.38673773407936096
3,254,0.01759396493434906,0.4352693259716034
3,255,0.013678019866347313,0.3186263144016266
3,256,0.011725103482604027,0.25910359621047974
3,257,0.014083750545978546,0.3336122930049896
3,258,0.010184653103351593,0.20991791784763336
3,259,0.011436158791184425,0.2588578760623932
3,260,0.008665538392961025,0.20134209096431732
3,261,0.0069049084559082985,0.13569021224975586
3,262,0.005945634096860886,0.13705289363861084
3,263,0.006439222954213619,0.11897993832826614
3,264,0.005584348924458027,0.13584911823272705
3,265,0.3533546030521393,2.8253703117370605
3,266,0.3270002603530884,3.407522439956665
3,267,0.3589116334915161,1.9575878381729126
3,268,0.4126700758934021,2.341963291168213
3,269,0.3567849397659302,2.783965587615967
3,270,0.007123100105673075,0.1352926343679428
3,271,0.008047628216445446,0.17089469730854034
3,272,0.00805922131985426,0.16860300302505493
3,273,0.33574753999710083,1.9117608070373535
3,274,0.33626389503479004,2.1045145988464355
3,275,1.1463271379470825,43.489158630371094
3,276,0.010654592886567116,0.23819604516029358
3,277,0.3527221381664276,1.7339725494384766
3,278,0.29300159215927124,1.7758243083953857
3,279,0.2871660888195038,1.9230197668075562
3,280,0.022657139226794243,0.6201086044311523
3,281,0.023481573909521103,0.6147929430007935
3,282,1.3038365840911865,7.579520225524902
3,283,0.23186218738555908,1.6473515033721924
3,284,0.9079198837280273,17.987041473388672
3,285,0.030321644619107246,0.7937042713165283
3,286,0.03391658142209053,1.5767405033111572
3,287,0.04818125069141388,1.3776918649673462
3,288,0.3507004678249359,1.6904867887496948
3,289,0.031056944280862808,0.7134273648262024
3,290,0.03954312205314636,0.9583143591880798
3,291,0.10683773458003998,25.329660415649414
3,292,0.034463733434677124,0.7160748839378357
3,293,0.4100970923900604,24.318666458129883
3,294,0.3037662208080292,48.72233200073242
3,295,0.19368761777877808,33.8191032409668
3,296,0.020952587947249413,0.39056476950645447
3,297,0.01946287229657173,0.7926467061042786
3,298,0.022537751123309135,0.49286192655563354
3,299,0.01566765457391739,0.29475969076156616
3,300,0.3269287347793579,2.254833459854126
3,301,0.5997775793075562,3.327630043029785
3,302,0.017812790349125862,5.488374710083008
3,303,0.012005333788692951,0.2319364994764328
3,304,0.3222861886024475,2.142975091934204
3,305,0.27617132663726807,2.4898178577423096
3,306,0.33515939116477966,2.1207098960876465
3,307,0.013045107945799828,0.27067726850509644
3,308,0.01677624136209488,0.3690445125102997
3,309,0.33819130063056946,1.8405303955078125
3,310,0.28217414021492004,2.9538650512695312
3,311,0.017070898786187172,0.485549658536911
3,312,0.016404306516051292,0.34873461723327637
3,313,0.3610721826553345,1.8769677877426147
3,314,0.2700514793395996,2.461473226547241
3,315,0.028916683048009872,4.502357006072998
3,316,0.036383289843797684,3.0685298442840576
3,317,0.024232130497694016,0.5872740745544434
3,318,0.018940389156341553,0.4605933725833893
3,319,0.33821672201156616,1.7338124513626099
3,320,0.02192351222038269,0.5420397520065308
3,321,0.020424600690603256,0.48974835872650146
3,322,0.01810997910797596,0.410226970911026
3,323,0.3091474175453186,1.5002270936965942
3,324,0.3396369516849518,1.776021122932434
3,325,0.5866430997848511,4.1678571701049805
3,326,0.017731433734297752,0.4886915385723114
3,327,0.017988305538892746,0.4133966565132141
3,328,0.578727662563324,2.7755699157714844
3,329,0.13530327379703522,48.013153076171875
3,330,0.08367191255092621,30.023130416870117
3,331,0.021902207285165787,0.5027325749397278
3,332,0.597926139831543,4.338593482971191
3,333,0.023825980722904205,0.5210400819778442
3,334,0.026154769584536552,0.5917203426361084
3,335,0.26327279210090637,1.4998338222503662
3,336,0.2573901116847992,1.7374187707901
3,337,0.1813679337501526,14.517391204833984
3,338,0.288585901260376,1.6911636590957642
3,339,0.5060657858848572,2.588703155517578
3,340,0.0322834812104702,0.8094269633293152
3,341,0.033735502511262894,0.7498780488967896
3,342,0.318604052066803,2.272493362426758
3,343,0.034995343536138535,0.7616487741470337
3,344,0.3541468381881714,1.7990041971206665
3,345,0.03844950720667839,0.9226832389831543
3,346,0.225507453083992,1.4835169315338135
3,347,0.2712678015232086,1.7775630950927734
3,348,0.2489049732685089,7.058801651000977
3,349,0.49850189685821533,2.8397293090820312
3,350,0.2758597731590271,2.9817914962768555
3,351,0.04142757132649422,0.9343387484550476
3,352,0.036727502942085266,0.7638763189315796
3,353,0.03549589961767197,0.8061593174934387
3,354,0.033411119133234024,0.7255653738975525
3,355,0.030919106677174568,0.6814704537391663
3,356,0.34474441409111023,4.807713985443115
3,357,0.8692773580551147,4.419981956481934
3,358,0.5450915098190308,6.545729637145996
3,359,0.018469877541065216,0.3668380677700043
3,360,0.35486236214637756,1.7499994039535522
3,361,0.018879393115639687,0.3944970369338989
3,362,0.2560896873474121,5.848025798797607
3,363,0.25326302647590637,3.89931058883667
3,364,0.2926657795906067,9.734424591064453
3,365,0.42475688457489014,64.7085189819336
3,366,0.017882090061903,0.3813813626766205
3,367,0.02452985569834709,4.659578800201416
3,368,0.024510664865374565,3.5399723052978516
3,369,0.31444549560546875,1.7472747564315796
3,370,0.018866481259465218,0.6313171982765198
3,371,0.30823931097984314,2.9548988342285156
3,372,0.5195645093917847,3.7697157859802246
3,373,0.02374931052327156,0.622005820274353
3,374,0.33605626225471497,2.3714964389801025
3,375,0.019960567355155945,0.47716349363327026
3,376,0.0211822260171175,0.48953086137771606
3,377,0.02354077436029911,1.9564419984817505
3,378,0.019909443333745003,0.48917749524116516
3,379,0.01513588335365057,0.3360966145992279
3,380,0.01884629763662815,0.9665237069129944
3,381,0.014801033772528172,0.37625545263290405
3,382,0.014694297686219215,0.3547435700893402
3,383,0.2724817395210266,6.589863300323486
3,384,0.01210139412432909,0.2857404947280884
3,385,0.3765680491924286,1.8364778757095337
3,386,0.3624255359172821,1.849953532218933
3,387,0.009101547300815582,0.1853933036327362
3,388,0.010522169061005116,0.25916174054145813
3,389,0.36289337277412415,1.8656529188156128
3,390,0.00872185081243515,0.19291017949581146
3,391,0.010601663030683994,0.240280419588089
3,392,0.6442307233810425,12.385180473327637
3,393,0.009326761588454247,0.2077934592962265
3,394,0.3336004912853241,2.1520817279815674
3,395,0.010696972720324993,0.25543540716171265
3,396,0.010452494025230408,0.2500484883785248
3,397,0.3247895836830139,2.038651466369629
3,398,0.3160228729248047,2.0540754795074463
3,399,0.012468868866562843,0.30654236674308777
3,400,0.6280297040939331,3.136955499649048
3,401,0.014152933843433857,0.3534144163131714
3,402,0.055647511035203934,37.48916244506836
3,403,0.019388213753700256,0.5885595679283142
3,404,0.6157551407814026,3.3486785888671875
3,405,0.29120296239852905,1.618293285369873
3,406,0.2528669834136963,3.172149896621704
3,407,0.49964746832847595,106.954833984375
3,408,0.07851848751306534,64.27027130126953
3,409,0.2832953631877899,2.462850570678711
3,410,0.03297743201255798,1.0443201065063477
3,411,0.3029855191707611,2.6346919536590576
3,412,0.5317589640617371,2.602414131164551
3,413,0.03568251058459282,0.9013782143592834
3,414,0.0429438054561615,1.1759709119796753
3,415,0.03984270617365837,1.0372047424316406
3,416,0.2836809754371643,1.4978431463241577
3,417,0.03495248407125473,2.018967390060425
3,418,0.03344191238284111,0.7257310152053833
3,419,0.21171703934669495,5.980258464813232
3,420,0.03082672320306301,0.6108071804046631
3,421,0.31623417139053345,1.5647375583648682
3,422,0.2788733243942261,1.389613389968872
3,423,0.31902357935905457,1.8509554862976074
3,424,0.6203940510749817,64.65612030029297
3,425,0.29451051354408264,1.6731748580932617
3,426,0.27073368430137634,3.3106579780578613
3,427,0.025169337168335915,0.5043501257896423
3,428,0.7466530799865723,4.615877151489258
3,429,0.026591934263706207,0.5330087542533875
3,430,0.03313254565000534,4.187375545501709
3,431,0.030093898996710777,0.6993719935417175
3,432,0.6035488843917847,62.876190185546875
3,433,0.027776896953582764,0.5987963080406189
3,434,0.026999110355973244,0.5848084688186646
3,435,0.031021272763609886,2.5399370193481445
3,436,0.21493719518184662,5.492780685424805
3,437,0.02180643379688263,0.5231884121894836
3,438,0.28468936681747437,6.396861553192139
3,439,0.01959078013896942,0.4444201588630676
3,440,0.30637508630752563,2.0800914764404297
3,441,0.2669827938079834,11.12217903137207
3,442,0.3058225214481354,7.124950885772705
3,443,0.4614476263523102,124.9476318359375
3,444,0.026619363576173782,6.390415668487549
3,445,0.018064139410853386,0.5378127098083496
3,446,0.01593182608485222,0.3819897770881653
3,447,0.013870439492166042,0.41020092368125916
3,448,0.3122619688510895,2.090034246444702
3,449,0.8102104067802429,64.97946166992188
3,450,0.9326379299163818,5.0941267013549805
3,451,0.010898802429437637,0.23023287951946259
3,452,0.30566126108169556,2.178530216217041
3,453,0.013902002945542336,0.3136031925678253
3,454,0.6615246534347534,3.7152631282806396
3,455,0.6263661980628967,4.536869525909424
3,456,0.01989748328924179,0.4860573709011078
3,457,0.01688758097589016,0.4182996153831482
3,458,0.016730928793549538,0.421159029006958
3,459,0.018975144252181053,0.5611914992332458
3,460,0.0171030443161726,0.4336507320404053
3,461,0.01684696041047573,0.4480067491531372
3,462,0.01616765931248665,0.39274221658706665
3,463,0.11561745405197144,40.079490661621094
3,464,0.016543839126825333,0.5021082162857056
3,465,0.011754854582250118,0.2719896733760834
3,466,1.208748459815979,14.515266418457031
3,467,0.009538434445858002,0.19973240792751312
3,468,0.008070485666394234,0.15281160175800323
3,469,0.3202098608016968,1.9321070909500122
3,470,0.007834001444280148,0.14802469313144684
3,471,0.009780678898096085,0.21421943604946136
3,472,0.008780676871538162,0.18718023598194122
3,473,1.0070550441741943,5.099484443664551
3,474,0.7352499961853027,3.7350189685821533
3,475,0.00952883716672659,0.20170162618160248
3,476,0.00852102693170309,0.18949946761131287
3,477,0.3890796899795532,2.0302906036376953
3,478,0.22579200565814972,10.65339183807373
3,479,0.3569205701351166,1.7327001094818115
3,480,0.6044754385948181,4.598833084106445
3,481,0.012584191747009754,0.2856127619743347
3,482,0.6033280491828918,6.22812032699585
3,483,0.01794714666903019,0.4617592394351959
3,484,0.6349117755889893,5.9804301261901855
3,485,0.29643359780311584,2.0775883197784424
3,486,0.13223762810230255,95.71393585205078
3,487,0.3249827027320862,1.582154393196106
3,488,0.2864988148212433,1.3634531497955322
3,489,0.28698137402534485,1.9280632734298706
3,490,0.2317522019147873,66.82716369628906
3,491,0.04303084313869476,1.0800789594650269
3,492,0.0507919117808342,2.3260903358459473
3,493,0.045567285269498825,3.012794256210327
3,494,0.2593452036380768,1.2962172031402588
3,495,0.4387093484401703,2.6200311183929443
3,496,0.31824347376823425,1.4239951372146606
3,497,0.051754776388406754,1.1805384159088135
3,498,0.04996654391288757,1.0779533386230469
3,499,0.047958340495824814,1.003929615020752
3,500,0.05301792919635773,1.1780800819396973
3,501,0.26106560230255127,2.7731101512908936
3,502,0.30927321314811707,1.6328181028366089
3,503,0.029842648655176163,0.721799373626709
3,504,0.028367817401885986,0.5289848446846008
3,505,0.29972854256629944,1.672181487083435
3,506,0.02273700386285782,0.4499604403972626
3,507,0.018840555101633072,0.37834492325782776
3,508,0.016552578657865524,0.34537893533706665
3,509,0.015375024639070034,0.3449929654598236
3,510,0.2945123612880707,1.9980961084365845
3,511,0.012258250266313553,0.25449028611183167
3,512,0.013096458278596401,0.3098486065864563
3,513,0.3280028700828552,2.391122341156006
3,514,0.009675590321421623,0.19345131516456604
3,515,0.010877476073801517,0.2534109354019165
3,516,0.009396806359291077,0.20733092725276947
3,517,0.007762720808386803,0.18450045585632324
3,518,0.007328533101826906,0.17601478099822998
3,519,0.0080179488286376,0.21105451881885529
3,520,0.27266308665275574,77.94084167480469
3,521,0.0066458904184401035,0.14768411219120026
3,522,0.0068257879465818405,0.1745634526014328
3,523,0.00728774955496192,0.2924146354198456
3,524,0.3817457854747772,2.0958147048950195
3,525,0.7281472086906433,3.9342546463012695
3,526,0.005197000224143267,0.10616962611675262
3,527,0.00502632325515151,0.13602083921432495
3,528,0.22392860054969788,60.57362365722656
3,529,0.3067800998687744,7.2122955322265625
3,530,0.006236577406525612,0.14704608917236328
3,531,0.7164677977561951,5.656589508056641
3,532,0.2181595414876938,6.264622688293457
3,533,0.6917389035224915,3.8748972415924072
3,534,0.007538460660725832,0.15660780668258667
3,535,0.007953441701829433,0.2159758061170578
3,536,0.3447846472263336,2.0685946941375732
3,537,0.00994415208697319,0.2672041654586792
3,538,0.3549805283546448,1.9260824918746948
3,539,0.014092670753598213,0.42593201994895935
3,540,0.310302197933197,9.28956413269043
3,541,0.01893695443868637,1.8431998491287231
3,542,0.038339681923389435,32.84939956665039
3,543,0.014541255310177803,0.37171852588653564
3,544,0.016483483836054802,0.4004473090171814
3,545,0.20870526134967804,98.68497467041016
3,546,0.013798950240015984,0.3518819212913513
3,547,0.33672407269477844,1.86966073513031
3,548,0.3500014841556549,1.667121410369873
3,549,0.6661202311515808,3.6456079483032227
3,550,0.015927929431200027,0.4438798725605011
3,551,0.019770551472902298,0.5299667119979858
3,552,0.017692679539322853,0.44387975335121155
3,553,0.2713943421840668,3.307413339614868
3,554,0.01903701387345791,0.47771763801574707
3,555,0.02104238048195839,0.5009178519248962
3,556,0.34872880578041077,1.8262600898742676
3,557,0.30798789858818054,2.2356855869293213
3,558,0.01665908470749855,0.3635917007923126
3,559,0.27876606583595276,1.616029143333435
3,560,0.02097776159644127,0.48426076769828796
3,561,0.2886246144771576,1.6943848133087158
3,562,0.27034103870391846,1.8793519735336304
3,563,0.40077704191207886,48.70132064819336
3,564,0.6406973004341125,3.363539218902588
3,565,0.024916157126426697,0.572534441947937
3,566,0.2879919409751892,1.574690580368042
3,567,0.5336235761642456,3.5240018367767334
3,568,0.04092878848314285,13.20966911315918
3,569,0.14073997735977173,79.136962890625
3,570,0.035472892224788666,0.7862561941146851
3,571,0.08641262352466583,54.84419250488281
3,572,0.037849102169275284,0.8921193480491638
3,573,0.2817816734313965,1.2986295223236084
3,574,0.12607677280902863,63.29821014404297
3,575,0.04382511228322983,1.4109728336334229
3,576,0.041149821132421494,0.9316726922988892
3,577,0.2379710078239441,1.6934560537338257
3,578,0.03262301906943321,0.6813289523124695
3,579,0.3183453679084778,1.6077206134796143
3,580,0.023264842107892036,0.470226526260376
3,581,0.021978264674544334,0.4245843291282654
3,582,0.3286656141281128,1.5798457860946655
3,583,0.2575680911540985,1.9910401105880737
3,584,0.27206236124038696,1.867376446723938
3,585,0.29356858134269714,1.464426875114441
3,586,0.024044321849942207,0.47569403052330017
3,587,0.304693341255188,3.1119234561920166
3,588,0.8669873476028442,4.248443603515625
3,589,0.26568812131881714,1.529312014579773
3,590,0.03180399164557457,0.6918718218803406
3,591,0.05261902138590813,25.60378074645996
3,592,0.2291525900363922,1.9109070301055908
3,593,0.04171113669872284,1.0108145475387573
3,594,0.03494718670845032,0.8407608866691589
3,595,0.49861326813697815,97.0814437866211
3,596,0.0400128997862339,0.9656650424003601
3,597,0.29954785108566284,1.738387942314148
3,598,0.029078105464577675,0.7451297044754028
3,599,0.5064685344696045,3.746656894683838
3,600,0.5150189995765686,2.7999298572540283
3,601,0.02408781461417675,0.5001840591430664
3,602,0.024789748713374138,0.5152381062507629
3,603,0.022530697286128998,0.47808778285980225
3,604,0.024295732378959656,0.5315672755241394
3,605,0.020620502531528473,0.4392379820346832
3,606,0.015750672668218613,0.332270085811615
3,607,0.015478389337658882,0.31160300970077515
3,608,0.3243001401424408,1.8336896896362305
3,609,0.2816159725189209,6.025925159454346
3,610,0.013292512856423855,0.2969539761543274
3,611,0.9421818852424622,5.419730186462402
3,612,0.010973313823342323,0.23694109916687012
3,613,0.3515664041042328,1.9851031303405762
3,614,0.24373489618301392,1.8718000650405884
3,615,0.012672794051468372,0.274018257856369
3,616,0.35734617710113525,1.828548789024353
3,617,0.3563487231731415,2.0197668075561523
3,618,0.015293193981051445,0.3423934280872345
3,619,0.026998119428753853,0.8076614141464233
4,0,0.019432948902249336,0.47210079431533813
4,1,0.344609797000885,1.848620057106018
4,2,0.3006715178489685,1.9335094690322876
4,3,0.019370118156075478,0.4681697189807892
4,4,0.020634688436985016,0.5166014432907104
4,5,0.014633387327194214,0.3134217858314514
4,6,0.3151233196258545,4.4864420890808105
4,7,0.015574284829199314,0.3518919050693512
4,8,0.017470184713602066,0.40562859177589417
4,9,0.0139185581356287,0.3078933656215668
4,10,0.27699652314186096,7.969732284545898
4,11,0.30402475595474243,1.753037452697754
4,12,0.011666160076856613,0.23550264537334442
4,13,0.013674327172338963,0.3120347261428833
4,14,0.012745417654514313,0.2600349187850952
4,15,0.01201830618083477,0.24486513435840607
4,16,0.011234422214329243,0.23082241415977478
4,17,0.010884404182434082,0.23290713131427765
4,18,0.2912639081478119,1.9625669717788696
4,19,0.0100040752440691,0.47492682933807373
4,20,0.23596638441085815,7.792041778564453
4,21,0.010093534365296364,0.20784048736095428
4,22,0.00958289299160242,0.2053123563528061
4,23,0.00956680066883564,0.21072793006896973
4,24,0.29324325919151306,2.6579673290252686
4,25,0.010282060131430626,0.2330855131149292
4,26,0.008975422009825706,0.19628603756427765
4,27,0.3226909339427948,2.1938273906707764
4,28,0.419062077999115,34.55496597290039
4,29,0.00937880203127861,0.20415672659873962
4,30,0.3791505694389343,1.9467545747756958
4,31,0.38702392578125,2.003253698348999
4,32,0.342253178358078,2.969672679901123
4,33,0.011150485835969448,0.28872984647750854
4,34,0.012651175260543823,0.3220544755458832
4,35,0.02179138921201229,3.392638921737671
4,36,0.020327745005488396,0.9507737755775452
4,37,0.707305908203125,3.5063724517822266
4,38,0.012795504182577133,0.32597291469573975
4,39,0.2924306094646454,4.702085971832275
4,40,0.30038055777549744,2.218208074569702
4,41,0.6619979739189148,3.196218490600586
4,42,0.1501319259405136,101.57176971435547
4,43,0.2992025315761566,1.5291017293930054
4,44,0.021357113495469093,0.5725927948951721
4,45,0.08486032485961914,54.16383743286133
4,46,0.29730892181396484,1.8304976224899292
4,47,0.029668105766177177,1.4594385623931885
4,48,0.28369104862213135,1.4157198667526245
4,49,0.26729315519332886,1.827955961227417
4,50,0.0414920337498188,1.0875474214553833
4,51,0.24583275616168976,25.14105224609375
4,52,0.027737779542803764,0.7032240033149719
4,53,0.2823103666305542,1.7067337036132812
4,54,0.28183943033218384,1.202518343925476
4,55,0.27445828914642334,1.961275339126587
4,56,0.3034017086029053,1.5044875144958496
4,57,0.039171114563941956,0.8935179114341736
4,58,0.04080217331647873,0.8840333819389343
4,59,0.2623140811920166,1.298144817352295
4,60,0.2783198952674866,1.2201743125915527
4,61,0.04521887004375458,0.9072046875953674
4,62,0.041197050362825394,0.855974555015564
4,63,0.2503094971179962,1.575507402420044
4,64,0.03242570906877518,0.6238601803779602
4,65,0.546355664730072,2.6981234550476074
4,66,0.03115006722509861,0.6088857650756836
4,67,0.3267424404621124,1.4719278812408447
4,68,0.02529880218207836,0.4975413680076599
4,69,0.028978347778320312,0.5787659287452698
4,70,0.29415977001190186,2.5227975845336914
4,71,0.4282829761505127,61.311458587646484
4,72,0.021139271557331085,0.4225318431854248
4,73,0.3136225938796997,1.54216730594635
4,74,0.016047010198235512,0.31320032477378845
4,75,0.01622166857123375,0.3262523114681244
4,76,0.3172733783721924,2.1229934692382812
4,77,0.019658587872982025,0.43927279114723206
4,78,0.2852097749710083,2.026336193084717
4,79,0.5481508374214172,3.129774332046509
4,80,0.015714209526777267,0.36636361479759216
4,81,0.31768035888671875,1.8298166990280151
4,82,0.2883113920688629,2.1191213130950928
4,83,0.5580107569694519,3.34560489654541
4,84,0.5001391768455505,3.9583981037139893
4,85,0.5181798338890076,3.781790256500244
4,86,0.033928949385881424,0.8355609774589539
4,87,0.31410717964172363,35.800048828125
4,88,0.25889623165130615,1.9847649335861206
4,89,0.41215887665748596,3.357120990753174
4,90,0.30336350202560425,88.06147766113281
4,91,0.08142226189374924,5.7988433837890625
4,92,0.11235775053501129,13.79754638671875
4,93,0.4428223669528961,48.254886627197266
4,94,0.06399955600500107,1.6077218055725098
4,95,0.2275632619857788,2.25126051902771
4,96,0.060282815247774124,3.094815731048584
4,97,0.2970615327358246,1.5756492614746094
4,98,0.05165854096412659,1.140954613685608
4,99,0.5090436935424805,2.685326337814331
4,100,0.2958005964756012,1.6263129711151123
4,101,0.03692369908094406,0.7099975943565369
4,102,0.2763567268848419,1.3708263635635376
4,103,0.25472602248191833,1.4137409925460815
4,104,0.3571408689022064,16.527347564697266
4,105,0.22845914959907532,1.7761759757995605
4,106,0.03371768072247505,0.6439818739891052
4,107,0.20945408940315247,2.5510311126708984
4,108,0.19354116916656494,7.2314453125
4,109,0.05017111822962761,0.9830614924430847
4,110,0.25658226013183594,2.315854072570801
4,111,0.03887302428483963,2.607224464416504
4,112,0.35108640789985657,1.7843232154846191
4,113,0.3162679076194763,1.604987621307373
4,114,0.04427221044898033,0.9380196928977966
4,115,0.22624987363815308,1.242085576057434
4,116,0.04077037051320076,0.8357721567153931
4,117,0.21175210177898407,1.9497625827789307
4,118,0.031122419983148575,0.6223005056381226
4,119,0.024614877998828888,0.5164135694503784
4,120,0.025621982291340828,0.5344762206077576
4,121,0.01669355295598507,0.32876789569854736
4,122,0.02171718142926693,0.45035189390182495
4,123,0.018115133047103882,1.5807609558105469
4,124,0.01712724007666111,0.3476405441761017
4,125,0.3202521800994873,1.6807048320770264
4,126,0.29021015763282776,1.7816667556762695
4,127,0.25653284788131714,2.3488857746124268
4,128,0.012172016315162182,0.25349491834640503
4,129,0.351691335439682,5.5352702140808105
4,130,0.3801274299621582,1.932191252708435
4,131,0.013466178439557552,0.29323703050613403
4,132,0.02015220746397972,11.277899742126465
4,133,0.013978498987853527,0.31171900033950806
4,134,0.23450753092765808,2.1752536296844482
4,135,0.017132898792624474,0.3992416560649872
4,136,0.2663958966732025,2.0451157093048096
4,137,0.5609035491943359,4.030457496643066
4,138,0.02136406861245632,0.609908401966095
4,139,0.02407897263765335,0.8597092628479004
4,140,0.29451170563697815,2.1261188983917236
4,141,0.2436317503452301,1.788824200630188
4,142,0.015009290538728237,0.35352158546447754
4,143,0.022996218875050545,0.5490038394927979
4,144,0.31896016001701355,1.9254332780838013
4,145,0.2867549955844879,1.8558069467544556
4,146,0.35140547156333923,1.822124719619751
4,147,0.31805220246315,1.7041127681732178
4,148,0.2742560803890228,1.7053704261779785
4,149,0.043645113706588745,1.098491907119751
4,150,0.6019108295440674,59.411766052246094
4,151,0.03174063190817833,0.7457072734832764
4,152,0.03239946812391281,0.7066673040390015
4,153,0.03550635278224945,9.129201889038086
4,154,0.036915943026542664,9.488656997680664
4,155,0.2950877547264099,1.65911865234375
4,156,0.22302168607711792,4.177995681762695
4,157,0.027146298438310623,0.6041602492332458
4,158,0.0253465436398983,0.4938836395740509
4,159,0.024714114144444466,0.5044218897819519
4,160,0.0236909631639719,0.45531779527664185
4,161,0.31600844860076904,1.7303529977798462
4,162,0.3119482398033142,1.7618308067321777
4,163,0.3346696197986603,1.7978664636611938
4,164,0.5053912997245789,8.26491641998291
4,165,0.26749444007873535,1.540649175643921
4,166,0.027610361576080322,0.6086443066596985
4,167,0.03414564207196236,7.356809616088867
4,168,0.5722964406013489,7.900503635406494
4,169,0.30331626534461975,1.762547492980957
4,170,0.03179492801427841,0.7551084756851196
4,171,0.030420269817113876,0.7019734978675842
4,172,0.02091304585337639,0.43373385071754456
4,173,0.22458304464817047,13.064257621765137
4,174,0.023507706820964813,0.5133517980575562
4,175,0.22830186784267426,53.25872802734375
4,176,0.29418718814849854,1.7923948764801025
4,177,0.510481595993042,5.536628723144531
4,178,0.7565243244171143,28.686052322387695
4,179,0.6516125798225403,48.97603225708008
4,180,0.05900784209370613,42.52793502807617
4,181,0.01999068632721901,0.44379231333732605
4,182,0.024073926731944084,0.6004456877708435
4,183,0.5821900963783264,3.108772039413452
4,184,0.018191518262028694,0.38165444135665894
4,185,0.5459842681884766,5.0058112144470215
4,186,0.3077574372291565,1.7633222341537476
4,187,0.02192225679755211,0.49501270055770874
4,188,0.3048642575740814,4.979938507080078
4,189,0.339360773563385,1.6896753311157227
4,190,0.021069664508104324,0.48264867067337036
4,191,0.021963654085993767,0.490206241607666
4,192,0.2538984715938568,1.6827179193496704
4,193,0.02492152713239193,8.873775482177734
4,194,0.021894479170441628,0.4975561201572418
4,195,0.022305559366941452,0.5073607563972473
4,196,0.019727855920791626,1.305540680885315
4,197,0.017458220943808556,0.43917593359947205
4,198,0.5555247664451599,3.174179792404175
4,199,0.30114123225212097,1.7156999111175537
4,200,0.28005602955818176,3.933628797531128
4,201,0.01722678169608116,0.3542381525039673
4,202,0.25204646587371826,4.428542613983154
4,203,0.019452199339866638,0.39518558979034424
4,204,0.020729785785079002,0.44396543502807617
4,205,0.4839790165424347,3.324366569519043
4,206,0.18102587759494781,24.7152099609375
4,207,0.022826483473181725,0.5373899340629578
4,208,0.01956987753510475,0.40884286165237427
4,209,1.0509412288665771,17.466463088989258
4,210,0.036816034466028214,9.026090621948242
4,211,0.021820584312081337,0.5028863549232483
4,212,0.248683363199234,1.80807363986969
4,213,0.29234927892684937,4.869832992553711
4,214,0.24277682602405548,1.9968525171279907
4,215,0.3412240147590637,1.9510681629180908
4,216,0.024256564676761627,0.5581495761871338
4,217,0.6500869393348694,9.582026481628418
4,218,0.14207997918128967,64.7907485961914
4,219,0.24964837729930878,2.543090581893921
4,220,0.10867398232221603,48.3011589050293
4,221,0.37603503465652466,84.90803527832031
4,222,0.17580163478851318,110.20410919189453
4,223,0.29284635186195374,1.7627873420715332
4,224,0.027945425361394882,0.6717653870582581
4,225,0.024301081895828247,0.5601646900177002
4,226,0.021674618124961853,0.5029581785202026
4,227,0.3006473779678345,4.39962100982666
4,228,0.030307915061712265,0.7483618855476379
4,229,0.022439006716012955,0.5294260382652283
4,230,0.018900379538536072,0.4416363537311554
4,231,0.014263628050684929,0.3210340142250061
4,232,0.016929801553487778,0.39320260286331177
4,233,0.010043677873909473,0.21217714250087738
4,234,0.9068008661270142,34.73690414428711
4,235,0.5972865223884583,21.521150588989258
4,236,0.3640011250972748,2.298539638519287
4,237,0.2852855622768402,10.97561264038086
4,238,0.007060367614030838,0.14278610050678253
4,239,0.33974432945251465,1.8793662786483765
4,240,0.009521233849227428,1.2599480152130127
4,241,0.352652370929718,3.4265239238739014
4,242,0.3472597897052765,1.6957569122314453
4,243,0.32486894726753235,3.9905073642730713
4,244,0.015471979044377804,2.36718487739563
4,245,0.8845493197441101,5.544149398803711
4,246,0.3641682267189026,2.195552349090576
4,247,0.6512141227722168,4.337553977966309
4,248,0.2860645353794098,4.001152992248535
4,249,0.2518194317817688,3.4369685649871826
4,250,0.6528146266937256,28.04660415649414
4,251,0.7018093466758728,55.27949905395508
4,252,0.2871265411376953,1.598867416381836
4,253,0.27538877725601196,2.93440580368042
4,254,0.3124966621398926,1.4396790266036987
4,255,0.04872782900929451,1.3775371313095093
4,256,0.22322846949100494,2.0120832920074463
4,257,0.2513294517993927,1.0855838060379028
4,258,0.2992337644100189,1.6522985696792603
4,259,0.06130280718207359,1.503530740737915
4,260,0.06359168887138367,1.3887206315994263
4,261,0.44012224674224854,16.720361709594727
4,262,0.05100241303443909,0.9973771572113037
4,263,0.04717681556940079,0.9017680883407593
4,264,0.04391545429825783,0.8581970930099487
4,265,0.03313814476132393,0.6625738143920898
4,266,0.5188307762145996,9.976025581359863
4,267,0.3315514326095581,21.88889503479004
4,268,0.021575484424829483,3.2627084255218506
4,269,0.015090150758624077,0.30440813302993774
4,270,0.20877279341220856,17.84456443786621
4,271,0.5773909091949463,3.4310145378112793
4,272,0.35328271985054016,1.8874894380569458
4,273,0.3331129550933838,1.8176085948944092
4,274,0.6541902422904968,3.368642568588257
4,275,0.01378659438341856,0.2878255844116211
4,276,0.33410558104515076,1.8844289779663086
4,277,0.01321299560368061,0.2762052118778229
4,278,0.5873503684997559,2.996779680252075
4,279,0.5499172210693359,3.0018415451049805
4,280,0.021885143592953682,0.5081279277801514
4,281,0.022428901866078377,0.5123337507247925
4,282,0.3115115463733673,1.4175785779953003
4,283,0.6525197625160217,22.864559173583984
4,284,0.052836254239082336,27.12963104248047
4,285,0.03648028150200844,3.1633193492889404
4,286,0.03814079239964485,7.553038120269775
4,287,0.031746719032526016,0.7748918533325195
4,288,0.02580855041742325,0.6156081557273865
4,289,0.28304949402809143,1.248734712600708
4,290,0.02982379123568535,0.7254694104194641
4,291,0.26597926020622253,2.2033982276916504
4,292,0.0337318554520607,0.763602614402771
4,293,0.27838334441185,1.3455724716186523
4,294,0.09876462817192078,35.21397018432617
4,295,0.031113693490624428,0.6881174445152283
4,296,0.023318752646446228,0.4966295659542084
4,297,0.023739339783787727,0.49918901920318604
4,298,0.2964089810848236,1.5022716522216797
4,299,0.26255735754966736,1.7581782341003418
4,300,0.3075307011604309,1.630658745765686
4,301,0.2597900629043579,1.634320855140686
4,302,0.025206569582223892,0.5250114798545837
4,303,0.058235835283994675,38.95994186401367
4,304,0.5094378590583801,2.796764612197876
4,305,0.24412566423416138,1.6343401670455933
4,306,0.32726988196372986,1.7472399473190308
4,307,0.031889647245407104,0.6915087699890137
4,308,0.048488516360521317,1.0481758117675781
4,309,0.03691018745303154,0.80100417137146
4,310,0.6420477628707886,3.2829177379608154
4,311,0.031614575535058975,0.6580272316932678
4,312,0.03247816860675812,0.6579359769821167
4,313,0.24960319697856903,1.7618401050567627
4,314,0.3395369350910187,1.855747938156128
4,315,0.23559066653251648,1.8397293090820312
4,316,0.28986695408821106,1.854319453239441
4,317,0.3736307919025421,1.7394893169403076
4,318,0.028763098642230034,0.6654900312423706
4,319,0.33868661522865295,1.7784737348556519
4,320,0.030231120064854622,0.6734223365783691
4,321,0.03233267366886139,0.7300505042076111
4,322,0.2703537046909332,1.3946549892425537
4,323,0.030145464465022087,0.6980409622192383
4,324,0.027876457199454308,0.6557539701461792
4,325,0.03033948875963688,0.7535118460655212
4,326,0.028691057115793228,0.6730356216430664
4,327,0.5485432744026184,3.0693094730377197
4,328,0.23734410107135773,3.4117636680603027
4,329,0.02030612900853157,0.4479620158672333
4,330,0.018230553716421127,0.3882376551628113
4,331,0.01788974553346634,0.40290722250938416
4,332,0.3181339502334595,1.795398235321045
4,333,0.2494794875383377,7.1891188621521
4,334,0.5810467004776001,7.718995571136475
4,335,0.015804894268512726,0.3643071949481964
4,336,0.01716715842485428,0.4114114046096802
4,337,0.3480226695537567,1.7082195281982422
4,338,0.5103480219841003,12.407193183898926
4,339,0.6263660192489624,3.273406744003296
4,340,0.017376543954014778,0.3879436254501343
4,341,0.01512465626001358,0.32195934653282166
4,342,0.017216237261891365,0.38452789187431335
4,343,0.016319818794727325,0.4421509802341461
4,344,0.02573171630501747,16.325965881347656
4,345,0.5699005722999573,3.299952983856201
4,346,0.3171525299549103,2.155540943145752
4,347,0.016912370920181274,0.5822799205780029
4,348,0.01769564487040043,0.42380139231681824
4,349,0.2958958148956299,1.7881513833999634
4,350,0.31186196208000183,9.242932319641113
4,351,0.02022629603743553,1.65024995803833
4,352,0.3444261848926544,1.7522989511489868
4,353,0.271959125995636,1.5328689813613892
4,354,0.30242788791656494,1.4730234146118164
4,355,0.026265349239110947,0.6719538569450378
4,356,0.2811753451824188,1.316959023475647
4,357,0.29185789823532104,2.1764583587646484
4,358,0.033489666879177094,0.8447713255882263
4,359,0.0684100091457367,38.51858139038086
4,360,0.045091427862644196,1.1488877534866333
4,361,0.03640943020582199,0.8549707531929016
4,362,0.42836982011795044,8.975749969482422
4,363,0.2635170817375183,1.1933282613754272
4,364,0.2929649353027344,1.5175349712371826
4,365,0.48040151596069336,2.5842807292938232
4,366,0.22441914677619934,1.2648040056228638
4,367,0.12685668468475342,63.10752487182617
4,368,0.2290988564491272,1.2529780864715576
4,369,0.20463494956493378,1.2499539852142334
4,370,0.7496147751808167,3.4637396335601807
4,371,0.06590215861797333,1.4535627365112305
4,372,0.21283796429634094,2.14699387550354
4,373,0.06935379654169083,1.4513542652130127
4,374,0.10258197039365768,2.1648240089416504
4,375,0.30475032329559326,1.6680198907852173
4,376,0.054856590926647186,1.033597707748413
4,377,0.05145514756441116,1.0346330404281616
4,378,0.2931312918663025,1.904965877532959
4,379,0.035499535501003265,0.6926553249359131
4,380,0.030090924352407455,0.786056399345398
4,381,0.018564164638519287,0.3289169371128082
4,382,0.020849628373980522,1.3725600242614746
4,383,0.28184232115745544,1.9152989387512207
4,384,0.015300611034035683,0.30850982666015625
4,385,0.01187920942902565,0.23991325497627258
4,386,0.009438701905310154,0.19601278007030487
4,387,0.012121367268264294,3.1047394275665283
4,388,0.010165650397539139,0.22685015201568604
4,389,0.272952675819397,3.0371532440185547
4,390,0.0081804059445858,0.16807863116264343
4,391,0.008819693699479103,0.20113380253314972
4,392,0.2856798470020294,3.0900096893310547
4,393,0.006329874508082867,0.13317985832691193
4,394,0.41133636236190796,3.8786237239837646
4,395,0.27394410967826843,4.804102420806885
4,396,0.4280443787574768,2.260643482208252
4,397,0.007600381039083004,0.20493479073047638
4,398,0.36681070923805237,3.5619099140167236
4,399,0.00974146369844675,1.7386244535446167
4,400,0.5717214345932007,54.781558990478516
4,401,0.009162643924355507,0.5670922994613647
4,402,0.20725800096988678,67.69585418701172
4,403,0.007497331593185663,0.1969718486070633
4,404,0.3234536051750183,4.021564960479736
4,405,0.008483704179525375,0.21198570728302002
4,406,0.008211255073547363,0.1968698501586914
4,407,0.32837510108947754,2.1027722358703613
4,408,0.008348379284143448,0.26502734422683716
4,409,0.009355660527944565,0.2391062080860138
4,410,0.010631881654262543,1.0398932695388794
4,411,0.010905110277235508,2.180906295776367
4,412,0.008028398267924786,0.1719297170639038
4,413,0.3824378252029419,19.316390991210938
4,414,0.009160680696368217,0.2133195698261261
4,415,0.33237704634666443,4.298104763031006
4,416,0.34214362502098083,2.140558958053589
4,417,0.7480452656745911,4.119633674621582
4,418,0.008723406121134758,0.18735450506210327
4,419,0.01033442746847868,0.24797089397907257
4,420,0.24522939324378967,2.8815670013427734
4,421,0.3171832263469696,2.583794355392456
4,422,0.361642986536026,2.417381763458252
4,423,0.27669557929039,22.34502601623535
4,424,0.2920718193054199,2.1194968223571777
4,425,0.02298763208091259,1.5509562492370605
4,426,0.02643677219748497,2.5578670501708984
4,427,0.029135627672076225,1.023415207862854
4,428,0.020537540316581726,0.7943273782730103
4,429,0.35659030079841614,2.2504000663757324
4,430,0.022835412994027138,0.6684092283248901
4,431,0.017048917710781097,0.4108823537826538
4,432,0.02270071767270565,0.6976657509803772
4,433,0.014077859930694103,0.29295074939727783
4,434,0.33166441321372986,1.8913613557815552
4,435,0.013035856187343597,0.29330459237098694
4,436,0.01332948263734579,0.28088462352752686
4,437,0.010917771607637405,0.2323126345872879
4,438,0.01116973627358675,0.2351631224155426
4,439,0.01277582161128521,0.2952885329723358
4,440,0.6091514825820923,3.8446784019470215
4,441,0.009347363375127316,0.22412367165088654
4,442,0.2548734247684479,33.84376525878906
4,443,0.008468164131045341,0.1790241003036499
4,444,0.009986207820475101,0.22039684653282166
4,445,0.368478000164032,2.0878746509552
4,446,0.009981675073504448,0.22005239129066467
4,447,0.3128293752670288,2.311405658721924
4,448,0.29344335198402405,2.227760076522827
4,449,0.36398351192474365,1.9905191659927368
4,450,0.009065412916243076,0.18388952314853668
4,451,0.29818663001060486,3.8057010173797607
4,452,0.011385094374418259,0.23521749675273895
4,453,0.013143792748451233,0.3009253740310669
4,454,0.012923585250973701,0.28238487243652344
4,455,0.21525318920612335,22.552295684814453
4,456,0.012892484664916992,0.3105176091194153
4,457,0.012086981907486916,0.2843884527683258
4,458,0.010911302641034126,0.22394032776355743
4,459,0.054259292781353,28.510990142822266
4,460,0.012888763099908829,0.2887076139450073
4,461,0.013619535602629185,0.3278178870677948
4,462,0.30846071243286133,4.747975826263428
4,463,0.3265588581562042,2.1624562740325928
4,464,0.009206125512719154,0.1766025722026825
4,465,0.34307849407196045,1.8081673383712769
4,466,0.6184612512588501,3.317488670349121
4,467,0.3215889632701874,1.8579943180084229
4,468,0.012550116516649723,0.26844337582588196
4,469,0.026430347934365273,8.84371280670166
4,470,0.02303936891257763,1.807801604270935
4,471,0.02167210914194584,0.5568585395812988
4,472,0.49959349632263184,3.4419078826904297
4,473,0.2718428373336792,1.7148489952087402
4,474,0.024805791676044464,0.5558731555938721
4,475,0.02019224874675274,0.47940054535865784
4,476,0.032591961324214935,6.4896955490112305
4,477,0.39336511492729187,2.037360906600952
4,478,0.25985094904899597,1.7027283906936646
4,479,0.02568591572344303,0.5486045479774475
4,480,0.5948204398155212,7.352497577667236
4,481,0.29523932933807373,6.387060165405273
4,482,0.34709542989730835,1.8396214246749878
4,483,0.031023485586047173,2.1403725147247314
4,484,0.034595318138599396,0.7666329145431519
4,485,0.025614740327000618,2.9707274436950684
4,486,0.040034160017967224,0.7953245639801025
4,487,0.037310294806957245,0.7868518829345703
4,488,0.2527318596839905,1.2212414741516113
4,489,0.3405928611755371,1.6513475179672241
4,490,0.3434099853038788,1.9741253852844238
4,491,0.025353243574500084,0.5056577324867249
4,492,0.028441721573472023,0.5850673317909241
4,493,0.01948629692196846,0.4107741713523865
4,494,0.2961753308773041,1.550095796585083
4,495,0.02181205339729786,0.4836319386959076
4,496,0.06461814790964127,79.36619567871094
4,497,0.3210882544517517,1.6994194984436035
4,498,0.018108220770955086,0.4111880362033844
4,499,0.02025611884891987,0.5181837677955627
4,500,0.014180582016706467,0.3234529495239258
4,501,0.4571233093738556,27.12198257446289
4,502,0.5701911449432373,5.697279930114746
4,503,0.0157238207757473,0.38772639632225037
4,504,0.01845216192305088,0.4609476625919342
4,505,0.01762644201517105,0.4637877941131592
4,506,0.015936225652694702,0.38887742161750793
4,507,0.3958832621574402,2.1241352558135986
4,508,0.01254800334572792,0.29765626788139343
4,509,0.6615414619445801,3.4087297916412354
4,510,0.00950801931321621,0.1845632791519165
4,511,0.2788945734500885,2.6250522136688232
4,512,0.16743141412734985,58.14753341674805
4,513,0.011075951159000397,0.25971612334251404
4,514,0.011844677850604057,0.23291940987110138
4,515,0.01152501255273819,0.24365471303462982
4,516,0.02528340183198452,17.865856170654297
4,517,0.012839922681450844,0.29139506816864014
4,518,0.3451662063598633,2.0140647888183594
4,519,0.011568143963813782,0.2658153176307678
4,520,0.013858126476407051,0.3653741180896759
4,521,0.009539748542010784,0.18281982839107513
4,522,0.012125497683882713,0.45055100321769714
4,523,1.0196613073349,5.634610652923584
4,524,0.01084380317479372,0.25902003049850464
4,525,0.008800916373729706,0.19957153499126434
4,526,0.3430120646953583,2.0456018447875977
4,527,0.009729340672492981,0.24797724187374115
4,528,0.2805325984954834,3.5466489791870117
4,529,0.33631381392478943,1.9552884101867676
4,530,0.011777331121265888,0.2837303876876831
4,531,0.27196332812309265,2.7362730503082275
4,532,0.32189643383026123,1.6665289402008057
4,533,0.3278151750564575,1.8382046222686768
4,534,0.01611197739839554,0.40630507469177246
4,535,0.3091208338737488,1.8555151224136353
4,536,0.030146053060889244,12.186300277709961
4,537,0.023112881928682327,0.6517986059188843
4,538,0.021554337814450264,0.5503747463226318
4,539,0.02596874348819256,0.71901535987854
4,540,0.25370335578918457,1.6077847480773926
4,541,0.024482963606715202,0.6556627750396729
4,542,0.017260614782571793,0.4318583905696869
4,543,0.43122053146362305,15.582780838012695
4,544,0.020756522193551064,0.45916882157325745
4,545,0.29266154766082764,1.9067493677139282
4,546,0.021060917526483536,0.4777722656726837
4,547,0.37094956636428833,1.9696831703186035
4,548,0.02038492076098919,0.4077471196651459
4,549,0.018727928400039673,0.4431913197040558
4,550,0.01795823499560356,0.3802644610404968
4,551,0.023046452552080154,0.7673388719558716
4,552,0.6437979340553284,13.995281219482422
4,553,0.34429624676704407,2.613215446472168
4,554,0.4041457772254944,4.12141752243042
4,555,0.012491135857999325,0.2555915117263794
4,556,0.6905828714370728,3.5554628372192383
4,557,0.015378414653241634,1.4907121658325195
4,558,0.35439565777778625,1.6816719770431519
4,559,0.3107926547527313,1.7600980997085571
4,560,0.3169657289981842,17.507404327392578
4,561,0.6322476863861084,3.4942128658294678
4,562,0.019019102677702904,0.4747353494167328
4,563,0.551006555557251,3.0618739128112793
4,564,0.3059174418449402,2.1729681491851807
4,565,0.030805323272943497,0.8316479921340942
4,566,0.27060750126838684,1.3232712745666504
4,567,0.7742401957511902,4.288942337036133
4,568,0.0375199057161808,0.9656304717063904
4,569,0.25950807332992554,1.5706812143325806
4,570,0.3637891411781311,74.33943176269531
4,571,0.03966668248176575,0.9871377944946289
4,572,0.05051807686686516,1.224159836769104
4,573,0.04036257788538933,0.9083117842674255
4,574,0.03559863567352295,0.7684369683265686
4,575,0.03071107156574726,0.6063094735145569
4,576,0.03053963929414749,0.5999008417129517
4,577,0.29052168130874634,1.3766136169433594
4,578,0.022271113470196724,0.43212151527404785
4,579,0.020447034388780594,0.3900083303451538
4,580,0.6129924654960632,3.0902154445648193
4,581,0.016096798703074455,0.3124343156814575
4,582,0.015353115275502205,0.3110097050666809
4,583,0.013859289698302746,0.2836206257343292
4,584,0.3423433005809784,1.7828863859176636
4,585,0.010908923111855984,0.20585767924785614
4,586,0.31453415751457214,1.8966822624206543
4,587,0.6813523173332214,3.240006446838379
4,588,0.012279869057238102,0.26965346932411194
4,589,0.011450834572315216,0.22779662907123566
4,590,0.6506279706954956,3.8861069679260254
4,591,0.010542260482907295,0.20810924470424652
4,592,0.015486094169318676,3.283270835876465
4,593,0.6631833910942078,3.0784268379211426
4,594,0.016049515455961227,0.39040881395339966
4,595,0.01548045314848423,0.37239870429039
4,596,0.24113038182258606,43.06915283203125
4,597,0.0182629581540823,0.45883145928382874
4,598,0.31925463676452637,12.743882179260254
4,599,0.29005974531173706,2.3014743328094482
4,600,0.303582102060318,1.8474907875061035
4,601,0.014079795219004154,0.3333450257778168
4,602,0.015379541553556919,0.3706403374671936
4,603,0.5758190155029297,32.948246002197266
4,604,0.24979065358638763,1.768485188484192
4,605,0.021324140951037407,0.5305788516998291
4,606,0.024138368666172028,1.14951491355896
4,607,0.3020271956920624,1.8281365633010864
4,608,0.47389960289001465,4.950740337371826
4,609,0.01922520063817501,0.45736929774284363
4,610,0.32103419303894043,1.7332185506820679
4,611,0.02059345878660679,0.44804850220680237
4,612,0.273734986782074,1.8100643157958984
4,613,0.267513245344162,14.137832641601562
4,614,0.021745875477790833,0.4945886731147766
4,615,0.025908833369612694,0.5532426238059998
4,616,0.31965675950050354,1.5663623809814453
4,617,0.026942573487758636,0.596289873123169
4,618,0.023882057517766953,0.5702917575836182
4,619,0.023111579939723015,0.5635563135147095
